{
  "scene_id": "98_Sentosa_simplified_obstacle",
  "scene_index": 3,
  "scenario": "A guided wheelchair tour moves from the northern drop-off to the sea-view terrace near the south, with escorts pacing the group.",
  "category": "Disability",
  "crowd_size_label": "0-50",
  "crowd_size": 12,
  "ungrouped_agents": 12,
  "event_center_px": [
    240.0,
    575.0
  ],
  "event_center_m": [
    143.28535439446568,
    14.925557749345899
  ],
  "goal_location_raw": {
    "type": "gaussian_mixture_truncated_to_walkable",
    "components": [
      {
        "weight": 0.52,
        "mean_px": [
          240,
          575
        ],
        "sigma_px": [
          22,
          22
        ],
        "support_radius_px": 55
      },
      {
        "weight": 0.18,
        "mean_px": [
          260,
          110
        ],
        "sigma_px": [
          24,
          24
        ],
        "support_radius_px": 55
      },
      {
        "weight": 0.15,
        "mean_px": [
          140,
          540
        ],
        "sigma_px": [
          24,
          20
        ],
        "support_radius_px": 55
      },
      {
        "weight": 0.15,
        "mean_px": [
          360,
          500
        ],
        "sigma_px": [
          24,
          20
        ],
        "support_radius_px": 55
      }
    ]
  },
  "goals_px": [
    [
      249.59477721480445,
      539.3885499305043
    ],
    [
      199.3065855185241,
      135.3019156306778
    ],
    [
      176.53196810727226,
      528.8951124965473
    ],
    [
      357.2899773816895,
      531.191179295067
    ]
  ],
  "goals_m": [
    [
      149.0136504508555,
      36.18638793134596
    ],
    [
      118.99047807976604,
      277.43512377064326
    ],
    [
      105.39352338388562,
      42.45120418773149
    ],
    [
      213.31008762679994,
      41.08040108383284
    ]
  ],
  "initial_state": [
    [
      26.866003949195147,
      311.64564580642036,
      0.46872449195903426,
      -0.1740613415946953,
      118.99047807976604,
      277.43512377064326
    ],
    [
      74.03076643683016,
      352.2431628846389,
      0.0503616380761552,
      -0.4974572397807538,
      105.39352338388562,
      42.45120418773149
    ],
    [
      12.537468509748578,
      320.60098045601626,
      0.2163103694266855,
      -0.4507880034766795,
      149.0136504508555,
      36.18638793134596
    ],
    [
      200.00247384048998,
      324.78013662583544,
      0.023427934264030767,
      -0.4994508303087705,
      213.31008762679994,
      41.08040108383284
    ],
    [
      70.44863257743418,
      16.716624679247616,
      0.4026065143589614,
      0.29649282385199044,
      105.39352338388562,
      42.45120418773149
    ],
    [
      133.73299743421376,
      293.73497650719946,
      -0.33539452818719095,
      -0.3708240963881549,
      118.99047807976604,
      277.43512377064326
    ],
    [
      2.9851115494966507,
      322.3920473859471,
      0.4662141733394682,
      -0.18067746007013813,
      118.99047807976604,
      277.43512377064326
    ],
    [
      29.254093188792467,
      346.272939784918,
      0.39671794718236214,
      -0.30432691366918646,
      118.99047807976604,
      277.43512377064326
    ],
    [
      167.16624679230154,
      80.00098953649285,
      -0.19137765783222052,
      -0.4619248770987048,
      149.0136504508555,
      36.18638793134596
    ],
    [
      183.2858491614461,
      127.76277433443465,
      0.16364679137971894,
      -0.47246135045220655,
      213.31008762679994,
      41.08040108383284
    ],
    [
      190.4501168821007,
      319.4069358360721,
      -0.43113383329766797,
      -0.2532264160510484,
      118.99047807976604,
      277.43512377064326
    ],
    [
      41.791561698541045,
      139.70322053390555,
      0.27366719485457897,
      -0.4184570067049014,
      105.39352338388562,
      42.45120418773149
    ]
  ],
  "groups": [],
  "towards_event": true,
  "assets": {
    "obstacle_png": "downloads/maps/simplified_obstacles/98_Sentosa_simplified_obstacle.png",
    "homography": "downloads/google_maps/homographies/98_Sentosa_simplified_obstacle.txt",
    "anchored_obstacles": "preprocess/pysfm_obstacles_meter_close_shape/98_Sentosa_simplified_obstacle.npz"
  }
}