{
  "scene_id": "98_Sentosa_simplified_obstacle",
  "scene_index": 4,
  "scenario": "A mobility clinic practices controlled rolling and assistance routines at the central plaza with cones and markers.",
  "category": "Disability",
  "crowd_size_label": "0-50",
  "crowd_size": 30,
  "ungrouped_agents": 15,
  "event_center_px": [
    260.0,
    320.0
  ],
  "event_center_m": [
    155.2258005924523,
    167.166246792709
  ],
  "goal_location_raw": {
    "type": "gaussian_mixture_truncated_to_walkable",
    "components": [
      {
        "weight": 0.6,
        "mean_px": [
          260,
          320
        ],
        "sigma_px": [
          20,
          20
        ],
        "support_radius_px": 55
      },
      {
        "weight": 0.16,
        "mean_px": [
          120,
          350
        ],
        "sigma_px": [
          22,
          22
        ],
        "support_radius_px": 60
      },
      {
        "weight": 0.12,
        "mean_px": [
          360,
          120
        ],
        "sigma_px": [
          22,
          22
        ],
        "support_radius_px": 60
      },
      {
        "weight": 0.12,
        "mean_px": [
          140,
          540
        ],
        "sigma_px": [
          22,
          20
        ],
        "support_radius_px": 55
      }
    ]
  },
  "goals_px": [
    [
      283.13913570266686,
      340.7166065881371
    ],
    [
      113.70816658729429,
      372.3632086189585
    ],
    [
      333.31043140852614,
      102.25141060881184
    ],
    [
      154.67250246250046,
      544.0937582321277
    ]
  ],
  "goals_m": [
    [
      169.04038084112108,
      154.79797047263128
    ],
    [
      67.8863122779876,
      135.90424302537576
    ],
    [
      198.99376369826496,
      297.1670126246172
    ],
    [
      92.34293470904231,
      33.377273602207424
    ]
  ],
  "initial_state": [
    [
      1.7910669296979904,
      339.1086720652238,
      0.5868734665846274,
      -0.12481800438615537,
      198.99376369826496,
      297.1670126246172
    ],
    [
      247.76425863988698,
      333.73547127546044,
      -0.24162099633923362,
      -0.5491987746964081,
      169.04038084112108,
      154.79797047263128
    ],
    [
      302.09328884631395,
      344.48187285498716,
      -0.44807143580448244,
      -0.399038830712137,
      67.8863122779876,
      135.90424302537576
    ],
    [
      109.85210503451526,
      355.8252967445005,
      -0.032532524611494036,
      -0.5991173798533995,
      92.34293470904231,
      33.377273602207424
    ],
    [
      310.4516011867672,
      331.3473820355721,
      -0.5736325740901933,
      -0.1759138139620048,
      198.99376369826496,
      297.1670126246172
    ],
    [
      246.57021402008832,
      101.4937926955754,
      -0.4944179573148524,
      0.3399277621563275,
      169.04038084112108,
      154.79797047263128
    ],
    [
      45.970717867836356,
      300.302221916907,
      0.5998741063161713,
      -0.012290507368482384,
      198.99376369826496,
      297.1670126246172
    ],
    [
      104.47890424542129,
      284.1826195476169,
      0.5944169751249967,
      0.08166063729391958,
      198.99376369826496,
      297.1670126246172
    ],
    [
      375.5270329732448,
      82.98610108636785,
      -0.5667062313447611,
      0.19708893260408641,
      169.04038084112108,
      154.79797047263128
    ],
    [
      151.04664442315698,
      4.776178479776718,
      -0.5393872213881002,
      0.2627954059781571,
      92.34293470904231,
      33.377273602207424
    ],
    [
      1.1940446197986603,
      312.2426681163779,
      0.21225068029626143,
      -0.5612037497324606,
      67.8863122779876,
      135.90424302537576
    ],
    [
      130.15086357481778,
      315.2277796662529,
      0.5803602992997261,
      -0.15225610988309235,
      198.99376369826496,
      297.1670126246172
    ],
    [
      120.00148430466652,
      268.6600394882844,
      0.5643734493642069,
      0.20367280047357086,
      198.99376369826496,
      297.1670126246172
    ],
    [
      139.70322053320706,
      169.55433603259735,
      0.5360132170074902,
      -0.26961051758653837,
      169.04038084112108,
      154.79797047263128
    ],
    [
      166.5692244824022,
      271.04812872817274,
      0.46725856747199646,
      0.376389998703496,
      198.99376369826496,
      297.1670126246172
    ],
    [
      253.13745942898095,
      305.67542270667036,
      -0.5927260821111061,
      -0.09314392940615238,
      198.99376369826496,
      297.1670126246172
    ],
    [
      226.2714554797858,
      289.5558203373803,
      -0.5779242904433701,
      0.1612560526477289,
      198.99376369826496,
      297.1670126246172
    ],
    [
      20.29875853843987,
      275.2272848979919,
      0.19393679583721088,
      -0.5677926727427856,
      67.8863122779876,
      135.90424302537576
    ],
    [
      2.3880892395973206,
      290.1528426473669,
      0.23451020280087614,
      -0.5522725457437586,
      67.8863122779876,
      135.90424302537576
    ],
    [
      123.5836181640625,
      174.33051451240317,
      0.5512625087038172,
      -0.23687474854355806,
      169.04038084112108,
      154.79797047263128
    ],
    [
      378.51214452274144,
      122.3895735446713,
      -0.5929453909442463,
      0.09173746976004311,
      169.04038084112108,
      154.79797047263128
    ],
    [
      373.7359660435468,
      168.9573137226398,
      -0.5985696727873158,
      -0.041404671466947,
      169.04038084112108,
      154.79797047263128
    ],
    [
      253.73448173888028,
      68.6575656470086,
      -0.42065712687615914,
      0.42784060303843874,
      169.04038084112108,
      154.79797047263128
    ],
    [
      338.511649755761,
      10.149379269540077,
      -0.45636796049553696,
      0.3895231503173386,
      169.04038084112108,
      154.79797047263128
    ],
    [
      140.3002428431064,
      8.35831233963836,
      -0.5319611107360884,
      0.2775200473198775,
      92.34293470904231,
      33.377273602207424
    ],
    [
      19.70173622854054,
      110.44912734517129,
      0.5305200629141025,
      0.2802649868349895,
      67.8863122779876,
      135.90424302537576
    ],
    [
      77.61290029622614,
      119.40446199479629,
      -0.304696826529351,
      0.5168750757223088,
      67.8863122779876,
      135.90424302537576
    ],
    [
      194.629273051396,
      24.477914708928438,
      -0.5977418836369577,
      0.052006158732805466,
      92.34293470904231,
      33.377273602207424
    ],
    [
      139.10619822330773,
      247.76425863918848,
      0.46284099161171055,
      0.38180913619750956,
      198.99376369826496,
      297.1670126246172
    ],
    [
      160.5990013834089,
      104.4789042454504,
      0.09926712814777512,
      0.5917313894574913,
      169.04038084112108,
      154.79797047263128
    ]
  ],
  "groups": [
    [
      5,
      21
    ],
    [
      7,
      12
    ],
    [
      9,
      20,
      27
    ],
    [
      2,
      14,
      17,
      18
    ],
    [
      0,
      4,
      15,
      16
    ]
  ],
  "towards_event": true,
  "assets": {
    "obstacle_png": "downloads/maps/simplified_obstacles/98_Sentosa_simplified_obstacle.png",
    "homography": "downloads/google_maps/homographies/98_Sentosa_simplified_obstacle.txt",
    "anchored_obstacles": "preprocess/pysfm_obstacles_meter_close_shape/98_Sentosa_simplified_obstacle.npz"
  }
}