{
  "scene_id": "98_Sentosa_simplified_obstacle",
  "scene_index": 5,
  "scenario": "Assisted elderly passengers queue for a shuttle at the east-central pick-up bay while caretakers guide them in.",
  "category": "Disability",
  "crowd_size_label": "0-50",
  "crowd_size": 43,
  "ungrouped_agents": 26,
  "event_center_px": [
    370.0,
    300.0
  ],
  "event_center_m": [
    220.89825469069183,
    179.1066929921799
  ],
  "goal_location_raw": {
    "type": "gaussian_mixture_truncated_to_walkable",
    "components": [
      {
        "weight": 0.55,
        "mean_px": [
          370,
          300
        ],
        "sigma_px": [
          20,
          18
        ],
        "support_radius_px": 55
      },
      {
        "weight": 0.15,
        "mean_px": [
          260,
          110
        ],
        "sigma_px": [
          22,
          22
        ],
        "support_radius_px": 60
      },
      {
        "weight": 0.15,
        "mean_px": [
          240,
          575
        ],
        "sigma_px": [
          22,
          22
        ],
        "support_radius_px": 60
      },
      {
        "weight": 0.15,
        "mean_px": [
          120,
          350
        ],
        "sigma_px": [
          22,
          22
        ],
        "support_radius_px": 60
      }
    ]
  },
  "goals_px": [
    [
      371.6455574711217,
      329.47272708290706
    ],
    [
      239.6394184163087,
      103.45028473367259
    ],
    [
      267.5950787238119,
      588.3590443556343
    ],
    [
      137.2414004321111,
      322.73245079628026
    ]
  ],
  "goals_m": [
    [
      221.8806892130524,
      161.5108173879271
    ],
    [
      143.0700791440904,
      296.45125802521943
    ],
    [
      159.7602320369333,
      6.949910229101079
    ],
    [
      81.93617790937424,
      165.53491270641098
    ]
  ],
  "initial_state": [
    [
      185.67393840104342,
      328.9592927956546,
      -0.39750008556031047,
      -0.3033046026349516,
      143.0700791440904,
      296.45125802521943
    ],
    [
      194.629273051396,
      173.136469892459,
      0.4598989419800386,
      -0.196196236369715,
      221.8806892130524,
      161.5108173879271
    ],
    [
      250.74937018938363,
      246.5702140192443,
      -0.45075635252496293,
      -0.21637631723086365,
      81.93617790937424,
      165.53491270641098
    ],
    [
      63.881387166678905,
      284.1826195476169,
      0.16342388214390902,
      -0.47253850080709164,
      159.7602320369333,
      6.949910229101079
    ],
    [
      199.40545153059065,
      71.04565488689695,
      -0.2630185387608322,
      -0.4252308176368648,
      159.7602320369333,
      6.949910229101079
    ],
    [
      120.59850661456585,
      301.4962665368512,
      0.4878564102675444,
      -0.10952681388986645,
      143.0700791440904,
      296.45125802521943
    ],
    [
      207.1667415611446,
      205.9726969410258,
      0.1570884850915764,
      -0.47468221775376584,
      221.8806892130524,
      161.5108173879271
    ],
    [
      154.62877828255296,
      295.5260434371303,
      -0.4984058610099495,
      0.0398948331357705,
      143.0700791440904,
      296.45125802521943
    ],
    [
      315.22777966596186,
      3.5821338598325383,
      -0.4998827280381141,
      0.010828582971600916,
      159.7602320369333,
      6.949910229101079
    ],
    [
      354.6312521249056,
      339.1086720652238,
      -0.49013594696652474,
      -0.09882688647948008,
      143.0700791440904,
      296.45125802521943
    ],
    [
      325.3771589361131,
      350.45209595473716,
      -0.4794105687427005,
      -0.14200530475232429,
      143.0700791440904,
      296.45125802521943
    ],
    [
      256.1225709784776,
      343.8848505450005,
      -0.46106157319565727,
      -0.19344825076062488,
      143.0700791440904,
      296.45125802521943
    ],
    [
      3.582133859395981,
      277.6153741379094,
      0.28648014183145437,
      -0.4097915669413291,
      81.93617790937424,
      165.53491270641098
    ],
    [
      55.52307482808828,
      53.134985587676056,
      0.45713749450614977,
      -0.2025470590175031,
      159.7602320369333,
      6.949910229101079
    ],
    [
      149.255577493459,
      135.52406436408637,
      -0.45667608478876937,
      0.20358524893027183,
      81.93617790937424,
      165.53491270641098
    ],
    [
      275.2272848971188,
      339.1086720652238,
      -0.47582688967852454,
      -0.15358636351857932,
      143.0700791440904,
      296.45125802521943
    ],
    [
      34.03027166798711,
      100.89677038558875,
      0.2977172992142177,
      0.40170189164178943,
      81.93617790937424,
      165.53491270641098
    ],
    [
      56.120097137987614,
      53.134985587676056,
      0.4567047282978951,
      -0.20352098454544146,
      159.7602320369333,
      6.949910229101079
    ],
    [
      191.04713919200003,
      267.4659948683402,
      -0.4279612345680423,
      0.25855208702889454,
      143.0700791440904,
      296.45125802521943
    ],
    [
      238.80892398953438,
      66.26947640709113,
      -0.0874988342112044,
      0.4922844238970802,
      221.8806892130524,
      161.5108173879271
    ],
    [
      223.28634393028915,
      215.52505390060833,
      -0.013007487180535543,
      -0.4998307766407029,
      221.8806892130524,
      161.5108173879271
    ],
    [
      185.07691609114408,
      150.44962211343227,
      0.4788412376343841,
      0.1439134084815288,
      221.8806892130524,
      161.5108173879271
    ],
    [
      8.955334650352597,
      255.5255486688693,
      0.3149412377539882,
      -0.38834522883896216,
      81.93617790937424,
      165.53491270641098
    ],
    [
      134.3300197441131,
      232.24167857988505,
      0.06743697354196132,
      0.4954313823321054,
      143.0700791440904,
      296.45125802521943
    ],
    [
      225.67443316988647,
      73.43374412678531,
      -0.021516550621685875,
      0.49953682351688994,
      221.8806892130524,
      161.5108173879271
    ],
    [
      185.07691609114408,
      83.5831233963545,
      -0.15684360718482412,
      -0.4747631861099306,
      159.7602320369333,
      6.949910229101079
    ],
    [
      201.79354077205062,
      240.00296860953677,
      0.12396157683353246,
      -0.4843898507080265,
      221.8806892130524,
      161.5108173879271
    ],
    [
      120.59850661456585,
      16.119602369290078,
      0.48683255158226996,
      -0.11399152038593265,
      159.7602320369333,
      6.949910229101079
    ],
    [
      198.211406910792,
      223.28634393026005,
      0.1788933011653346,
      -0.4669016885792649,
      221.8806892130524,
      161.5108173879271
    ],
    [
      286.5707087870687,
      350.45209595473716,
      -0.4679626111074331,
      -0.17609938843026493,
      143.0700791440904,
      296.45125802521943
    ],
    [
      377.9151222128421,
      78.20992260659114,
      -0.4410795620511504,
      0.23547573110782632,
      221.8806892130524,
      161.5108173879271
    ],
    [
      199.40545153059065,
      88.95632418611785,
      0.14794935727134134,
      0.4776096603744495,
      221.8806892130524,
      161.5108173879271
    ],
    [
      318.2128912154585,
      327.76524817571044,
      -0.4921950590120877,
      -0.08800013570493806,
      143.0700791440904,
      296.45125802521943
    ],
    [
      325.3771589361131,
      39.40347245827434,
      -0.32328933306668417,
      0.3814236583188024,
      221.8806892130524,
      161.5108173879271
    ],
    [
      79.40396722592413,
      23.880892398941796,
      0.4892578569548319,
      -0.10308612616625565,
      159.7602320369333,
      6.949910229101079
    ],
    [
      41.791561698541045,
      167.76326910269563,
      0.4992314847197932,
      -0.027711453669392202,
      81.93617790937424,
      165.53491270641098
    ],
    [
      143.88237670436502,
      204.7786523210816,
      -0.42237517824357074,
