{
  "scene_id": "98_Sentosa_simplified_obstacle",
  "scene_index": 6,
  "scenario": "A school group walks together from the northern entrance to a group-photo spot near the southwest seating area.",
  "category": "Cohesive",
  "crowd_size_label": "50-100",
  "crowd_size": 56,
  "ungrouped_agents": 29,
  "event_center_px": [
    140.0,
    570.0
  ],
  "event_center_m": [
    83.58312339708209,
    17.9106692992209
  ],
  "goal_location_raw": {
    "type": "gaussian_mixture_truncated_to_walkable",
    "components": [
      {
        "weight": 0.58,
        "mean_px": [
          140,
          570
        ],
        "sigma_px": [
          24,
          22
        ],
        "support_radius_px": 60
      },
      {
        "weight": 0.14,
        "mean_px": [
          260,
          110
        ],
        "sigma_px": [
          24,
          24
        ],
        "support_radius_px": 60
      },
      {
        "weight": 0.14,
        "mean_px": [
          260,
          320
        ],
        "sigma_px": [
          26,
          26
        ],
        "support_radius_px": 65
      },
      {
        "weight": 0.14,
        "mean_px": [
          360,
          500
        ],
        "sigma_px": [
          24,
          22
        ],
        "support_radius_px": 60
      }
    ]
  },
  "goals_px": [
    [
      135.0724976822457,
      573.6121367148157
    ],
    [
      251.97525169500238,
      160.21977485335685
    ],
    [
      283.3175946617706,
      337.33077330592135
    ],
    [
      343.4917960244165,
      513.5175953192417
    ]
  ],
  "goals_m": [
    [
      80.64129457995296,
      15.75414309379994
    ],
    [
      150.43484682403505,
      262.55860589790973
    ],
    [
      169.14692482165992,
      156.8193884799839
    ],
    [
      205.07226551882923,
      51.63192501460435
    ]
  ],
  "initial_state": [
    [
      162.98709062300622,
      296.1230657470878,
      -0.3152528900691562,
      -0.8429801986423197,
      150.43484682403505,
      262.55860589790973
    ],
    [
      165.37517986260355,
      55.523074827564415,
      0.8957072529349032,
      -0.08779816079969638,
      205.07226551882923,
      51.63192501460435
    ],
    [
      38.806450149044394,
      271.04812872817274,
      0.6768534627102161,
      -0.5931857972146585,
      169.14692482165992,
      156.8193884799839
    ],
    [
      377.3180999029428,
      271.6451510381594,
      -0.6815154153846353,
      -0.587823730886316,
      80.64129457995296,
      15.75414309379994
    ],
    [
      201.1965184621513,
      286.5707087875053,
      -0.8135679364937868,
      -0.38484699909086184,
      150.43484682403505,
      262.55860589790973
    ],
    [
      77.01587798632681,
      137.3151312940172,
      0.880485701523272,
      0.1863999179535006,
      169.14692482165992,
      156.8193884799839
    ],
    [
      5.373200789093971,
      294.331998817157,
      0.8791579101118894,
      -0.19256523333066897,
      150.43484682403505,
      262.55860589790973
    ],
    [
      161.79304600320756,
      182.0918045420549,
      0.2514565871446022,
      -0.8641583100228737,
      169.14692482165992,
      156.8193884799839
    ],
    [
      8.955334650352597,
      123.58361816461547,
      0.4982656451604103,
      -0.7494873893888276,
      80.64129457995296,
      15.75414309379994
    ],
    [
      42.985606318339705,
      86.5682349462295,
      0.4225521182322296,
      -0.7946380983677134,
      80.64129457995296,
      15.75414309379994
    ],
    [
      211.3458977304399,
      2.388089239888359,
      -0.11374008741887268,
      0.8927839562368642,
      205.07226551882923,
      51.63192501460435
    ],
    [
      76.41885567642748,
      132.53895281421137,
      0.8706476270816608,
      0.22797523869287492,
      169.14692482165992,
      156.8193884799839
    ],
    [
      16.11960236914456,
      216.7190985205525,
      0.8517618570747757,
      0.2906918279424614,
      150.43484682403505,
      262.55860589790973
    ],
    [
      257.9136379081756,
      350.45209595473716,
      -0.6967003886948601,
      -0.5697443008863107,
      150.43484682403505,
      262.55860589790973
    ],
    [
      71.04565488733351,
      27.46302625880344,
      0.5704709529112723,
      -0.6961055177805339,
      80.64129457995296,
      15.75414309379994
    ],
    [
      150.44962211325765,
      225.6744331701484,
      -0.00036052751763058263,
      0.8999999277888354,
      150.43484682403505,
      262.55860589790973
    ],
    [
      91.34441342577338,
      182.0918045420549,
      0.8559739877733953,
      -0.27804411926043604,
      169.14692482165992,
      156.8193884799839
    ],
    [
      151.6436667330563,
      353.43720750458306,
      -0.01197027317288933,
      -0.8999203923459934,
      150.43484682403505,
      262.55860589790973
    ],
    [
      42.388584008440375,
      264.4808833184652,
      0.8998575960425613,
      -0.01600958601909441,
      150.43484682403505,
      262.55860589790973
    ],
    [
      183.88287147134542,
      247.16723632923095,
      -0.8175924165794929,
      0.3762215309517852,
      150.43484682403505,
      262.55860589790973
    ],
    [
      143.88237670436502,
      254.33150404892513,
      0.5607000503641879,
      0.7039996118760274,
      150.43484682403505,
      262.55860589790973
    ],
    [
      213.1369646601379,
      240.00296860953677,
      -0.846872359506799,
      0.30464275258634854,
      150.43484682403505,
      262.55860589790973
    ],
    [
      188.6590499524027,
      128.3597966443922,
      -0.5089218788837959,
      0.7422927462890816,
      169.14692482165992,
      156.8193884799839
    ],
    [
      183.88287147134542,
      153.43473366330727,
      -0.8771596105746176,
      0.2014721260536688,
      169.14692482165992,
      156.8193884799839
    ],
    [
      266.8689725585282,
      45.970717867981875,
      -0.8962470151546903,
      0.08210534590578258,
      205.07226551882923,
      51.63192501460435
    ],
    [
      287.16773109696805,
      352.2431628846389,
      -0.752560237759559,
      -0.4936122856486413,
      150.43484682403505,
      262.55860589790973
    ],
    [
      125.97170740365982,
      87.76227956617367,
      0.47711445883522957,
      0.7631263284478961,
      169.14692482165992,
      156.8193884799839
    ],
    [
      22.686847779899836,
      357.61636367440224,
      0.7220383773954175,
      -0.5372714226237915,
      150.43484682403505,
      262.55860589790973
    ],
    [
      15.522580059245229,
      105.67294886539457,
      0.5278859336348294,
      -0.7289282825288675,
      80.64129457995296,
      15.75414309379994
    ],
    [
      205.3756746314466,
      113.43423889504629,
      -0.5768653584147625,
      0.6908157194657687,
      169.14692482165992,
      156.8193884799839
    ],
    [
      227.46550009958446,
      317.61586890617036,
      -0.7322010850650317,
      -0.5233369574467203,
      150.43484682403505,
      262.55860589790973
    ],
    [
      98.50868114642799,
      349.8550736447505,
      0.4600998054556139,
      -0.7735038261183368,
      150.43484682403505,
      262.55860589790973
    ],
    [
      99.10570345632732,
      223.8833662402467,
      0.7187991782196615,
      0.5415973978803251,
      150.43484682403505,
      262.55860589790973
    ],
    [
      343.884850544855,
      349.258051334793,
      -0.8212893253036805,
      -0.3680813009950729,
      150.43484682403505,
      262.55860589790973
    ],
    [
      294.33199881762266,
      7.164267719665077,
      -0.8055691958041911,
      0.401320658291333,
      205.07226551882923,
      51.63192501460435
    ],
    [
      222.0922993104905,
      247.76425863918848,
      -0.8814107650505,
      0.1819754468413043,
      150.43484682403505,
      262.55860589790973
    ],
    [
      114.03126120567322,
      176.71860375229153,
      0.8465164818909316,
