{
  "scene_id": "98_Sentosa_simplified_obstacle",
  "scene_index": 7,
  "scenario": "A corporate team-building cohort moves as one toward a central activity station set up in the main plaza.",
  "category": "Cohesive",
  "crowd_size_label": "50-100",
  "crowd_size": 59,
  "ungrouped_agents": 23,
  "event_center_px": [
    300.0,
    300.0
  ],
  "event_center_m": [
    179.10669299215078,
    179.1066929921799
  ],
  "goal_location_raw": {
    "type": "gaussian_mixture_truncated_to_walkable",
    "components": [
      {
        "weight": 0.6,
        "mean_px": [
          300,
          300
        ],
        "sigma_px": [
          22,
          22
        ],
        "support_radius_px": 60
      },
      {
        "weight": 0.16,
        "mean_px": [
          120,
          350
        ],
        "sigma_px": [
          24,
          24
        ],
        "support_radius_px": 60
      },
      {
        "weight": 0.12,
        "mean_px": [
          360,
          120
        ],
        "sigma_px": [
          24,
          24
        ],
        "support_radius_px": 60
      },
      {
        "weight": 0.12,
        "mean_px": [
          240,
          575
        ],
        "sigma_px": [
          24,
          24
        ],
        "support_radius_px": 60
      }
    ]
  },
  "goals_px": [
    [
      303.26766231554393,
      299.29372457392947
    ],
    [
      154.2944144458158,
      345.2159532320058
    ],
    [
      345.018450108303,
      65.87297538812477
    ],
    [
      219.79352324519385,
      597.4437470416913
    ]
  ],
  "goals_m": [
    [
      181.0575602967292,
      179.52835517853964
    ],
    [
      92.11720772832632,
      152.11176014592638
    ],
    [
      205.98371206782758,
      318.88575005330495
    ],
    [
      131.22163696587086,
      1.52614004604402
    ]
  ],
  "initial_state": [
    [
      205.97269694134593,
      78.20992260659114,
      -0.2387950621238731,
      0.971069986306474,
      181.0575602967292,
      179.52835517853964
    ],
    [
      241.79403553903103,
      171.9424252725148,
      -0.9913370989367196,
      -0.13134213441134787,
      92.11720772832632,
      152.11176014592638
    ],
    [
      198.80842922069132,
      287.76475340744946,
      0.224666697789826,
      0.9744356699670919,
      205.98371206782758,
      318.88575005330495
    ],
    [
      41.791561698541045,
      218.51016545048333,
      0.38105476496813434,
      -0.9245524680055102,
      131.22163696587086,
      1.52614004604402
    ],
    [
      94.92654728516936,
      77.6129002966045,
      -0.03768304918618863,
      0.9992897416685669,
      92.11720772832632,
      152.11176014592638
    ],
    [
      305.6754227075726,
      16.716624679247616,
      -0.9962304335808071,
      -0.08674631523815383,
      131.22163696587086,
      1.52614004604402
    ],
    [
      222.0922993104905,
      356.42231905445806,
      -0.3943636463191926,
      -0.918954468111359,
      205.98371206782758,
      318.88575005330495
    ],
    [
      254.3315040487796,
      291.3468872673111,
      -0.8689270683657181,
      0.4949401477566341,
      205.98371206782758,
      318.88575005330495
    ],
    [
      185.67393840104342,
      201.7935407712066,
      -0.20301837066441156,
      -0.9791749287909528,
      181.0575602967292,
      179.52835517853964
    ],
    [
      93.7325026653707,
      188.65904995176243,
      -0.04415428851068822,
      -0.999024723821245,
      92.11720772832632,
      152.11176014592638
    ],
    [
      189.25607226230204,
      325.3771589358221,
      0.9322639420008062,
      -0.3617788584827997,
      205.98371206782758,
      318.88575005330495
    ],
    [
      54.92605251818895,
      350.45209595473716,
      0.9788560286925879,
      -0.20455042188217462,
      205.98371206782758,
      318.88575005330495
    ],
    [
      197.01736229099333,
      180.30073761212407,
      -0.9988309913582324,
      -0.04833891498917604,
      181.0575602967292,
      179.52835517853964
    ],
    [
      219.70421007089317,
      81.79205646642367,
      -0.36771416642023225,
      0.9299388645571673,
      181.0575602967292,
      179.52835517853964
    ],
    [
      119.40446199476719,
      274.03324027804774,
      0.8879239309443888,
      0.4599903182201385,
      205.98371206782758,
      318.88575005330495
    ],
    [
      17.91066929884255,
      314.0337350463087,
      0.41661898444527445,
      -0.9090811964834539,
      92.11720772832632,
      152.11176014592638
    ],
    [
      228.0625224094838,
      93.73250266589457,
      -0.48048383447549825,
      0.8770035831213701,
      181.0575602967292,
      179.52835517853964
    ],
    [
      98.50868114642799,
      74.03076643677196,
      -0.08158409483224216,
      0.9966664614957222,
      92.11720772832632,
      152.11176014592638
    ],
    [
      278.2123964484781,
      10.149379269540077,
      -0.9982836274202476,
      -0.05856448774361766,
      131.22163696587086,
      1.52614004604402
    ],
    [
      198.80842922069132,
      97.31463652575621,
      -0.21104802453426652,
      0.977475693477942,
      181.0575602967292,
      179.52835517853964
    ],
    [
      178.50967068225145,
      325.9741812457796,
      0.9682913410918209,
      -0.24982369536655866,
      205.98371206782758,
      318.88575005330495
    ],
    [
      11.940446199849248,
      207.7637638709275,
      0.8214962084319387,
      -0.5702139769700043,
      92.11720772832632,
      152.11176014592638
    ],
    [
      135.52406436391175,
      102.68783731551957,
      -0.6598890838398049,
      0.7513630261258953,
      92.11720772832632,
      152.11176014592638
    ],
    [
      257.9136379081756,
      149.85259980347473,
      -0.9328741675391773,
      0.36020242578040346,
      181.0575602967292,
      179.52835517853964
    ],
    [
      163.58411293290555,
      277.6153741379094,
      0.7165847475131586,
      0.6975000355781372,
      205.98371206782758,
      318.88575005330495
    ],
    [
      329.55631510540843,
      13.134490819415078,
      -0.9982915602046473,
      -0.05842910939053412,
      131.22163696587086,
      1.52614004604402
    ],
    [
      377.9151222128421,
      354.0342298145697,
      -0.9797365286863388,
      -0.20029062473726303,
      205.98371206782758,
      318.88575005330495
    ],
    [
      189.85309457220137,
      173.73349220241653,
      -0.8350538905480412,
      0.5501681560037621,
      181.0575602967292,
      179.52835517853964
    ],
    [
      234.03274551033974,
      123.58361816461547,
      -0.6875729969907292,
      0.726115262068762,
      181.0575602967292,
      179.52835517853964
    ],
    [
      328.36227048560977,
      43.58262862809352,
      -0.7348726929785644,
      0.678205076001671,
      181.0575602967292,
      179.52835517853964
    ],
    [
      225.67443316988647,
      117.01637275487883,
      -0.5809403315248184,
      0.8139461476091857,
      181.0575602967292,
      179.52835517853964
    ],
    [
      234.03274551033974,
      150.44962211343227,
      -0.876618215339147,
      0.48118655897230656,
      181.0575602967292,
      179.52835517853964
    ],
    [
      62.090320236980915,
      26.26898163885926,
      0.9415126940940904,
      -0.33697751684598726,
      131.22163696587086,
      1.52614004604402
    ],
    [
      211.3458977304399,
      75.22481105671613,
      -0.27886677511438523,
      0.9603297984220331,
      181.0575602967292,
      179.52835517853964
    ],
    [
      244.18212477862835,
      214.33100928066415,
      -0.8757225326944421,
      -0.4828147115936214,
      181.0575602967292,
      179.52835517853964
    ],
    [
      360.00445291399956,
      14.328535439359257,
      -0.9984379778812505,
      -0.05587131933648382,
      131.22163696587086,
      1.52614004604402
    ],
    [
      68.65756564773619,
      195.8233176714566,
      0.47289063794154945,
