{
  "scene_id": "98_Sentosa_simplified_obstacle",
  "scene_index": 8,
  "scenario": "A guided tour group follows a flag-bearing guide to the east-side viewpoint while keeping tight formation.",
  "category": "Cohesive",
  "crowd_size_label": "50-100",
  "crowd_size": 97,
  "ungrouped_agents": 47,
  "event_center_px": [
    370.0,
    320.0
  ],
  "event_center_m": [
    220.89825469069183,
    167.166246792709
  ],
  "goal_location_raw": {
    "type": "gaussian_mixture_truncated_to_walkable",
    "components": [
      {
        "weight": 0.62,
        "mean_px": [
          370,
          320
        ],
        "sigma_px": [
          22,
          20
        ],
        "support_radius_px": 55
      },
      {
        "weight": 0.14,
        "mean_px": [
          260,
          110
        ],
        "sigma_px": [
          22,
          22
        ],
        "support_radius_px": 60
      },
      {
        "weight": 0.12,
        "mean_px": [
          120,
          350
        ],
        "sigma_px": [
          22,
          22
        ],
        "support_radius_px": 60
      },
      {
        "weight": 0.12,
        "mean_px": [
          240,
          575
        ],
        "sigma_px": [
          22,
          22
        ],
        "support_radius_px": 60
      }
    ]
  },
  "goals_px": [
    [
      341.3645867725711,
      337.23418928386116
    ],
    [
      251.09078203797182,
      87.45563891633833
    ],
    [
      75.3444815286741,
      335.5301432621619
    ],
    [
      250.93276351435225,
      552.3644368455502
    ]
  ],
  "goals_m": [
    [
      203.80227413773537,
      156.87705129591632
    ],
    [
      149.90679870545864,
      306.0004184182908
    ],
    [
      44.98233640566468,
      157.8944047880941
    ],
    [
      149.8124581221491,
      28.4394939513586
    ]
  ],
  "initial_state": [
    [
      2.9851115494966507,
      112.24019427510211,
      0.6431651449506002,
      0.6991699337934043,
      44.98233640566468,
      157.8944047880941
    ],
    [
      22.08982546813786,
      262.09279407857684,
      0.8984659131039235,
      0.30864057249547233,
      149.90679870545864,
      306.0004184182908
    ],
    [
      24.477914709597826,
      208.9578084909008,
      0.9123032388375115,
      -0.2649581106639051,
      203.80227413773537,
      156.87705129591632
    ],
    [
      4.179156169295311,
      162.39006831290317,
      0.6992111605074182,
      -0.6431203254616273,
      149.8124581221491,
      28.4394939513586
    ],
    [
      337.31760513596237,
      357.61636367440224,
      -0.9158976295061108,
      -0.25225291329355803,
      149.90679870545864,
      306.0004184182908
    ],
    [
      154.03175597265363,
      183.28584916199907,
      0.8391819082953125,
      -0.44527937835682174,
      203.80227413773537,
      156.87705129591632
    ],
    [
      49.55285172723234,
      307.4664896366012,
      0.9498986402993315,
      -0.0138770730876901,
      149.90679870545864,
      306.0004184182908
    ],
    [
      357.0193413645029,
      358.2133859843889,
      -0.9211785163652414,
      -0.2322286394636388,
      149.90679870545864,
      306.0004184182908
    ],
    [
      126.56872971355915,
      270.4511064182152,
      0.5213615369465272,
      0.7941549897801781,
      149.90679870545864,
      306.0004184182908
    ],
    [
      363.58658677339554,
      48.358807107870234,
      -0.7858889953523014,
      0.5337400931016427,
      203.80227413773537,
      156.87705129591632
    ],
    [
      245.97319171018898,
      254.92852635888266,
      -0.375342338709174,
      -0.8727073557455144,
      203.80227413773537,
      156.87705129591632
    ],
    [
      189.85309457220137,
      250.15234787910595,
      -0.5526783653828845,
      0.7726879217625332,
      149.90679870545864,
      306.0004184182908
    ],
    [
      109.25508272461593,
      80.5980118464795,
      0.5831507579414701,
      -0.7499567944303784,
      149.8124581221491,
      28.4394939513586
    ],
    [
      179.10669299215078,
      296.72008805707446,
      -0.9053739116146234,
      0.28774655544008837,
      149.90679870545864,
      306.0004184182908
    ],
    [
      176.71860375255346,
      302.0932888468378,
      -0.9400709729137492,
      0.13699111608055856,
      149.90679870545864,
      306.0004184182908
    ],
    [
      195.82331767119467,
      292.5409318872553,
      -0.9116407044680466,
      0.2672287895362389,
      149.90679870545864,
      306.0004184182908
    ],
    [
      102.6878373157233,
      146.86748825359973,
      -0.9331162800709931,
      0.1783087431015988,
      44.98233640566468,
      157.8944047880941
    ],
    [
      143.88237670436502,
      166.56922448272235,
      0.9378108826018221,
      -0.15169294140991355,
      203.80227413773537,
      156.87705129591632
    ],
    [
      240.59999091923237,
      14.328535439359257,
      -0.9387287712606323,
      0.14590508561220059,
      149.8124581221491,
      28.4394939513586
    ],
    [
      97.91165883652866,
      78.80694491654867,
      0.6817466524912018,
      -0.6616052462133598,
      149.8124581221491,
      28.4394939513586
    ],
    [
      346.86996209435165,
      41.791561698162695,
      -0.7402292627338097,
      0.5954499463368523,
      203.80227413773537,
      156.87705129591632
    ],
    [
      117.01637275516987,
      10.149379269540077,
      0.829695786612318,
      0.46271470873289394,
      149.8124581221491,
      28.4394939513586
    ],
    [
      78.8069449160248,
      167.76326910269563,
      -0.9119756921829575,
      -0.2660833269248854,
      44.98233640566468,
      157.8944047880941
    ],
    [
      194.03225074149668,
      313.4367127363512,
      -0.9367902110526605,
      -0.15787368519139552,
      149.90679870545864,
      306.0004184182908
    ],
    [
      188.06202764250338,
      154.62877828325145,
      0.9404548095121315,
      0.13433075323804455,
      203.80227413773537,
      156.87705129591632
    ],
    [
      152.83771135285497,
      91.94143573599285,
      -0.045207038148486506,
      -0.9489237712808344,
      149.8124581221491,
      28.4394939513586
    ],
    [
      373.13894373364747,
      58.508186377439415,
      -0.8214560657528578,
      0.47718961853527,
      203.80227413773537,
      156.87705129591632
    ],
    [
      217.31612083129585,
      137.3151312940172,
      -0.5399653341172789,
      0.7816248703512545,
      203.80227413773537,
      156.87705129591632
    ],
    [
      289.5558203365654,
      350.45209595473716,
      -0.9052459632673203,
      -0.2881488261093934,
      149.90679870545864,
      306.0004184182908
    ],
    [
      93.13548035547137,
      38.20942783833016,
      0.936192527013865,
      -0.16138014860382777,
      149.8124581221491,
      28.4394939513586
    ],
    [
      371.3478768039495,
      340.302716685168,
      -0.9388032365892593,
      -0.14542517997077037,
      149.90679870545864,
      306.0004184182908
    ],
    [
      103.88188193552196,
      253.13745942895184,
      0.6238105572230472,
      0.7164917226996214,
      149.90679870545864,
      306.0004184182908
    ],
    [
      157.01686752401292,
      190.45011688169325,
      0.771836149526893,
      -0.5538672749707276,
      203.80227413773537,
      156.87705129591632
    ],
    [
      59.702230997383595,
      296.1230657470878,
      0.9443553952811913,
      0.10340641857885208,
      149.90679870545864,
      306.0004184182908
    ],
    [
      40.000494768843055,
      266.271950248396,
      0.043623033492291984,
      -0.9489979088222115,
      44.98233640566468,
      157.8944047880941
    ],
    [
      133.13597512431443,
      337.317605135293,
      0.44848066346004434,
      -0.8374754291932619,
      149.90679870545864,
      306.0004184182908
    ],
    [
      170.74838065169752,
      56.717119447508594,
      -0.5652836754483843,
      -0.76351448334106,
