{
  "scene_id": "98_Sentosa_simplified_obstacle",
  "scene_index": 11,
  "scenario": "A lion dance draws a lively crowd in the north plaza near the boardwalk, with viewers circulating between nearby vantage points.",
  "category": "Expressive",
  "crowd_size_label": "50-100",
  "crowd_size": 75,
  "ungrouped_agents": 39,
  "event_center_px": [
    260.0,
    110.0
  ],
  "event_center_m": [
    155.2258005924523,
    292.5409318872553
  ],
  "goal_location_raw": {
    "type": "gaussian_mixture_truncated_to_walkable",
    "components": [
      {
        "weight": 0.56,
        "mean_px": [
          260,
          110
        ],
        "sigma_px": [
          20,
          20
        ],
        "support_radius_px": 55
      },
      {
        "weight": 0.16,
        "mean_px": [
          90,
          120
        ],
        "sigma_px": [
          20,
          20
        ],
        "support_radius_px": 55
      },
      {
        "weight": 0.14,
        "mean_px": [
          300,
          300
        ],
        "sigma_px": [
          22,
          22
        ],
        "support_radius_px": 60
      },
      {
        "weight": 0.14,
        "mean_px": [
          140,
          540
        ],
        "sigma_px": [
          22,
          22
        ],
        "support_radius_px": 60
      }
    ]
  },
  "goals_px": [
    [
      229.84486406767996,
      95.49339213925875
    ],
    [
      66.65578226274928,
      121.98382069228268
    ],
    [
      272.1171386377429,
      326.0464010078315
    ],
    [
      141.02478624347333,
      582.2413968644062
    ]
  ],
  "goals_m": [
    [
      137.22251168079674,
      301.20170042215614
    ],
    [
      39.79498909972608,
      285.38632357522147
    ],
    [
      162.4600026924163,
      163.55641049597762
    ],
    [
      84.19494364596903,
      10.602282265899703
    ]
  ],
  "initial_state": [
    [
      160.00197907350957,
      221.49527700032922,
      0.027551099572109862,
      -0.6494158428252023,
      162.4600026924163,
      163.55641049597762
    ],
    [
      8.955334650352597,
      72.83672181682778,
      0.5008636146145699,
      -0.41428931865934926,
      84.19494364596903,
      10.602282265899703
    ],
    [
      173.7334922030568,
      290.74986495732446,
      -0.6248994909039153,
      0.17888718866377082,
      137.22251168079674,
      301.20170042215614
    ],
    [
      185.67393840104342,
      109.25508272522711,
      -0.41461324704509694,
      0.500595500753574,
      39.79498909972608,
      285.38632357522147
    ],
    [
      43.582628628239036,
      94.92654728586785,
      0.2820463555743017,
      -0.5856192050362202,
      84.19494364596903,
      10.602282265899703
    ],
    [
      101.49379269592464,
      142.68833208378055,
      0.6149719290108022,
      0.2104982815339186,
      162.4600026924163,
      163.55641049597762
    ],
    [
      54.32903020828962,
      289.5558203373803,
      -0.6247981425406539,
      -0.17924084656614614,
      39.79498909972608,
      285.38632357522147
    ],
    [
      220.3012323807925,
      226.8684777901217,
      -0.43841792462505264,
      -0.47988511475921153,
      162.4600026924163,
      163.55641049597762
    ],
    [
      15.522580059245229,
      108.06103810528293,
      0.37439981791411053,
      -0.531342428520329,
      84.19494364596903,
      10.602282265899703
    ],
    [
      34.62729397788644,
      22.686847778997617,
      0.6315031900800627,
      -0.15396012769124398,
      84.19494364596903,
      10.602282265899703
    ],
    [
      280.0034633781761,
      344.48187285498716,
      -0.6220498786076127,
      -0.18855754698302118,
      137.22251168079674,
      301.20170042215614
    ],
    [
      118.80743968486786,
      249.5553255691193,
      0.2183025719413217,
      0.6122450384313491,
      137.22251168079674,
      301.20170042215614
    ],
    [
      204.77865232154727,
      246.5702140192443,
      -0.5054169821411114,
      0.40872200107575746,
      137.22251168079674,
      301.20170042215614
    ],
    [
      11.940446199849248,
      34.627293978468515,
      0.6167971696316298,
      -0.20508839931700315,
      84.19494364596903,
      10.602282265899703
    ],
    [
      212.53994235023856,
      208.36078618091415,
      -0.4844260389276921,
      -0.43339521548908017,
      162.4600026924163,
      163.55641049597762
    ],
    [
      196.420339981094,
      179.70371530216653,
      -0.5870221789179918,
      -0.2791146027322349,
      162.4600026924163,
      163.55641049597762
    ],
    [
      201.79354077205062,
      183.8828714719857,
      -0.5774520935868133,
      -0.2984109240832285,
      162.4600026924163,
      163.55641049597762
    ],
    [
      175.5245591327548,
      315.2277796662529,
      -0.6103622877155487,
      -0.2235125896557998,
      137.22251168079674,
      301.20170042215614
    ],
    [
      114.62828351557255,
      7.164267719665077,
      -0.64589165561194,
      0.07296553440404059,
      84.19494364596903,
      10.602282265899703
    ],
    [
      55.52307482808828,
      106.26997117535211,
      0.18660631750148884,
      -0.6226380025894128,
      84.19494364596903,
      10.602282265899703
    ],
    [
      26.866003949195147,
      272.83919565810356,
      0.4664561715638901,
      0.4526794009119023,
      39.79498909972608,
      285.38632357522147
    ],
    [
      11.940446199849248,
      51.343918657745235,
      0.5661940433948727,
      -0.31925586169116027,
      84.19494364596903,
      10.602282265899703
    ],
    [
      296.12306574732065,
      343.287828235043,
      -0.6283347037754625,
      -0.16641965037639594,
      137.22251168079674,
      301.20170042215614
    ],
    [
      46.567740177735686,
      209.55483080085833,
      -0.057823395151004105,
      0.6474229336169756,
      39.79498909972608,
      285.38632357522147
    ],
    [
      234.03274551033974,
      268.06301717832685,
      -0.6149688523799527,
      0.21050726971409767,
      137.22251168079674,
      301.20170042215614
    ],
    [
      152.83771135285497,
      346.8699620948755,
      -0.21029869185649294,
      -0.6150402102329959,
      137.22251168079674,
      301.20170042215614
    ],
    [
      134.3300197441131,
      206.56971925098333,
      0.355764324311217,
      -0.5439960896434671,
      162.4600026924163,
      163.55641049597762
    ],
    [
      197.01736229099333,
      205.9726969410258,
      -0.4105584362179013,
      -0.5039263541930622,
      162.4600026924163,
      163.55641049597762
    ],
    [
      193.43522843159735,
      97.31463652575621,
      -0.2753309220084783,
      0.5888063207761626,
      162.4600026924163,
      163.55641049597762
    ],
    [
      233.4357232004404,
      137.91215360397473,
      -0.6113211313670722,
      0.22087660433844708,
      162.4600026924163,
      163.55641049597762
    ],
    [
      80.00098953582346,
      196.42033998144325,
      0.6038115602992614,
      -0.2406482903512331,
      162.4600026924163,
      163.55641049597762
    ],
    [
      40.000494768843055,
      84.18014570631203,
      0.33468798914351783,
      -0.5572108666591747,
      84.19494364596903,
      10.602282265899703
    ],
    [
      135.52406436391175,
      274.03324027804774,
      0.040555841510372906,
      0.6487335537178461,
      137.22251168079674,
      301.20170042215614
    ],
    [
      128.3597966451198,
      229.25656703001005,
      0.07947092131294543,
      0.6451235328723265,
      137.22251168079674,
      301.20170042215614
    ],
    [
      19.70173622854054,
      346.272939784918,
      0.20370146613774487,
      -0.6172566019844042,
      39.79498909972608,
      285.38632357522147
    ],
    [
      122.38957354426384,
      352.8401851946255,
      0.17945314034888024,
      -0.6247372010845241,
      137.22251168079674,
      301.20170042215614
    ],
    [
      222.68932162038982,
