{
  "scene_id": "98_Sentosa_simplified_obstacle",
  "scene_index": 14,
  "scenario": "A hands-on craft workshop opens near the northwestern plaza, drawing small groups to participate in short sessions.",
  "category": "Participatory",
  "crowd_size_label": "50-100",
  "crowd_size": 52,
  "ungrouped_agents": 38,
  "event_center_px": [
    90.0,
    120.0
  ],
  "event_center_m": [
    53.73200789839029,
    286.5707087875053
  ],
  "goal_location_raw": {
    "type": "gaussian_mixture_truncated_to_walkable",
    "components": [
      {
        "weight": 0.56,
        "mean_px": [
          90,
          120
        ],
        "sigma_px": [
          18,
          18
        ],
        "support_radius_px": 50
      },
      {
        "weight": 0.14,
        "mean_px": [
          260,
          110
        ],
        "sigma_px": [
          18,
          18
        ],
        "support_radius_px": 50
      },
      {
        "weight": 0.15,
        "mean_px": [
          260,
          320
        ],
        "sigma_px": [
          22,
          22
        ],
        "support_radius_px": 60
      },
      {
        "weight": 0.15,
        "mean_px": [
          240,
          575
        ],
        "sigma_px": [
          22,
          22
        ],
        "support_radius_px": 60
      }
    ]
  },
  "goals_px": [
    [
      83.06853257108082,
      123.7918419022637
    ],
    [
      217.91498733452215,
      126.1877534339094
    ],
    [
      243.81575388476318,
      321.1965180200564
    ],
    [
      229.70799096601544,
      576.4815588416456
    ]
  ],
  "goals_m": [
    [
      49.59376720152795,
      284.3068945759733
    ],
    [
      130.1001091171056,
      282.87648193884525
    ],
    [
      145.56344459205866,
      166.45189884045976
    ],
    [
      137.14079538546503,
      14.04103406734066
    ]
  ],
  "initial_state": [
    [
      75.82183336652815,
      90.15036880606203,
      0.5019066398178026,
      -0.6229684782609812,
      137.14079538546503,
      14.04103406734066
    ],
    [
      121.79255123436451,
      294.92902112714364,
      0.45401827640182746,
      -0.6586861200094579,
      130.1001091171056,
      282.87648193884525
    ],
    [
      191.64416150189936,
      120.00148430475383,
      -0.5634207961283891,
      0.5679410237780436,
      145.56344459205866,
      166.45189884045976
    ],
    [
      239.4059462994337,
      152.83771135332063,
      -0.6576552285991994,
      0.45551026365619346,
      49.59376720152795,
      284.3068945759733
    ],
    [
      205.3756746314466,
      232.83870088984258,
      -0.5354888085725654,
      -0.5943498430163285,
      145.56344459205866,
      166.45189884045976
    ],
    [
      256.1225709784776,
      253.13745942895184,
      -0.7786141718970208,
      0.18373886720320431,
      130.1001091171056,
      282.87648193884525
    ],
    [
      240.00296860933304,
      137.3151312940172,
      -0.7644444901396841,
      0.23584872587122147,
      145.56344459205866,
      166.45189884045976
    ],
    [
      149.255577493459,
      248.36128094917512,
      -0.38821010250437255,
      0.6994947578885382,
      130.1001091171056,
      282.87648193884525
    ],
    [
      13.731513129547238,
      103.28485962547711,
      0.7214580007745689,
      0.3456853383040165,
      145.56344459205866,
      166.45189884045976
    ],
    [
      267.4659948684275,
      349.8550736447505,
      -0.7190748891274978,
      -0.3506156069348266,
      130.1001091171056,
      282.87648193884525
    ],
    [
      247.76425863988698,
      250.74937018906348,
      -0.7717496053071731,
      0.21071911804158364,
      130.1001091171056,
      282.87648193884525
    ],
    [
      96.12059190496802,
      127.16575202444801,
      0.6263485767721639,
      0.49768208765785876,
      145.56344459205866,
      166.45189884045976
    ],
    [
      152.24068904295564,
      42.38858400814934,
      -0.3761059766521871,
      -0.7060766915332248,
      137.14079538546503,
      14.04103406734066
    ],
    [
      2.3880892395973206,
      328.3622704856971,
      0.5848643420052587,
      -0.5458330344077351,
      49.59376720152795,
      284.3068945759733
    ],
    [
      151.6436667330563,
      8.35831233963836,
      -0.7448602047371994,
      0.29186174021076733,
      137.14079538546503,
      14.04103406734066
    ],
    [
      178.50967068225145,
      215.52505390060833,
      -0.44592036734888335,
      -0.6641950210468586,
      145.56344459205866,
      166.45189884045976
    ],
    [
      196.420339981094,
      343.287828235043,
      -0.5914181229520944,
      -0.5387249797845105,
      130.1001091171056,
      282.87648193884525
    ],
    [
      148.06153287366033,
      266.86897255835356,
      -0.5972368062743828,
      0.53226703564205,
      130.1001091171056,
      282.87648193884525
    ],
    [
      214.92803158983588,
      275.2272848979919,
      -0.7967672259721229,
      0.07184697360841438,
      130.1001091171056,
      282.87648193884525
    ],
    [
      261.4957717694342,
      282.98857492767274,
      -0.7999997088916961,
      -0.000682475788170241,
      130.1001091171056,
      282.87648193884525
    ],
    [
      172.53944758325815,
      251.94341480900766,
      -0.6464950942732379,
      0.4712155484283571,
      130.1001091171056,
      282.87648193884525
    ],
    [
      47.164762487635016,
      306.86946732661454,
      0.08563030363106713,
      -0.7954039546670932,
      49.59376720152795,
      284.3068945759733
    ],
    [
      180.89775992184877,
      220.8982546903717,
      -0.4355069467320931,
      -0.671069071965092,
      145.56344459205866,
      166.45189884045976
    ],
    [
      32.23920473828912,
      151.64366673337645,
      0.7932562391282475,
      0.1036558685464003,
      145.56344459205866,
      166.45189884045976
    ],
    [
      239.4059462994337,
      193.43522843156825,
      -0.7688475878197012,
      -0.22107326094267257,
      145.56344459205866,
      166.45189884045976
    ],
    [
      7.761290030553937,
      310.4516011864762,
      0.678402955260564,
      -0.4239922526340938,
      49.59376720152795,
      284.3068945759733
    ],
    [
      169.55433603189886,
      53.7320078976627,
      -0.5060205891670068,
      -0.6196314738125197,
      137.14079538546503,
      14.04103406734066
    ],
    [
      82.38907877728343,
      202.9875853911508,
      0.6925260776283502,
      -0.40050921563016795,
      145.56344459205866,
      166.45189884045976
    ],
    [
      118.21041737496853,
      278.2123964478669,
      0.7447474441670674,
      0.29214935291152155,
      130.1001091171056,
      282.87648193884525
    ],
    [
      214.33100927993655,
      116.41935044492129,
      -0.6469003727822943,
      0.47065901424930634,
      145.56344459205866,
      166.45189884045976
    ],
    [
      100.29974807612598,
      66.86649871707777,
      0.45762890170003506,
      -0.656182740041842,
      137.14079538546503,
      14.04103406734066
    ],
    [
      219.70421007089317,
      114.03126120503293,
      -0.6532172016679305,
      0.4618520189899771,
      145.56344459205866,
      166.45189884045976
    ],
    [
      191.64416150189936,
      254.33150404892513,
      -0.7257379457716802,
      0.3366072400693456,
      130.1001091171056,
      282.87648193884525
    ],
    [
      145.673443634063,
      176.1215814423049,
      -0.009099940916212712,
      -0.7999482427478177,
      145.56344459205866,
      166.45189884045976
    ],
    [
      250.74937018938363,
      93.13548035593703,
      -0.6563038522551133,
      0.45745519290428693,
      145.56344459205866,
      166.45189884045976
    ],
    [
      39.403472458943725,
      109.85210503521375,
      0.7059344155895326,
      0.37637295450957287,
      145.56344459205866,
      166.45189884045976
    ],
    [
      22.08982546813786,
      155.82282290319563,
