{
  "scene_id": "98_Sentosa_simplified_obstacle",
  "scene_index": 17,
  "scenario": "A heated confrontation erupts near the southern photo spot; bystanders are drawn in and movement becomes erratic.",
  "category": "Aggressive",
  "crowd_size_label": "50-100",
  "crowd_size": 68,
  "ungrouped_agents": 34,
  "event_center_px": [
    240.0,
    575.0
  ],
  "event_center_m": [
    143.28535439446568,
    14.925557749345899
  ],
  "goal_location_raw": {
    "type": "gaussian_mixture_truncated_to_walkable",
    "components": [
      {
        "weight": 0.55,
        "mean_px": [
          240,
          575
        ],
        "sigma_px": [
          22,
          20
        ],
        "support_radius_px": 55
      },
      {
        "weight": 0.15,
        "mean_px": [
          140,
          540
        ],
        "sigma_px": [
          22,
          20
        ],
        "support_radius_px": 55
      },
      {
        "weight": 0.15,
        "mean_px": [
          260,
          320
        ],
        "sigma_px": [
          24,
          24
        ],
        "support_radius_px": 60
      },
      {
        "weight": 0.15,
        "mean_px": [
          360,
          120
        ],
        "sigma_px": [
          24,
          24
        ],
        "support_radius_px": 60
      }
    ]
  },
  "goals_px": [
    [
      217.25166262404025,
      569.8227623972468
    ],
    [
      163.97049392784623,
      575.4151290550989
    ],
    [
      205.91446818974867,
      313.5226148133796
    ],
    [
      373.203392100175,
      103.82496290700857
    ]
  ],
  "goals_m": [
    [
      129.70408946461976,
      18.01648410220514
    ],
    [
      97.89404305256903,
      14.677716441918164
    ],
    [
      122.93553145602345,
      171.03339025942842
    ],
    [
      222.81075124256313,
      296.2275667966751
    ]
  ],
  "initial_state": [
    [
      194.629273051396,
      232.24167857988505,
      0.5038379500944417,
      1.1439612406216528,
      222.81075124256313,
      296.2275667966751
    ],
    [
      106.86699348501861,
      107.46401579529629,
      0.3063298763162919,
      1.2118836606193042,
      122.93553145602345,
      171.03339025942842
    ],
    [
      143.28535439446568,
      260.301727148646,
      -0.06995874854558773,
      -1.248040773974126,
      129.70408946461976,
      18.01648410220514
    ],
    [
      148.65855518355966,
      348.66102902480634,
      -0.18783899431357998,
      -1.2358060172273249,
      97.89404305256903,
      14.677716441918164
    ],
    [
      77.01587798632681,
      42.38858400814934,
      0.7521890066346217,
      -0.9983544953061617,
      97.89404305256903,
      14.677716441918164
    ],
    [
      223.88336624018848,
      246.5702140192443,
      -0.026994110589856832,
      1.249708493206901,
      222.81075124256313,
      296.2275667966751
    ],
    [
      20.29875853843987,
      59.702230997383595,
      1.081172562985807,
      -0.627348299628445,
      97.89404305256903,
      14.677716441918164
    ],
    [
      2.3880892395973206,
      159.40495676305727,
      1.2442245159060696,
      0.12002230633639117,
      122.93553145602345,
      171.03339025942842
    ],
    [
      232.83870089054108,
      129.55384126433637,
      -1.169478755561947,
      0.4413835523547289,
      122.93553145602345,
      171.03339025942842
    ],
    [
      309.25755656696856,
      331.3473820355721,
      -1.1580794815971494,
      -0.47048051426565796,
      222.81075124256313,
      296.2275667966751
    ],
    [
      201.79354077205062,
      271.6451510381594,
      0.8122981142110114,
      0.9500904028823969,
      222.81075124256313,
      296.2275667966751
    ],
    [
      238.80892398953438,
      186.27096071187407,
      -0.17997421190022267,
      1.236975861951596,
      222.81075124256313,
      296.2275667966751
    ],
    [
      173.7334922030568,
      40.00049476826098,
      -1.1183456320298575,
      -0.5583932729893324,
      129.70408946461976,
      18.01648410220514
    ],
    [
      278.80941875837743,
      341.49676130511216,
      -0.9720912032751199,
      -0.7858363013472524,
      222.81075124256313,
      296.2275667966751
    ],
    [
      74.6277887467295,
      17.9106692992209,
      1.23810425460777,
      -0.17204027064073768,
      97.89404305256903,
      14.677716441918164
    ],
    [
      79.40396722592413,
      68.06054333702195,
      0.4091135437209034,
      -1.1811545658143665,
      97.89404305256903,
      14.677716441918164
    ],
    [
      26.866003949195147,
      236.42083474970423,
      1.033357108664556,
      -0.7033299979187784,
      122.93553145602345,
      171.03339025942842
    ],
    [
      168.95731372199953,
      35.8213385984418,
      -1.1383676431707062,
      -0.5163517299108931,
      129.70408946461976,
      18.01648410220514
    ],
    [
      61.493297927081585,
      199.40545153131825,
      1.1348500683997451,
      -0.5240375198906028,
      122.93553145602345,
      171.03339025942842
    ],
    [
      232.24167858064175,
      347.46698440486216,
      -0.22626942016205406,
      -1.2293502956844837,
      222.81075124256313,
      296.2275667966751
    ],
    [
      202.39056308194995,
      222.6893216203025,
      0.3344468398231374,
      1.204427379019722,
      222.81075124256313,
      296.2275667966751
    ],
    [
      124.18064047396183,
      75.82183336667367,
      0.11889913899891763,
      -1.2443323489909424,
      129.70408946461976,
      18.01648410220514
    ],
    [
      185.67393840104342,
      28.060048568760976,
      -1.2303478216767598,
      -0.2207809722219105,
      129.70408946461976,
      18.01648410220514
    ],
    [
      266.8689725585282,
      44.776673248037696,
      -1.2268694442651342,
      -0.2393561503879962,
      129.70408946461976,
      18.01648410220514
    ],
    [
      174.33051451295614,
      261.4957717685902,
      1.0161442027364795,
      0.7279773068200991,
      222.81075124256313,
      296.2275667966751
    ],
    [
      356.4223190546036,
      22.08982546904008,
      -1.2497983010563827,
      -0.022454546902115975,
      129.70408946461976,
      18.01648410220514
    ],
    [
      72.8367218170315,
      227.46550010007923,
      0.8298710651709331,
      -0.9347801961916292,
      122.93553145602345,
      171.03339025942842
    ],
    [
      94.32952497527003,
      82.98610108636785,
      0.06513978530598313,
      -1.2483015694816257,
      97.89404305256903,
      14.677716441918164
    ],
    [
      96.71761421486735,
      127.76277433443465,
      0.6477561028391148,
      1.0690706390293778,
      122.93553145602345,
      171.03339025942842
    ],
    [
      6.5672454088926315,
      69.25458795696613,
      1.0730007206287764,
      -0.6412249632774183,
      97.89404305256903,
      14.677716441918164
    ],
    [
      302.6903111562133,
      27.46302625880344,
      -1.2481403435658804,
      -0.06815924561822574,
      129.70408946461976,
      18.01648410220514
    ],
    [
      51.34391865693033,
      14.328535439359257,
      1.249964834142361,
      0.009376214985799276,
      97.89404305256903,
      14.677716441918164
    ],
    [
      89.55334649607539,
      87.76227956617367,
      0.1417348845798759,
      -1.2419384938446547,
      97.89404305256903,
      14.677716441918164
    ],
    [
      237.61487936973572,
      259.7047048386885,
      -0.46956498360043586,
      1.1584510029243025,
      222.81075124256313,
      296.2275667966751
    ],
    [
      20.29875853843987,
      324.1831143158779,
      0.6958936614578748,
      -1.038379512482191,
      122.93553145602345,
      171.03339025942842
    ],
    [
      316.4218242857605,
      32.239204738580156,
      -1.2463893171778935,
      -0.09494034982463956,
      129.70408946461976,
      18.01648410220514
    ],
    [
      45.970717867836356,
      22.08982546904008,
      1.2374552408523833,
