{
  "scene_id": "98_Sentosa_simplified_obstacle",
  "scene_index": 20,
  "scenario": "An environmental sit-in forms in the central plaza; demonstrators cluster tightly around speakers and placards.",
  "category": "Demonstrator",
  "crowd_size_label": "50-100",
  "crowd_size": 54,
  "ungrouped_agents": 30,
  "event_center_px": [
    300.0,
    300.0
  ],
  "event_center_m": [
    179.10669299215078,
    179.1066929921799
  ],
  "goal_location_raw": {
    "type": "gaussian_mixture_truncated_to_walkable",
    "components": [
      {
        "weight": 0.6,
        "mean_px": [
          300,
          300
        ],
        "sigma_px": [
          18,
          18
        ],
        "support_radius_px": 55
      },
      {
        "weight": 0.15,
        "mean_px": [
          120,
          350
        ],
        "sigma_px": [
          20,
          20
        ],
        "support_radius_px": 60
      },
      {
        "weight": 0.12,
        "mean_px": [
          260,
          110
        ],
        "sigma_px": [
          20,
          20
        ],
        "support_radius_px": 60
      },
      {
        "weight": 0.13,
        "mean_px": [
          240,
          575
        ],
        "sigma_px": [
          20,
          20
        ],
        "support_radius_px": 60
      }
    ]
  },
  "goals_px": [
    [
      293.55194174133845,
      288.56669096759407
    ],
    [
      124.64789910881632,
      342.15613166512446
    ],
    [
      256.99360296211864,
      98.90919845088762
    ],
    [
      291.29408709366635,
      553.0218646061265
    ]
  ],
  "goals_m": [
    [
      175.25705835595727,
      185.93263356137322
    ],
    [
      74.4175766594708,
      153.93854188590194
    ],
    [
      153.43091448955238,
      299.16238784755114
    ],
    [
      173.90906875766814,
      28.04699491109932
    ]
  ],
  "initial_state": [
    [
      225.07741085998714,
      213.13696466071997,
      -0.6143734229109349,
      -0.3354777149390127,
      175.25705835595727,
      185.93263356137322
    ],
    [
      7.164267718791962,
      3.5821338598325383,
      0.28581587294748256,
      0.638990834653572,
      74.4175766594708,
      153.93854188590194
    ],
    [
      296.12306574732065,
      30.448137808649335,
      -0.6998649369807054,
      -0.013750272178871556,
      173.90906875766814,
      28.04699491109932
    ],
    [
      379.7061891425401,
      122.3895735446713,
      -0.5516226723092839,
      0.4309436475855796,
      153.43091448955238,
      299.16238784755114
    ],
    [
      268.6600394882262,
      44.776673248037696,
      -0.6893373835623912,
      -0.12171266007838605,
      173.90906875766814,
      28.04699491109932
    ],
    [
      88.95632418617606,
      68.06054333702195,
      -0.1168441570168648,
      0.6901792832090936,
      74.4175766594708,
      153.93854188590194
    ],
    [
      140.3002428431064,
      194.62927305151243,
      0.6792939220539649,
      -0.16899635339421298,
      175.25705835595727,
      185.93263356137322
    ],
    [
      247.76425863988698,
      1.1940446199441794,
      -0.6578653583161699,
      0.2391927472302146,
      173.90906875766814,
      28.04699491109932
    ],
    [
      379.10916683264077,
      56.717119447508594,
      -0.6932660506966164,
      -0.09686166915512218,
      173.90906875766814,
      28.04699491109932
    ],
    [
      190.4501168821007,
      291.94390957726864,
      -0.6870600869708701,
      0.13397177647392927,
      153.43091448955238,
      299.16238784755114
    ],
    [
      200.00247384048998,
      198.8084292213316,
      -0.6209677223719487,
      -0.32310847678789606,
      175.25705835595727,
      185.93263356137322
    ],
    [
      220.89825469069183,
      241.7940355394676,
      -0.4428967359544234,
      -0.5420723948707568,
      175.25705835595727,
      185.93263356137322
    ],
    [
      159.40495676361024,
      115.22530582497711,
      0.15313396060401963,
      0.6830446472301255,
      175.25705835595727,
      185.93263356137322
    ],
    [
      136.12108667381108,
      290.74986495732446,
      0.6295857649957076,
      0.30597673851907387,
      153.43091448955238,
      299.16238784755114
    ],
    [
      137.91215360350907,
      87.16525725618703,
      0.3640505683213144,
      -0.597885594160729,
      173.90906875766814,
      28.04699491109932
    ],
    [
      168.3602914121002,
      189.25607226174907,
      0.6306020265881248,
      -0.30387675801704517,
      175.25705835595727,
      185.93263356137322
    ],
    [
      114.62828351557255,
      213.13696466071997,
      0.6386545912309106,
      -0.28656642004896227,
      175.25705835595727,
      185.93263356137322
    ],
    [
      89.55334649607539,
      213.7339869706775,
      -0.17177059010846357,
      -0.6785977191044708,
      74.4175766594708,
      153.93854188590194
    ],
    [
      63.881387166678905,
      99.10570345568703,
      0.13208935885962664,
      0.6874244695063253,
      74.4175766594708,
      153.93854188590194
    ],
    [
      87.7622795663774,
      17.313646989234257,
      0.6946291931413525,
      0.08654642705388602,
      173.90906875766814,
      28.04699491109932
    ],
    [
      166.5692244824022,
      293.1379541972128,
      -0.6362956872869668,
      0.29176668476713796,
      153.43091448955238,
      299.16238784755114
    ],
    [
      138.5091759134084,
      115.22530582497711,
      -0.5991771726646158,
      0.36192086946960816,
      74.4175766594708,
      153.93854188590194
    ],
    [
      67.46352102793753,
      1.7910669299017172,
      0.6796303964078698,
      0.16763807526478466,
      173.90906875766814,
      28.04699491109932
    ],
    [
      102.09081500582397,
      8.955334649595898,
      0.6765046662915971,
      0.17983724999480744,
      173.90906875766814,
      28.04699491109932
    ],
    [
      128.3597966451198,
      224.48038855020422,
      0.5407669348037694,
      -0.4444897324156497,
      175.25705835595727,
      185.93263356137322
    ],
    [
      69.85161026753485,
      204.7786523210816,
      0.06261520471085519,
      -0.697193901392588,
      74.4175766594708,
      153.93854188590194
    ],
    [
      376.1240552831441,
      170.74838065254153,
      -0.6980084955070107,
      0.052764952383559285,
      175.25705835595727,
      185.93263356137322
    ],
    [
      134.3300197441131,
      1.7910669299017172,
      0.5833186894044281,
      0.3869616345214346,
      173.90906875766814,
      28.04699491109932
    ],
    [
      143.28535439446568,
      38.806450148287695,
      0.6604236367665478,
      -0.23203581620096275,
      173.90906875766814,
      28.04699491109932
    ],
    [
      66.86649871617556,
      139.1061982239189,
      0.31758035378872573,
      0.6238130480259513,
      74.4175766594708,
      153.93854188590194
    ],
    [
      204.77865232154727,
      154.62877828325145,
      -0.4802652464154534,
      0.5092595537498573,
      175.25705835595727,
      185.93263356137322
    ],
    [
      108.6580604147166,
      158.2109121431131,
      -0.6946136974743372,
      -0.08667070601437296,
      74.4175766594708,
      153.93854188590194
    ],
    [
      89.55334649607539,
      158.2109121431131,
      -0.6736763036566207,
      -0.1901584546938485,
      74.4175766594708,
      153.93854188590194
    ],
    [
      227.46550009958446,
      17.9106692992209,
      -0.687789722293218,
      0.13017410613412309,
      173.90906875766814,
      28.04699491109932
    ],
    [
      377.3180999029428,
      313.4367127363512,
      -0.6985815985890456,
      -0.044539309747385535,
      153.43091448955238,
      299.16238784755114
    ],
    [
      165.97220217250288,
      146.2704659436131,
      0.15955531500207648,
      0.6815732546502893,
      175.25705835595727,
      185.93263356137322
    ],
    [
      38.209427839145064,
      70.44863257691031,
