{"width": 720, "height": 576, "length": 4434, "num_agents": 415, "fps": 25, "sim_fps": 5, "population_probability": {"0": 1.1102230246251565e-16, "22": 0.0011276499774470004, "23": 0.007668019846639603, "24": 0.006314839873703203, "25": 0.011502029769959404, "26": 0.018267929634641408, "27": 0.011727559765448805, "28": 0.008795669824086604, "29": 0.0038340099233198015, "30": 0.0020297699594046007, "31": 0.0029318899413622013, "32": 0.0045105999097880016, "33": 0.004285069914298602, "34": 0.005412719891745603, "35": 0.013757329724853405, "36": 0.015336039693279206, "37": 0.021199819576003608, "38": 0.02683806946323861, "39": 0.007216959855660803, "40": 0.016914749661705007, "41": 0.039016689219666216, "42": 0.016463689670726207, "43": 0.029544429409111412, "44": 0.04758682904826342, "45": 0.039016689219666216, "46": 0.03856562922868741, "47": 0.05593143888137122, "48": 0.05773567884528642, "49": 0.04533152909336942, "50": 0.04420387911592242, "51": 0.04758682904826342, "52": 0.03834009923319801, "53": 0.04510599909788002, "54": 0.03337843933243121, "55": 0.034280559314388816, "56": 0.015561569688768605, "57": 0.016914749661705007, "58": 0.005412719891745603, "59": 0.020072169598556608, "60": 0.02097428958051421, "61": 0.021876409562471808, "62": 0.02165087956698241, "63": 0.009923319801533603, "64": 0.009697789806044204, "65": 0.009472259810554804, "66": 0.0031574199368516014, "67": 0.004961659900766802, "68": 0.0013531799729364006, "69": 0.0006765899864682003, "70": 0.004285069914298602, "71": 0.0015787099684258007, "72": 0.006540369869192602, "73": 0.007893549842129003, "74": 0.006540369869192602, "75": 0.009697789806044204}}