{"width": 720, "height": 576, "length": 5405, "num_agents": 424, "fps": 25, "sim_fps": 5, "population_probability": {"0": 1.1102230246251565e-16, "25": 0.005735430157261794, "26": 0.0066604995374653095, "27": 0.011100832562442183, "28": 0.018501387604070305, "29": 0.014801110083256245, "30": 0.01572617946345976, "31": 0.037187789084181314, "32": 0.025346901017576317, "33": 0.034227567067530065, "34": 0.014801110083256245, "35": 0.009990749306197965, "36": 0.0074005550416281225, "37": 0.011470860314523589, "38": 0.01628122109158187, "39": 0.03404255319148936, "40": 0.04810360777058279, "41": 0.041628122109158186, "42": 0.029232192414431084, "43": 0.03330249768732655, "44": 0.030527289546716005, "45": 0.03959296947271045, "46": 0.028677150786308975, "47": 0.029972247918593896, "48": 0.024791859389454208, "49": 0.020906567992599445, "50": 0.029417206290471787, "51": 0.017761332099907493, "52": 0.03700277520814061, "53": 0.029232192414431084, "54": 0.04384828862164662, "55": 0.05531914893617021, "56": 0.02904717853839038, "57": 0.021091581868640148, "58": 0.01036077705827937, "59": 0.01276595744680851, "60": 0.01942645698427382, "61": 0.018501387604070305, "62": 0.023866790009250693, "63": 0.019056429232192414, "64": 0.017761332099907493, "65": 0.007955596669750232, "66": 0.008325624421831638, "67": 0.007030527289546716, "68": 0.0022201665124884367}}