{"width": 720, "height": 576, "length": 9015, "num_agents": 165, "fps": 25, "sim_fps": 5, "population_probability": {"0": 0.02484747642817542, "1": 0.02396006655574043, "2": 0.04004437049362174, "3": 0.09772601220188575, "4": 0.12201885745978924, "5": 0.14187465335551858, "6": 0.15330005546311704, "7": 0.11281198003327787, "8": 0.08352745424292846, "9": 0.058901830282861896, "10": 0.05579589572933999, "11": 0.036161952301719355, "12": 0.011980033277870216, "13": 0.0033277870216306157, "14": 0.0013311148086522463, "15": 0.009539656128674431, "16": 0.004104270660011093, "17": 0.0027731558513588465, "18": 0.009317803660565723, "19": 0.0011092623405435386, "20": 0.005546311702717693}}