{
  "scene_id": "00_Zurich_HB_simplified_obstacle",
  "scene_index": 1,
  "scenario": "Lunchtime foot traffic meanders through the open concourse at Zurich HB to grab food and meet friends, producing a calm ambulatory pattern.",
  "category": "Ambulatory",
  "crowd_size_label": "50-100",
  "crowd_size": 62,
  "ungrouped_agents": 40,
  "event_center_px": [
    405.34313007179895,
    143.60251455048933
  ],
  "event_center_m": [
    163.9104240728775,
    184.5555033152923
  ],
  "goal_location_raw": {
    "type": "gaussian_mixture_truncated_to_walkable",
    "components": [
      {
        "name": "food_stalls_cluster",
        "weight": 0.4,
        "mean_px": [
          500,
          220
        ],
        "sigma_px": [
          22,
          18
        ],
        "support_radius_px": 60
      },
      {
        "name": "benches_near_southern_edge",
        "weight": 0.3,
        "mean_px": [
          420,
          520
        ],
        "sigma_px": [
          26,
          22
        ],
        "support_radius_px": 70
      },
      {
        "name": "ticket_machines_right_side",
        "weight": 0.3,
        "mean_px": [
          540,
          340
        ],
        "sigma_px": [
          24,
          20
        ],
        "support_radius_px": 60
      }
    ]
  },
  "goals_px": [
    [
      514.6140626015866,
      216.65721291591532
    ],
    [
      421.52447356246495,
      532.5808284981182
    ],
    [
      557.6425961288187,
      332.88514764851936
    ]
  ],
  "goals_m": [
    [
      208.09680238063447,
      155.01404645759612
    ],
    [
      170.45374669728335,
      27.26259352080524
    ],
    [
      225.49644395452924,
      108.01443388778716
    ]
  ],
  "initial_state": [
    [
      159.7279260593932,
      63.082421431317925,
      0.3442247917628318,
      -1.1495691770119079,
      170.45374669728335,
      27.26259352080524
    ],
    [
      238.17657835187856,
      16.983728846535087,
      -0.1655557289952869,
      1.1885248422295762,
      225.49644395452924,
      108.01443388778716
    ],
    [
      192.88663476041984,
      99.88050059974194,
      0.31913261067582926,
      1.1567862277893999,
      208.09680238063447,
      155.01404645759612
    ],
    [
      58.22992747486569,
      32.75433420483023,
      1.1985657592478902,
      -0.05865254264333651,
      170.45374669728335,
      27.26259352080524
    ],
    [
      167.81541598646436,
      199.35662670247257,
      0.8068777302320742,
      -0.8882276332424791,
      208.09680238063447,
      155.01404645759612
    ],
    [
      257.1821796805598,
      77.63990329951048,
      -0.8662624592302822,
      0.8304151682913214,
      225.49644395452924,
      108.01443388778716
    ],
    [
      179.9466508771293,
      47.71619057003409,
      -0.5051843291653595,
      -1.0884800382026973,
      170.45374669728335,
      27.26259352080524
    ],
    [
      161.3454240448773,
      50.1424375474453,
      0.44383605645231855,
      -1.1149033837032043,
      170.45374669728335,
      27.26259352080524
    ],
    [
      169.83728846826125,
      198.1435032133013,
      0.7963318335572187,
      -0.8976946089085074,
      208.09680238063447,
      155.01404645759612
    ],
    [
      248.2859407607466,
      165.79354350455105,
      -1.1590327286795208,
      -0.3108747880573535,
      208.09680238063447,
      155.01404645759612
    ],
    [
      164.98479451204184,
      66.31741740182042,
      0.16641551967468154,
      -1.1884047605136079,
      170.45374669728335,
      27.26259352080524
    ],
    [
      10.109362408868037,
      71.57428585458547,
      1.156645380046206,
      -0.31964271431986,
      170.45374669728335,
      27.26259352080524
    ],
    [
      234.537207884714,
      11.322485897690058,
      -1.164515478928764,
      0.2896613528507238,
      170.45374669728335,
      27.26259352080524
    ],
    [
      113.62923347519245,
      184.3947703372687,
      1.1458597344555803,
      -0.3563782666681384,
      208.09680238063447,
      155.01404645759612
    ],
    [
      102.30674757726956,
      186.41664281859994,
      1.1503875903987284,
      -0.3414797092897432,
      208.09680238063447,
      155.01404645759612
    ],
    [
      245.45531928632408,
      59.84742545988411,
      -0.45936641534811934,
      1.1085948297057042,
      225.49644395452924,
      108.01443388778716
    ],
    [
      257.9909286731854,
      48.92931405920535,
      -0.578270648621493,
      1.0514766078914346,
      225.49644395452924,
      108.01443388778716
    ],
    [
      59.44305096392054,
      193.29100925661623,
      1.1620939520684497,
      -0.29922841871375083,
      208.09680238063447,
      155.01404645759612
    ],
    [
      229.2803394321818,
      83.70552074536681,
      -0.18456789673218663,
      1.1857211693715588,
      225.49644395452924,
      108.01443388778716
    ],
    [
      96.2411301319953,
      1.6174979852512479,
      1.1341904614626581,
      0.3919336641921977,
      170.45374669728335,
      27.26259352080524
    ],
    [
      199.76100119843613,
      105.13736905157566,
      1.1925708422969516,
      0.13332211408141975,
      225.49644395452924,
      108.01443388778716
    ],
    [
      226.8540924540721,
      28.71058924123645,
      -1.1996047174462592,
      -0.030798082418886458,
      170.45374669728335,
      27.26259352080524
    ],
    [
      183.99039584060665,
      161.74979854095727,
      1.1557314479320109,
      -0.32293160306940777,
      208.09680238063447,
      155.01404645759612
    ],
    [
      97.85862811747938,
      195.71725623495877,
      1.1257161542131238,
      -0.41564785593530285,
      208.09680238063447,
      155.01404645759612
    ],
    [
      224.42784547596239,
      154.066683110781,
      -1.1979859875917993,
      0.06949513316557582,
      208.09680238063447,
      155.01404645759612
    ],
    [
      190.86476227862295,
      101.90237308107316,
      1.1817368391067609,
      0.2085618447798204,
      225.49644395452924,
      108.01443388778716
    ],
    [
      194.9085072421003,
      161.74979854095727,
      1.0686835331007194,
      -0.5458163666283408,
      208.09680238063447,
      155.01404645759612
    ],
    [
      252.32968572422396,
      10.918111401610076,
      -1.176781604476353,
      0.23491499604337723,
      170.45374669728335,
      27.26259352080524
    ],
    [
      133.03920930018649,
      190.05601328611374,
      1.0873359812011671,
      -0.5076420628605313,
      208.09680238063447,
      155.01404645759612
    ],
    [
      3.2349959708517417,
      76.02240531425923,
      1.1520228192138464,
      -0.3359217528094621,
      170.45374669728335,
      27.26259352080524
    ],
    [
      182.7772723515518,
      226.44971795752645,
      0.4008894376220653,
      -1.1310559927797845,
      208.09680238063447,
      155.01404645759612
    ],
    [
      46.50306708062999,
      51.75993553362787,
      1.177228547184233,
      -0.23266488281324277,
      170.45374669728335,
      27.26259352080524
    ],
    [
      257.1821796805598,
      178.73352738842368,
      -1.0804628797961833,
      -0.5221110661368308,
      208.09680238063447,
      155.01404645759612
    ],
    [
      198.9522522056941,
      36.79807916842401,
      -1.1379881568472934,
      -0.3807662732901898,
      170.45374669728335,
      27.26259352080524
    ],
    [
      4.448119459906593,
      202.18724817689508,
      1.1690459709141379,
      -0.2707979281483154,
      208.09680238063447,
      155.01404645759612
    ],
    [
      196.12163073115516,
      116.86422944627702,
      1.148988651082507,
      -0.34615759371072735,
      225.49644395452924,
      108.01443388778716
    ],
    [
      126.569217358483,
      174.6897824248299,
      1.1665095375176082,
      -0.2815235316637955,
      208.09680238063447,
      155.01404645759612
    ],
    [
      257.5865541768726,
