{
  "scene_id": "00_Zurich_HB_simplified_obstacle",
  "scene_index": 6,
  "scenario": "A tour group gathers near the east concourse at Zurich HB and moves cohesively toward their platform, following a single guide and staying tightly packed.",
  "category": "Cohesive",
  "crowd_size_label": "50-100",
  "crowd_size": 77,
  "ungrouped_agents": 44,
  "event_center_px": [
    467.2058357255971,
    248.6629725921747
  ],
  "event_center_m": [
    188.92612451466266,
    142.07173350825906
  ],
  "goal_location_raw": {
    "type": "gaussian_mixture_truncated_to_walkable",
    "components": [
      {
        "name": "platform_entry_SE",
        "weight": 0.65,
        "mean_px": [
          530,
          460
        ],
        "sigma_px": [
          18,
          16
        ],
        "support_radius_px": 50
      },
      {
        "name": "backup_meeting_point_NE",
        "weight": 0.35,
        "mean_px": [
          430,
          130
        ],
        "sigma_px": [
          16,
          14
        ],
        "support_radius_px": 45
      }
    ]
  },
  "goals_px": [
    [
      554.8235272215535,
      426.8521506693208
    ],
    [
      411.00220968832247,
      126.41562713339005
    ]
  ],
  "goals_m": [
    [
      224.35648438497446,
      70.01657436788082
    ],
    [
      166.19881154270843,
      191.5054422589019
    ]
  ],
  "initial_state": [
    [
      246.66844277537894,
      40.033075138926506,
      -0.716385163936433,
      0.9627005229518522,
      224.35648438497446,
      70.01657436788082
    ],
    [
      188.84288979682606,
      52.973059022799134,
      -0.19357932174480671,
      1.1842833470892091,
      166.19881154270843,
      191.5054422589019
    ],
    [
      132.63483480375726,
      38.41557715367526,
      1.134551065639406,
      0.39088857677922534,
      224.35648438497446,
      70.01657436788082
    ],
    [
      147.1923166725319,
      192.48226026445627,
      1.1984183324673612,
      -0.06159139880007227,
      166.19881154270843,
      191.5054422589019
    ],
    [
      173.88103343173862,
      165.38916900847107,
      -0.33863874187000476,
      1.151227085550327,
      166.19881154270843,
      191.5054422589019
    ],
    [
      25.879967766581103,
      14.153107372112572,
      1.1551174785110272,
      0.32512091725745124,
      224.35648438497446,
      70.01657436788082
    ],
    [
      0.8087489927420393,
      54.99493150413036,
      0.9254729094606536,
      0.7638716475000447,
      166.19881154270843,
      191.5054422589019
    ],
    [
      183.58602134429384,
      38.81995164975524,
      0.9530126854672544,
      0.7292234371840308,
      224.35648438497446,
      70.01657436788082
    ],
    [
      70.76553686172701,
      15.770605358295143,
      1.131501902892368,
      0.3996291327605507,
      224.35648438497446,
      70.01657436788082
    ],
    [
      162.96292203024495,
      190.46038778219372,
      1.1419245713729864,
      0.3687929951810655,
      166.19881154270843,
      191.5054422589019
    ],
    [
      170.6460374610033,
      84.91864423453808,
      1.1563185885225409,
      -0.3208228823466912,
      224.35648438497446,
      70.01657436788082
    ],
    [
      223.21472198690753,
      85.32301873061806,
      0.08926429166526968,
      -1.1966753470484373,
      224.35648438497446,
      70.01657436788082
    ],
    [
      205.01786965096835,
      185.60789382643998,
      -1.186386658443718,
      0.1802406631888296,
      166.19881154270843,
      191.5054422589019
    ],
    [
      183.99039584060665,
      0.4043744960799813,
      0.6019614169818834,
      1.0380955892716057,
      224.35648438497446,
      70.01657436788082
    ],
    [
      170.6460374610033,
      128.18671534396708,
      -0.08407554722449755,
      1.1970510859436623,
      166.19881154270843,
      191.5054422589019
    ],
    [
      73.19178383983672,
      19.00560132879764,
      1.1370069449559015,
      0.38368633950409,
      224.35648438497446,
      70.01657436788082
    ],
    [
      9.70498791243881,
      75.21365632209927,
      0.9631770203133669,
      0.7157443870127547,
      166.19881154270843,
      191.5054422589019
    ],
    [
      189.24726429325528,
      195.3128817388788,
      -1.183954453908696,
      -0.19558080445115764,
      166.19881154270843,
      191.5054422589019
    ],
    [
      150.83168713969644,
      202.18724817689508,
      0.9853376946257119,
      -0.6849157813554069,
      166.19881154270843,
      191.5054422589019
    ],
    [
      230.49346292123664,
      2.021872482262552,
      -0.10786958341943247,
      1.1951418965850533,
      224.35648438497446,
      70.01657436788082
    ],
    [
      201.3784991838038,
      17.792477839626372,
      0.4832754603230126,
      1.09838282463337,
      224.35648438497446,
      70.01657436788082
    ],
    [
      0.0,
      198.95225220546126,
      1.198797229866744,
      -0.053714073238035426,
      166.19881154270843,
      191.5054422589019
    ],
    [
      0.8087489927420393,
      68.74366438016295,
      0.963569793884643,
      0.7152155285738045,
      166.19881154270843,
      191.5054422589019
    ],
    [
      182.7772723515518,
      182.77727235201746,
      -1.0618315295474188,
      0.5590293398910194,
      166.19881154270843,
      191.5054422589019
    ],
    [
      250.7121877388563,
      235.3459568778053,
      -1.0652087752415804,
      -0.5525669779749167,
      166.19881154270843,
      191.5054422589019
    ],
    [
      196.12163073115516,
      134.6567072859034,
      -0.5589312977914475,
      1.0618831406276155,
      166.19881154270843,
      191.5054422589019
    ],
    [
      28.710589241120033,
      28.71058924123645,
      1.1741175473989238,
      0.24788704058489175,
      224.35648438497446,
      70.01657436788082
    ],
    [
      168.6241649792064,
      143.14857170917094,
      -0.060110803652098664,
      1.1984935090705744,
      166.19881154270843,
      191.5054422589019
    ],
    [
      19.409975824994035,
      204.2091206582263,
      1.1955311794431387,
      -0.10346593149098605,
      166.19881154270843,
      191.5054422589019
    ],
    [
      228.87596493575256,
      122.12109789904207,
      -0.10369712679739643,
      -1.1955111483771135,
      224.35648438497446,
      70.01657436788082
    ],
    [
      111.60736099339556,
      159.32355156354606,
      1.0337473394445837,
      0.609398423193927,
      166.19881154270843,
      191.5054422589019
    ],
    [
      44.88556909514591,
      46.9074415769428,
      1.1901741389927394,
      0.15324985766026408,
      224.35648438497446,
      70.01657436788082
    ],
    [
      197.73912871663924,
      119.29047642461956,
      0.5703354397332133,
      -1.0558018214534024,
      224.35648438497446,
      70.01657436788082
    ],
    [
      172.66790994268376,
      194.5041327457875,
      -1.0887203569379664,
      -0.50466621086503,
      166.19881154270843,
      191.5054422589019
    ],
    [
      31.136836219229735,
      70.76553686149418,
      0.8946351722592868,
      0.7997674090362749,
      166.19881154270843,
      191.5054422589019
    ],
    [
      19.814350321306847,
      22.240597299300134,
      1.1685468693440737,
      0.272943609828411,
      224.35648438497446,
      70.01657436788082
    ],
    [
      160.13230055582244,
      157.7060535773635,
      0.21199531953490972,
      1.1811257276409195,
      166.19881154270843,
      191.5054422589019
    ],
    [
      131.82608581113163,
      194.5041327457875,
      1.1954593694202766,
      -0.10429235861401681,
      166.19881154270843,
      191.5054422589019
    ],
    [
      225.64096896501724,
      138.29607775248587,
      -0.022570592150793073,
      -1.1997877180443057,
      224.35648438497446,
      70.01657436788082
    ],
    [
      178.73352738807444,
      85.32301873061806,
      1.1376787391222274,
      -0.38168977789463876,
