{
  "scene_id": "00_Zurich_HB_simplified_obstacle",
  "scene_index": 8,
  "scenario": "A corporate team moves in a cohesive pack from the announcement board to the taxi rank, keeping formation to avoid bottlenecks.",
  "category": "Cohesive",
  "crowd_size_label": "50-100",
  "crowd_size": 64,
  "ungrouped_agents": 27,
  "event_center_px": [
    448.80680590560115,
    159.02264793083413
  ],
  "event_center_m": [
    181.48602609790396,
    178.31999464612454
  ],
  "goal_location_raw": {
    "type": "gaussian_mixture_truncated_to_walkable",
    "components": [
      {
        "name": "taxi_rank_SE",
        "weight": 0.75,
        "mean_px": [
          600,
          560
        ],
        "sigma_px": [
          18,
          16
        ],
        "support_radius_px": 50
      },
      {
        "name": "fallback_wait_point",
        "weight": 0.25,
        "mean_px": [
          500,
          420
        ],
        "sigma_px": [
          16,
          14
        ],
        "support_radius_px": 45
      }
    ]
  },
  "goals_px": [
    [
      578.5353755706078,
      522.0516298107967
    ],
    [
      499.48232227222803,
      429.55907707452207
    ]
  ],
  "goals_m": [
    [
      233.94495111878496,
      31.520332937128842
    ],
    [
      201.97791250608861,
      68.9219623664394
    ]
  ],
  "initial_state": [
    [
      31.136836219229735,
      44.07682010252029,
      1.187508151342802,
      0.17269739573716877,
      201.97791250608861,
      68.9219623664394
    ],
    [
      113.22485897887964,
      165.79354350455105,
      0.8022956703965974,
      -0.8923685658195687,
      233.94495111878496,
      31.520332937128842
    ],
    [
      256.77780518413056,
      129.39983883313835,
      -0.8057572455294498,
      -0.8892442078961178,
      201.97791250608861,
      68.9219623664394
    ],
    [
      215.5316065561492,
      197.33475422021002,
      -0.12595775617402655,
      -1.1933711257021449,
      201.97791250608861,
      68.9219623664394
    ],
    [
      123.33422138763126,
      154.066683110781,
      0.8142075601409037,
      -0.8815134990511472,
      201.97791250608861,
      68.9219623664394
    ],
    [
      13.74873287603259,
      78.44865229260176,
      1.198465990584247,
      -0.06065698156782507,
      201.97791250608861,
      68.9219623664394
    ],
    [
      223.61909648322035,
      88.55801470112056,
      -0.8886993067455679,
      -0.8063581971989539,
      201.97791250608861,
      68.9219623664394
    ],
    [
      186.82101731502917,
      67.53054089099169,
      1.1949752587230973,
      0.1097001870539282,
      201.97791250608861,
      68.9219623664394
    ],
    [
      230.49346292123664,
      52.56868452578783,
      0.19418146473347864,
      -1.1841847654627045,
      233.94495111878496,
      31.520332937128842
    ],
    [
      164.58042001572903,
      45.694318087771535,
      1.0193799749637424,
      0.6331385840737555,
      201.97791250608861,
      68.9219623664394
    ],
    [
      144.76606969442219,
      193.29100925661623,
      0.5015017872278342,
      -1.0901816167076421,
      201.97791250608861,
      68.9219623664394
    ],
    [
      23.4537207884714,
      17.38810334354639,
      1.1529255228060307,
      0.33281036471606673,
      201.97791250608861,
      68.9219623664394
    ],
    [
      228.06721594312694,
      31.945585211738944,
      1.196871590399707,
      -0.08659327972814053,
      233.94495111878496,
      31.520332937128842
    ],
    [
      20.21872481761966,
      231.7065864102915,
      0.8939033789195983,
      -0.8005852541460684,
      201.97791250608861,
      68.9219623664394
    ],
    [
      151.23606163600925,
      134.2523327888921,
      0.7360898987399399,
      -0.9477191888808756,
      201.97791250608861,
      68.9219623664394
    ],
    [
      174.68978242448065,
      220.38410051260144,
      0.21277199486177034,
      -1.1809860618155248,
      201.97791250608861,
      68.9219623664394
    ],
    [
      175.9029059135355,
      35.584955679252744,
      0.7393092134463203,
      0.9452099697492526,
      201.97791250608861,
      68.9219623664394
    ],
    [
      180.3510253734421,
      226.44971795752645,
      0.16321625036222534,
      -1.1888483736867772,
      201.97791250608861,
      68.9219623664394
    ],
    [
      118.48172743141185,
      178.32915289141238,
      0.7280147268513604,
      -0.9539363487610371,
      201.97791250608861,
      68.9219623664394
    ],
    [
      162.96292203024495,
      133.44358379673213,
      0.6209255483175778,
      -1.026864871074337,
      201.97791250608861,
      68.9219623664394
    ],
    [
      93.8148831538856,
      194.09975824970752,
      0.7845720509619117,
      -0.9079904717833878,
      201.97791250608861,
      68.9219623664394
    ],
    [
      173.072284439113,
      69.14803887624294,
      1.1999632990432878,
      -0.009385145131995207,
      201.97791250608861,
      68.9219623664394
    ],
    [
      25.879967766581103,
      14.961856365203857,
      1.1473440332267741,
      0.35157029086502556,
      201.97791250608861,
      68.9219623664394
    ],
    [
      152.0448106287513,
      143.9573207013309,
      0.6648061073717171,
      -0.99901593560927,
      201.97791250608861,
      68.9219623664394
    ],
    [
      144.76606969442219,
      167.4110414898023,
      0.6027567164084405,
      -1.0376340110195477,
      201.97791250608861,
      68.9219623664394
    ],
    [
      190.86476227862295,
      164.9847945123911,
      0.1379037800498011,
      -1.1920497252413491,
      201.97791250608861,
      68.9219623664394
    ],
    [
      166.6022924974095,
      159.72792605962604,
      0.43560061610388295,
      -1.1181467270666752,
      201.97791250608861,
      68.9219623664394
    ],
    [
      51.355561036849394,
      48.12056506611407,
      1.1887176703199867,
      0.16416546612800056,
      201.97791250608861,
      68.9219623664394
    ],
    [
      169.0285394755192,
      112.82048448268324,
      0.7203564871056845,
      -0.9597325312214637,
      201.97791250608861,
      68.9219623664394
    ],
    [
      176.71165490627754,
      80.06615027785301,
      1.0979445332392312,
      -0.4842703810167277,
      201.97791250608861,
      68.9219623664394
    ],
    [
      106.35049254086334,
      16.579354350455105,
      1.0526304531615471,
      0.576167622378172,
      201.97791250608861,
      68.9219623664394
    ],
    [
      239.3897018409334,
      229.68471392896026,
      -0.2719893287649457,
      -1.1687693549362057,
      201.97791250608861,
      68.9219623664394
    ],
    [
      235.75033137376886,
      87.74926570896059,
      -1.048133205761011,
      -0.584308807892835,
      201.97791250608861,
      68.9219623664394
    ],
    [
      139.50920124177355,
      17.38810334354639,
      0.9256685032438158,
      0.7636346129546207,
      201.97791250608861,
      68.9219623664394
    ],
    [
      140.3179502345156,
      241.81594881881028,
      0.4030940621767721,
      -1.1302721694520432,
      201.97791250608861,
      68.9219623664394
    ],
    [
      99.47612610284705,
      4.852493956685066,
      1.0175718542952434,
      0.6360405029132494,
      201.97791250608861,
      68.9219623664394
    ],
    [
      158.9191770667676,
      44.07682010252029,
      1.0393854613791587,
      0.5997314921476385,
      201.97791250608861,
      68.9219623664394
    ],
    [
      257.9909286731854,
      115.24673146102577,
      -0.9247231374914799,
      -0.7647791308527668,
      201.97791250608861,
      68.9219623664394
    ],
    [
      185.2035193296615,
      31.945585211738944,
      0.49575386074875805,
      1.0928074439500772,
      201.97791250608861,
      68.9219623664394
    ],
    [
      153.25793411780614,
      144.76606969442219,
      0.6485610478953304,
      -1.0096378396003742,
      201.97791250608861,
      68.9219623664394
    ],
