{
  "scene_id": "00_Zurich_HB_simplified_obstacle",
  "scene_index": 9,
  "scenario": "A small flash mob practices a short routine in the right-side concourse at Zurich HB, attracting onlookers before dispersing calmly.",
  "category": "Expressive",
  "crowd_size_label": "50-100",
  "crowd_size": 100,
  "ungrouped_agents": 43,
  "event_center_px": [
    492.6655666028422,
    324.2062334405667
  ],
  "event_center_m": [
    199.22139036550652,
    111.52396545000374
  ],
  "goal_location_raw": {
    "type": "gaussian_mixture_truncated_to_walkable",
    "components": [
      {
        "name": "disperse_to_SE_exit",
        "weight": 0.4,
        "mean_px": [
          600,
          560
        ],
        "sigma_px": [
          22,
          20
        ],
        "support_radius_px": 60
      },
      {
        "name": "disperse_to_NE_concourse",
        "weight": 0.3,
        "mean_px": [
          440,
          110
        ],
        "sigma_px": [
          20,
          18
        ],
        "support_radius_px": 55
      },
      {
        "name": "disperse_to_west_edge",
        "weight": 0.3,
        "mean_px": [
          60,
          300
        ],
        "sigma_px": [
          26,
          22
        ],
        "support_radius_px": 70
      }
    ]
  },
  "goals_px": [
    [
      604.2705331291494,
      574.5083485491335
    ],
    [
      443.59079130094983,
      102.06985590009855
    ],
    [
      132.0,
      523.0
    ]
  ],
  "goals_m": [
    [
      244.35159249510616,
      10.30817371699959
    ],
    [
      179.37680281919893,
      201.35025123972446
    ],
    [
      53.377433518646285,
      31.13683621957898
    ]
  ],
  "initial_state": [
    [
      156.8973045849707,
      184.7991448333487,
      0.9663283621782577,
      0.7114840099748456,
      179.37680281919893,
      201.35025123972446
    ],
    [
      148.40544016158674,
      26.284342262893915,
      -1.198438544148845,
      0.06119686183454993,
      53.377433518646285,
      31.13683621957898
    ],
    [
      152.85355962137692,
      59.443050963804126,
      1.057207547589998,
      -0.5677254629825423,
      244.35159249510616,
      10.30817371699959
    ],
    [
      255.5646816950757,
      153.25793411768973,
      -1.0147450629298218,
      0.6405407537850747,
      179.37680281919893,
      201.35025123972446
    ],
    [
      7.683115430758335,
      49.738063051365316,
      1.1114380737942762,
      -0.4524438176397917,
      53.377433518646285,
      31.13683621957898
    ],
    [
      248.2859407607466,
      44.88556909561157,
      -0.135665200592015,
      -1.1923065685251961,
      244.35159249510616,
      10.30817371699959
    ],
    [
      224.8322199722752,
      154.471057606861,
      -0.8353447434248987,
      0.8615098140081692,
      179.37680281919893,
      201.35025123972446
    ],
    [
      15.770605357713066,
      217.9578535342589,
      1.1938648515572727,
      -0.1211887627469251,
      179.37680281919893,
      201.35025123972446
    ],
    [
      206.635367636336,
      7.683115431107581,
      1.197104001336948,
      0.08331872528470509,
      244.35159249510616,
      10.30817371699959
    ],
    [
      133.4435837964993,
      190.8647622782737,
      1.1699050320258948,
      0.267062195079143,
      179.37680281919893,
      201.35025123972446
    ],
    [
      181.96852335880976,
      205.42224414739758,
      -0.6443306288354989,
      -1.0123428474308744,
      179.37680281919893,
      201.35025123972446
    ],
    [
      56.2080549930688,
      6.874366438016295,
      -0.13905683946770026,
      1.191915766905218,
      53.377433518646285,
      31.13683621957898
    ],
    [
      25.071218773839064,
      37.20245366450399,
      1.1733628968962106,
      -0.2514349064615588,
      53.377433518646285,
      31.13683621957898
    ],
    [
      3.2349959708517417,
      78.44865229260176,
      0.8728060893701205,
      -0.8235347778682071,
      53.377433518646285,
      31.13683621957898
    ],
    [
      180.3510253734421,
      212.29661058541387,
      -0.10637914363082926,
      -1.1952754819707343,
      179.37680281919893,
      201.35025123972446
    ],
    [
      160.53667505213525,
      230.49346292112023,
      0.6514811546503527,
      -1.007756074224037,
      179.37680281919893,
      201.35025123972446
    ],
    [
      53.377433518646285,
      16.983728846535087,
      0.0,
      1.2,
      53.377433518646285,
      31.13683621957898
    ],
    [
      25.47559327026829,
      20.218724817968905,
      1.1174913356459408,
      0.4372792182990758,
      53.377433518646285,
      31.13683621957898
    ],
    [
      164.98479451204184,
      156.08855559211224,
      0.3636277914168156,
      1.1435798307548664,
      179.37680281919893,
      201.35025123972446
    ],
    [
      181.15977436618414,
      183.18164684809744,
      -0.11719872156212494,
      1.1942631450665315,
      179.37680281919893,
      201.35025123972446
    ],
    [
      202.18724817654584,
      38.81995164975524,
      0.99406219552134,
      -0.672190710613657,
      244.35159249510616,
      10.30817371699959
    ],
    [
      196.9303797238972,
      205.0178696513176,
      -1.1746343676445365,
      -0.24542636848619076,
      179.37680281919893,
      201.35025123972446
    ],
    [
      191.26913677493576,
      5.661242948845029,
      1.1954281266887736,
      0.10464986345604584,
      244.35159249510616,
      10.30817371699959
    ],
    [
      131.82608581113163,
      179.54227638058364,
      1.0907570190224027,
      0.500249063420774,
      179.37680281919893,
      201.35025123972446
    ],
    [
      204.2091206582263,
      13.34435837995261,
      1.1965822451128292,
      -0.09050376058894553,
      244.35159249510616,
      10.30817371699959
    ],
    [
      194.5041327457875,
      140.31795023474842,
      -0.28869375642494033,
      1.164755731903156,
      179.37680281919893,
      201.35025123972446
    ],
    [
      133.8479582928121,
      11.322485897690058,
      -1.1651969446443589,
      0.28690779039867736,
      53.377433518646285,
      31.13683621957898
    ],
    [
      3.2349959708517417,
      40.43744963500649,
      1.1798752591558976,
      -0.21884783031093402,
      53.377433518646285,
      31.13683621957898
    ],
    [
      145.97919318347704,
      25.07121877372265,
      -1.1974339327877621,
      0.07843453708943171,
      53.377433518646285,
      31.13683621957898
    ],
    [
      115.65110595698934,
      146.38356767967343,
      0.9086751619308701,
      0.7837789548654052,
      179.37680281919893,
      201.35025123972446
    ],
    [
      154.8754321031738,
      80.06615027785301,
      -1.080952500645152,
      -0.5210966238126982,
      53.377433518646285,
      31.13683621957898
    ],
    [
      77.2355288034305,
      2.021872482262552,
      -0.7605871331251687,
      0.9281741285580181,
      53.377433518646285,
      31.13683621957898
    ],
    [
      57.42117848212365,
      40.033075138926506,
      -0.4965635331754226,
      -1.0924397729487614,
      53.377433518646285,
      31.13683621957898
    ],
    [
      9.300613416125998,
      192.48226026445627,
      0.31623183246831826,
      -1.1575825794014567,
      53.377433518646285,
      31.13683621957898
    ],
    [
      46.09869258420076,
      190.8647622782737,
      1.1963034158153085,
      0.09411767798147624,
      179.37680281919893,
      201.35025123972446
    ],
    [
      241.81594881904311,
      57.4211784824729,
      0.06449121778427161,
      -1.1982657813810347,
      244.35159249510616,
      10.30817371699959
    ],
    [
      180.7553998697549,
      75.61803081817925,
      0.8371739142668255,
      -0.859732421902979,
      244.35159249510616,
      10.30817371699959
    ],
    [
      74.00053283257876,
      44.48119459860027,
      -1.0074841885955508,
      -0.6519015337686854,
      53.377433518646285,
