{
  "scene_id": "00_Zurich_HB_simplified_obstacle",
  "scene_index": 13,
  "scenario": "A charity donation drive sets up a portable stand; travelers pause to donate and then head for trains or the southeast exit.",
  "category": "Participatory",
  "crowd_size_label": "50-100",
  "crowd_size": 52,
  "ungrouped_agents": 28,
  "event_center_px": [
    636.0,
    372.0
  ],
  "event_center_m": [
    257.1821796805598,
    92.19738516863436
  ],
  "goal_location_raw": {
    "type": "gaussian_mixture_truncated_to_walkable",
    "components": [
      {
        "name": "platform_entry_SE",
        "weight": 0.45,
        "mean_px": [
          530,
          460
        ],
        "sigma_px": [
          18,
          16
        ],
        "support_radius_px": 50
      },
      {
        "name": "east_exit",
        "weight": 0.3,
        "mean_px": [
          600,
          300
        ],
        "sigma_px": [
          20,
          18
        ],
        "support_radius_px": 55
      },
      {
        "name": "north_concourse_signage",
        "weight": 0.25,
        "mean_px": [
          440,
          120
        ],
        "sigma_px": [
          16,
          14
        ],
        "support_radius_px": 45
      }
    ]
  },
  "goals_px": [
    [
      558.594734623831,
      495.87542488951743
    ],
    [
      563.7326958605458,
      324.5198120960909
    ],
    [
      414.21073754227706,
      135.67908596395876
    ]
  ],
  "goals_m": [
    [
      225.88146447890904,
      42.10532261803746
    ],
    [
      227.9591249662917,
      111.39716223906726
    ],
    [
      167.49625837767962,
      187.75953575968742
    ]
  ],
  "initial_state": [
    [
      82.49239725596271,
      12.939983882941306,
      1.1759216551056344,
      0.2391824848387213,
      225.88146447890904,
      42.10532261803746
    ],
    [
      100.6892495919019,
      10.513736905530095,
      0.9403941462073279,
      0.7454252811509618,
      227.9591249662917,
      111.39716223906726
    ],
    [
      172.26353544637095,
      107.5636160299182,
      -0.07120875205338041,
      1.1978853507873781,
      167.49625837767962,
      187.75953575968742
    ],
    [
      152.85355962137692,
      198.54787770938128,
      0.9660989858206493,
      -0.7117954408369813,
      167.49625837767962,
      187.75953575968742
    ],
    [
      162.96292203024495,
      214.7228575637564,
      0.19896318084864947,
      -1.1833907438655193,
      167.49625837767962,
      187.75953575968742
    ],
    [
      156.4929300886579,
      152.44918512552977,
      0.3570089297555435,
      1.1456633991163379,
      167.49625837767962,
      187.75953575968742
    ],
    [
      128.5910898402799,
      147.19231667276472,
      0.8306007703059178,
      0.8660844995537188,
      167.49625837767962,
      187.75953575968742
    ],
    [
      7.683115430758335,
      238.1765783522278,
      1.1444025113376068,
      -0.36103032011754704,
      167.49625837767962,
      187.75953575968742
    ],
    [
      29.923712730174884,
      66.31741740182042,
      0.8996283415276185,
      0.7941466156323193,
      167.49625837767962,
      187.75953575968742
    ],
    [
      153.25793411780614,
      24.262469781562686,
      1.1653432808008646,
      0.2863128322172736,
      225.88146447890904,
      42.10532261803746
    ],
    [
      154.8754321031738,
      38.81995164975524,
      1.1987175720793315,
      0.0554633427430455,
      225.88146447890904,
      42.10532261803746
    ],
    [
      101.09362408821471,
      6.065617445856333,
      1.152881934242839,
      0.332961327629036,
      225.88146447890904,
      42.10532261803746
    ],
    [
      160.94104954844806,
      134.2523327888921,
      0.1459219435202662,
      1.1910947848090294,
      167.49625837767962,
      187.75953575968742
    ],
    [
      187.2253918114584,
      236.55908036697656,
      -0.44977949868947154,
      -1.1125189448088728,
      167.49625837767962,
      187.75953575968742
    ],
    [
      248.2859407607466,
      237.7722038552165,
      -1.0203181332236337,
      -0.6316256066809188,
      167.49625837767962,
      187.75953575968742
    ],
    [
      8.491864423383959,
      52.56868452578783,
      0.914221863381237,
      0.7773019905517665,
      167.49625837767962,
      187.75953575968742
    ],
    [
      162.96292203024495,
      6.469991941936314,
      1.0441583571020496,
      0.5913825541000923,
      225.88146447890904,
      42.10532261803746
    ],
    [
      176.30728040996473,
      32.34995970875025,
      1.1774195614504828,
      0.2316963018991723,
      225.88146447890904,
      42.10532261803746
    ],
    [
      162.96292203024495,
      48.12056506611407,
      1.194553274247171,
      -0.11420365574430189,
      225.88146447890904,
      42.10532261803746
    ],
    [
      189.6516387895681,
      181.96852335892618,
      -1.1609953490731442,
      0.30346301163490735,
      167.49625837767962,
      187.75953575968742
    ],
    [
      90.98426167946309,
      165.38916900847107,
      1.1517797593746297,
      0.3367541920970254,
      167.49625837767962,
      187.75953575968742
    ],
    [
      150.0229381469544,
      52.16431002970785,
      1.1895871554877715,
      -0.15774155919893876,
      225.88146447890904,
      42.10532261803746
    ],
    [
      163.36729652655777,
      141.12669922690839,
      0.10583627784390895,
      1.1953236726059377,
      167.49625837767962,
      187.75953575968742
    ],
    [
      196.9303797238972,
      201.3784991838038,
      -1.0890723307383803,
      -0.5039062000214644,
      167.49625837767962,
      187.75953575968742
    ],
    [
      230.08908842480741,
      95.43238113913685,
      -0.1586935303549303,
      1.1894605346220986,
      227.9591249662917,
      111.39716223906726
    ],
    [
      236.5590803665109,
      66.31741740182042,
      -0.4842091675370952,
      -1.0979715306295665,
      225.88146447890904,
      42.10532261803746
    ],
    [
      126.569217358483,
      187.6297663077712,
      1.1999939678487432,
      0.003804881946815017,
      167.49625837767962,
      187.75953575968742
    ],
    [
      161.3454240448773,
      4.448119459673762,
      1.0364565283701606,
      0.6047791868102556,
      225.88146447890904,
      42.10532261803746
    ],
    [
      186.82101731502917,
      48.92931405920535,
      1.1820960527285258,
      -0.20651615463115325,
      225.88146447890904,
      42.10532261803746
    ],
    [
      124.1429703803733,
      25.07121877372265,
      1.1835258282792687,
      0.19815805256378294,
      225.88146447890904,
      42.10532261803746
    ],
    [
      223.61909648322035,
      10.918111401610076,
      0.0868216951272204,
      1.196855042707861,
      225.88146447890904,
      42.10532261803746
    ],
    [
      13.74873287603259,
      21.836222803220153,
      1.1945594417770056,
      0.11413912590084357,
      225.88146447890904,
      42.10532261803746
    ],
    [
      156.8973045849707,
      30.732461722567677,
      1.1840173995253127,
      0.1951993791519738,
      225.88146447890904,
      42.10532261803746
    ],
    [
      241.4115743227303,
      31.541210715658963,
      -0.9922037366505887,
      0.6749309186699105,
      225.88146447890904,
      42.10532261803746
    ],
    [
      12.131234890548512,
      78.04427779652178,
      0.980225190571222,
      0.692212811041237,
      167.49625837767962,
      187.75953575968742
    ],
    [
      242.62469781178515,
      233.72845889255404,
      -1.0235919000318965,
      -0.6263063325474937,
      167.49625837767962,
      187.75953575968742
    ],
    [
      148.80981465789955,
      173.07228443957865,
      0.9434582377555021,
      0.7415433592253945,
      167.49625837767962,
      187.75953575968742
    ],
    [
      28.710589241120033,
      48.12056506611407,
      0.8459236391677661,
      0.8511246657788522,
      167.49625837767962,
