{
  "scene_id": "00_Zurich_HB_simplified_obstacle",
  "scene_index": 17,
  "scenario": "Two rival fan groups trade taunts in the east concourse, creating a tense patch while most travelers keep distance and pass by.",
  "category": "Aggressive",
  "crowd_size_label": "50-100",
  "crowd_size": 62,
  "ungrouped_agents": 29,
  "event_center_px": [
    336.7203574437588,
    264.4369188219469
  ],
  "event_center_m": [
    136.1611249530688,
    135.69315194617957
  ],
  "goal_location_raw": {
    "type": "gaussian_mixture_truncated_to_walkable",
    "components": [
      {
        "name": "bystanders_avoid_SE",
        "weight": 0.4,
        "mean_px": [
          600,
          560
        ],
        "sigma_px": [
          22,
          18
        ],
        "support_radius_px": 60
      },
      {
        "name": "bystanders_avoid_NE",
        "weight": 0.3,
        "mean_px": [
          440,
          100
        ],
        "sigma_px": [
          20,
          18
        ],
        "support_radius_px": 55
      },
      {
        "name": "police_meet_point",
        "weight": 0.3,
        "mean_px": [
          470,
          420
        ],
        "sigma_px": [
          18,
          16
        ],
        "support_radius_px": 50
      }
    ]
  },
  "goals_px": [
    [
      607.8311356155419,
      578.3868081214356
    ],
    [
      469.19930295142495,
      75.2138955440498
    ],
    [
      448.8557039741859,
      423.418627244595
    ]
  ],
  "goals_m": [
    [
      245.79140933218878,
      8.73982358071953
    ],
    [
      189.7322318201186,
      212.21011668257415
    ],
    [
      181.50579922972247,
      71.405003673397
    ]
  ],
  "initial_state": [
    [
      42.863696613465436,
      9.70498791243881,
      1.0963351172021663,
      0.4879029727203066,
      181.50579922972247,
      71.405003673397
    ],
    [
      155.27980659960303,
      159.32355156354606,
      0.6550035424197004,
      1.0054702180659771,
      189.7322318201186,
      212.21011668257415
    ],
    [
      179.54227638070006,
      16.983728846535087,
      1.1908156470916293,
      -0.148182639474886,
      245.79140933218878,
      8.73982358071953
    ],
    [
      96.2411301319953,
      9.70498791243881,
      0.9721653699543845,
      0.7034873797456888,
      181.50579922972247,
      71.405003673397
    ],
    [
      242.22032331547234,
      17.38810334354639,
      0.4579993862306669,
      -1.1091602959952778,
      245.79140933218878,
      8.73982358071953
    ],
    [
      139.91357573808637,
      33.967457694001496,
      0.8919045133075328,
      0.8028115215551236,
      181.50579922972247,
      71.405003673397
    ],
    [
      177.9247783953324,
      190.8647622782737,
      0.5808504981794365,
      1.0500536647070475,
      189.7322318201186,
      212.21011668257415
    ],
    [
      194.0997582494747,
      26.688716758973897,
      -0.3253136557197774,
      1.1550632127300369,
      181.50579922972247,
      71.405003673397
    ],
    [
      184.7991448333487,
      63.48679592739791,
      -0.4608340063608348,
      1.107985567857913,
      181.50579922972247,
      71.405003673397
    ],
    [
      156.8973045849707,
      234.537207884714,
      0.9923210675656629,
      -0.6747584003666373,
      189.7322318201186,
      212.21011668257415
    ],
    [
      168.2197904828936,
      205.0178696513176,
      1.1380793332729673,
      0.3804936677225496,
      189.7322318201186,
      212.21011668257415
    ],
    [
      195.71725623484235,
      139.10482674557716,
      -0.24652920353295182,
      -1.1744034025007797,
      181.50579922972247,
      71.405003673397
    ],
    [
      182.7772723515518,
      19.00560132879764,
      -0.029109468743691216,
      1.1996468808901477,
      181.50579922972247,
      71.405003673397
    ],
    [
      253.54280921327882,
      175.90290591400117,
      -1.042988219761984,
      0.5934438250059795,
      189.7322318201186,
      212.21011668257415
    ],
    [
      40.841824131668545,
      241.81594881881028,
      1.1769579300749657,
      -0.23402997849346613,
      189.7322318201186,
      212.21011668257415
    ],
    [
      166.1979180010967,
      141.12669922690839,
      0.2573387729323093,
      -1.1720822308804502,
      181.50579922972247,
      71.405003673397
    ],
    [
      120.09922541689593,
      144.3616951983422,
      0.7727372767059667,
      -0.918083384660155,
      181.50579922972247,
      71.405003673397
    ],
    [
      204.2091206582263,
      36.79807916842401,
      -0.6582362835998733,
      1.003356863211005,
      181.50579922972247,
      71.405003673397
    ],
    [
      137.08295426366385,
      26.688716758973897,
      0.8457302390131266,
      0.851316840441207,
      181.50579922972247,
      71.405003673397
    ],
    [
      211.48786159267183,
      170.64603746123612,
      -0.5564866023834203,
      1.06316633758211,
      189.7322318201186,
      212.21011668257415
    ],
    [
      131.82608581113163,
      29.519338234327734,
      0.9174372690686169,
      0.7735042710443931,
      181.50579922972247,
      71.405003673397
    ],
    [
      44.4811945988331,
      242.62469781190157,
      1.1745273409877588,
      -0.24593805169640798,
      189.7322318201186,
      212.21011668257415
    ],
    [
      84.5142697377596,
      187.6297663077712,
      1.1685369304292617,
      0.2729861575665675,
      189.7322318201186,
      212.21011668257415
    ],
    [
      196.5260052275844,
      124.54734487645328,
      -0.32638298187529197,
      -1.1547615118032781,
      181.50579922972247,
      71.405003673397
    ],
    [
      2.8306214744225144,
      238.98532734438777,
      1.1878725840049889,
      -0.170172630494186,
      189.7322318201186,
      212.21011668257415
    ],
    [
      241.81594881904311,
      21.43184830714017,
      0.35868636399918835,
      -1.1451393331298343,
      245.79140933218878,
      8.73982358071953
    ],
    [
      134.25233278924134,
      193.29100925661623,
      1.1357777988302136,
      0.3873096844701856,
      189.7322318201186,
      212.21011668257415
    ],
    [
      225.236594468588,
      58.22992747463286,
      -1.1489869698967101,
      0.34616317396218904,
      181.50579922972247,
      71.405003673397
    ],
    [
      7.683115430758335,
      196.52600522805005,
      1.1955712159534655,
      0.10300226979805857,
      189.7322318201186,
      212.21011668257415
    ],
    [
      54.99493150401395,
      24.666844277642667,
      1.1256392674169564,
      0.4158560323585766,
      181.50579922972247,
      71.405003673397
    ],
    [
      238.5809528483078,
      48.52493956219405,
      0.21399595464633753,
      -1.1807648925145948,
      245.79140933218878,
      8.73982358071953
    ],
    [
      165.38916900835466,
      47.71619057003409,
      0.6750079207290433,
      0.9921513528454484,
      181.50579922972247,
      71.405003673397
    ],
    [
      84.1098952414468,
      240.60282533057034,
      1.1588602155605754,
      -0.3115172560082293,
      189.7322318201186,
      212.21011668257415
    ],
    [
      142.33982271631248,
      186.01226832251996,
      1.0502212907718023,
      0.5805473627617386,
      189.7322318201186,
      212.21011668257415
    ],
    [
      196.9303797238972,
      123.33422138821334,
      -0.34168271686609764,
      -1.1503273103751828,
      181.50579922972247,
      71.405003673397
    ],
    [
      51.759935533162206,
      42.86369661334902,
      1.17197863486496,
      0.25781016159194503,
      181.50579922972247,
      71.405003673397
    ],
    [
      257.1821796805598,
      19.8143503209576,
      -0.860387610092794,
      -0.8365005441712577,
      245.79140933218878,
      8.73982358071953
    ],
    [
      167.81541598646436,
      235.3459568778053,
      0.8252668159754205,
      -0.8711685729236283,
      189.7322318201186,
      212.21011668257415
    ],
    [
