{
  "scene_id": "00_Zurich_HB_simplified_obstacle",
  "scene_index": 19,
  "scenario": "A short labor action hands out pamphlets near the information board and then moves as a small procession toward the east gates.",
  "category": "Demonstrator",
  "crowd_size_label": "50-100",
  "crowd_size": 67,
  "ungrouped_agents": 27,
  "event_center_px": [
    447.9629023833082,
    95.07283936193066
  ],
  "event_center_m": [
    181.14477303612512,
    204.1796662779525
  ],
  "goal_location_raw": {
    "type": "gaussian_mixture_truncated_to_walkable",
    "components": [
      {
        "name": "leaflet_point_1",
        "weight": 0.4,
        "mean_px": [
          480,
          200
        ],
        "sigma_px": [
          16,
          14
        ],
        "support_radius_px": 45
      },
      {
        "name": "leaflet_point_2",
        "weight": 0.25,
        "mean_px": [
          520,
          260
        ],
        "sigma_px": [
          16,
          14
        ],
        "support_radius_px": 45
      },
      {
        "name": "east_gates",
        "weight": 0.35,
        "mean_px": [
          600,
          300
        ],
        "sigma_px": [
          20,
          18
        ],
        "support_radius_px": 55
      }
    ]
  },
  "goals_px": [
    [
      486.1817758080044,
      235.00540642877624
    ],
    [
      512.6185807349212,
      239.94276484075777
    ],
    [
      574.5292043136369,
      323.769250154842
    ]
  ],
  "goals_m": [
    [
      196.59951072838157,
      147.5945049468428
    ],
    [
      207.28988040587865,
      145.59796312544495
    ],
    [
      232.32495763443876,
      111.70067034568638
    ]
  ],
  "initial_state": [
    [
      143.55294620536733,
      129.80421332921833,
      1.1377224767886844,
      0.38155938700262815,
      196.59951072838157,
      147.5945049468428
    ],
    [
      21.43184830667451,
      196.93037972413003,
      1.1566933912751665,
      -0.3194689321050707,
      207.28988040587865,
      145.59796312544495
    ],
    [
      201.3784991838038,
      162.55854753404856,
      0.6237817491600771,
      -1.0251323472678024,
      232.32495763443876,
      111.70067034568638
    ],
    [
      161.3454240448773,
      152.85355962160975,
      1.186866750706365,
      -0.177051732744175,
      196.59951072838157,
      147.5945049468428
    ],
    [
      188.03414080420043,
      164.1760455192998,
      0.550734771645229,
      -1.066157216971717,
      196.59951072838157,
      147.5945049468428
    ],
    [
      107.5636160299182,
      179.94665087759495,
      1.1278519246516439,
      -0.4098170763396552,
      196.59951072838157,
      147.5945049468428
    ],
    [
      159.3235515630804,
      37.60682816058397,
      0.8422031253247522,
      0.8548063498203669,
      232.32495763443876,
      111.70067034568638
    ],
    [
      181.96852335880976,
      238.1765783522278,
      0.19134628750307828,
      -1.1846461911721953,
      196.59951072838157,
      147.5945049468428
    ],
    [
      9.300613416125998,
      18.601226832717657,
      0.9882950251492295,
      0.6806415673945306,
      196.59951072838157,
      147.5945049468428
    ],
    [
      226.04534346133005,
      2.021872482262552,
      0.0685931680706514,
      1.19803796988828,
      232.32495763443876,
      111.70067034568638
    ],
    [
      26.284342262893915,
      0.4043744960799813,
      0.9079244936848689,
      0.7846484013665446,
      196.59951072838157,
      147.5945049468428
    ],
    [
      16.174979854142293,
      236.15470586996526,
      1.0772290985369624,
      -0.5287508574605277,
      196.59951072838157,
      147.5945049468428
    ],
    [
      78.85302678879816,
      167.00666699372232,
      1.1840169945970733,
      -0.19520183530211482,
      196.59951072838157,
      147.5945049468428
    ],
    [
      196.9303797238972,
      156.49293008912355,
      -0.04458863266644681,
      -1.199171319635746,
      196.59951072838157,
      147.5945049468428
    ],
    [
      168.2197904828936,
      101.49799858499318,
      0.629120126092273,
      1.021864896620704,
      196.59951072838157,
      147.5945049468428
    ],
    [
      26.284342262893915,
      28.306214745156467,
      0.9828947949502068,
      0.6884168955362664,
      196.59951072838157,
      147.5945049468428
    ],
    [
      69.55241337267216,
      177.52040389925241,
      1.1680340242704488,
      -0.2751300022654393,
      196.59951072838157,
      147.5945049468428
    ],
    [
      23.858095284784213,
      50.5468120444566,
      1.0461993769600195,
      0.5877642925939506,
      196.59951072838157,
      147.5945049468428
    ],
    [
      187.2253918114584,
      181.5641488628462,
      0.31921551098736883,
      -1.1567633541675983,
      196.59951072838157,
      147.5945049468428
    ],
    [
      168.2197904828936,
      140.7223247308284,
      1.1662930314063158,
      0.28241912982846284,
      196.59951072838157,
      147.5945049468428
    ],
    [
      224.8322199722752,
      129.39983883313835,
      0.467813056333454,
      -1.1050569869124183,
      232.32495763443876,
      111.70067034568638
    ],
    [
      124.95171937311534,
      166.19791800156236,
      1.1614856958761133,
      -0.3015807989166093,
      196.59951072838157,
      147.5945049468428
    ],
    [
      19.814350321306847,
      4.448119459673762,
      0.932604603444004,
      0.7551481004644399,
      196.59951072838157,
      147.5945049468428
    ],
    [
      79.6617757815402,
      192.48226026445627,
      1.1202979075643402,
      -0.4300379033375556,
      196.59951072838157,
      147.5945049468428
    ],
    [
      192.4822602639906,
      198.95225220546126,
      0.09589400250144439,
      -1.196162338599679,
      196.59951072838157,
      147.5945049468428
    ],
    [
      24.26246978121344,
      66.31741740182042,
      1.0853518546228085,
      0.5118704442208304,
      196.59951072838157,
      147.5945049468428
    ],
    [
      214.31848306709435,
      166.60229249764234,
      -0.38079737296858107,
      -1.1379777505470956,
      207.28988040587865,
      145.59796312544495
    ],
    [
      156.8973045849707,
      213.91410857066512,
      0.6163722876082937,
      -1.0296043915351754,
      196.59951072838157,
      147.5945049468428
    ],
    [
      162.15417303750291,
      179.94665087759495,
      0.8746885898318552,
      -0.8215350697431977,
      196.59951072838157,
      147.5945049468428
    ],
    [
      10.109362408868037,
      53.7818080149591,
      1.0720043050386374,
      0.5392650275872042,
      196.59951072838157,
      147.5945049468428
    ],
    [
      181.56414886249695,
      180.35102537367493,
      0.5005896973039411,
      -1.090600731227129,
      196.59951072838157,
      147.5945049468428
    ],
    [
      96.2411301319953,
      182.77727235201746,
      1.1324281593831298,
      -0.39699680582611324,
      196.59951072838157,
      147.5945049468428
    ],
    [
      255.1603071987629,
      159.72792605962604,
      -1.1509098791589885,
      -0.3397152484864973,
      207.28988040587865,
      145.59796312544495
    ],
    [
      182.372897855239,
      63.48679592739791,
      0.8634173491090636,
      0.833372954479252,
      232.32495763443876,
      111.70067034568638
    ],
    [
      4.852493956219405,
      198.54787770938128,
      1.159751274821907,
      -0.30818335540544906,
      196.59951072838157,
      147.5945049468428
    ],
    [
      4.448119459906593,
      29.519338234327734,
      1.02239788350225,
      0.6282535855927285,
      196.59951072838157,
      147.5945049468428
    ],
    [
      53.377433518646285,
      3.6393704675137997,
      0.846359401336633,
      0.850691344595145,
      196.59951072838157,
      147.5945049468428
    ],
    [
      107.15924153348897,
      3.6393704675137997,
      0.9083181369058341,
      0.7841926817867623,
