{
  "scene_id": "00_Zurich_HB_simplified_obstacle",
  "scene_index": 20,
  "scenario": "A bicycle advocacy group holds signs near the southeast concourse and then disperses peacefully toward outdoor areas.",
  "category": "Demonstrator",
  "crowd_size_label": "50-100",
  "crowd_size": 97,
  "ungrouped_agents": 46,
  "event_center_px": [
    598.0632389751922,
    454.1199632630095
  ],
  "event_center_m": [
    241.84152104787063,
    58.99016638379544
  ],
  "goal_location_raw": {
    "type": "gaussian_mixture_truncated_to_walkable",
    "components": [
      {
        "name": "outdoor_SE",
        "weight": 0.45,
        "mean_px": [
          600,
          560
        ],
        "sigma_px": [
          22,
          18
        ],
        "support_radius_px": 60
      },
      {
        "name": "east_street_exit",
        "weight": 0.35,
        "mean_px": [
          600,
          300
        ],
        "sigma_px": [
          20,
          18
        ],
        "support_radius_px": 55
      },
      {
        "name": "north_concourse",
        "weight": 0.2,
        "mean_px": [
          440,
          100
        ],
        "sigma_px": [
          18,
          16
        ],
        "support_radius_px": 50
      }
    ]
  },
  "goals_px": [
    [
      609.0175065828075,
      573.2012491872074
    ],
    [
      559.3303063769869,
      302.0882204065987
    ],
    [
      452.75252461290745,
      83.87014411966365
    ]
  ],
  "goals_m": [
    [
      246.2711474945536,
      10.836731363087893
    ],
    [
      226.17891093611252,
      120.4679258307442
    ],
    [
      183.0815741128754,
      208.70975052472204
    ]
  ],
  "initial_state": [
    [
      139.91357573808637,
      186.82101731561124,
      1.0702734756932322,
      0.5426920740415586,
      183.0815741128754,
      208.70975052472204
    ],
    [
      155.68418109591585,
      240.60282533057034,
      0.6073174422399417,
      -1.0349712674036584,
      226.17891093611252,
      120.4679258307442
    ],
    [
      199.3566267020069,
      91.79301067255437,
      0.6016766373588468,
      -1.0382606724982655,
      246.2711474945536,
      10.836731363087893
    ],
    [
      116.86422944604419,
      241.4115743227303,
      1.0759438990287067,
      -0.5313612012020678,
      183.0815741128754,
      208.70975052472204
    ],
    [
      198.54787770926487,
      131.82608581148088,
      1.1098868044040193,
      -0.45623599311083957,
      226.17891093611252,
      120.4679258307442
    ],
    [
      172.66790994268376,
      201.78287367988378,
      0.9991491203626777,
      0.6646059247994162,
      183.0815741128754,
      208.70975052472204
    ],
    [
      105.94611804443412,
      12.939983882941306,
      1.199865230804637,
      -0.01798410148256129,
      246.2711474945536,
      10.836731363087893
    ],
    [
      226.44971795764286,
      149.21418915409595,
      -0.01130421728357781,
      -1.1999467549319034,
      226.17891093611252,
      120.4679258307442
    ],
    [
      158.51480257033836,
      189.24726429302245,
      0.9405979462123593,
      0.74516810424299,
      183.0815741128754,
      208.70975052472204
    ],
    [
      256.37343068781774,
      119.69485092069954,
      -1.1996068803959699,
      0.03071371854154785,
      226.17891093611252,
      120.4679258307442
    ],
    [
      56.61242948938161,
      19.8143503209576,
      1.198657856713026,
      -0.056739250436844565,
      246.2711474945536,
      10.836731363087893
    ],
    [
      255.5646816950757,
      99.88050059974194,
      -0.9828050563874031,
      0.6885450029877155,
      226.17891093611252,
      120.4679258307442
    ],
    [
      164.58042001572903,
      6.469991941936314,
      1.1982892333202253,
      0.06405398745454068,
      246.2711474945536,
      10.836731363087893
    ],
    [
      189.24726429325528,
      87.74926570896059,
      0.8982119773629896,
      0.7957482288523602,
      226.17891093611252,
      120.4679258307442
    ],
    [
      175.09415692079347,
      105.54174354858696,
      1.151839485696012,
      0.336549846518382,
      226.17891093611252,
      120.4679258307442
    ],
    [
      154.8754321031738,
      167.8154159868136,
      0.6813311541180737,
      0.9878197499686537,
      183.0815741128754,
      208.70975052472204
    ],
    [
      226.44971795764286,
      44.07682010252029,
      0.6145969253685923,
      -1.0306651344289632,
      246.2711474945536,
      10.836731363087893
    ],
    [
      140.7223247308284,
      141.93544821999967,
      0.6428081100352194,
      1.0133102849931748,
      183.0815741128754,
      208.70975052472204
    ],
    [
      228.87596493575256,
      53.7818080149591,
      0.4505128289278101,
      -1.112222185973406,
      246.2711474945536,
      10.836731363087893
    ],
    [
      14.153107372345403,
      201.3784991838038,
      1.1988715330539461,
      0.05202929206591624,
      183.0815741128754,
      208.70975052472204
    ],
    [
      257.9909286731854,
      148.80981465801597,
      -0.8959879924855033,
      -0.798251537625702,
      226.17891093611252,
      120.4679258307442
    ],
    [
      131.4217113147024,
      183.9903958402574,
      1.0824593932356508,
      0.517959131588494,
      183.0815741128754,
      208.70975052472204
    ],
    [
      237.77220385556575,
      73.19178383983672,
      -0.28580207435879823,
      1.1654686500683782,
      226.17891093611252,
      120.4679258307442
    ],
    [
      51.355561036849394,
      11.322485897690058,
      1.1999962735970364,
      -0.0029905439682831546,
      246.2711474945536,
      10.836731363087893
    ],
    [
      175.09415692079347,
      181.96852335892618,
      0.34343849742560967,
      1.1498043305215193,
      183.0815741128754,
      208.70975052472204
    ],
    [
      21.0274738103617,
      63.48679592739791,
      1.1562293111242656,
      0.3211444847683139,
      226.17891093611252,
      120.4679258307442
    ],
    [
      50.546812044107355,
      5.661242948845029,
      1.1995806886671803,
      0.031720204551254294,
      246.2711474945536,
      10.836731363087893
    ],
    [
      158.11042807402555,
      47.71619057003409,
      1.1070410963819375,
      -0.46309827350301946,
      246.2711474945536,
      10.836731363087893
    ],
    [
      203.4003716656007,
      54.99493150413036,
      0.8358843600107061,
      -0.8609862581304607,
      246.2711474945536,
      10.836731363087893
    ],
    [
      234.94158238114323,
      23.04934629239142,
      0.8161265519019795,
      -0.8797371489715469,
      246.2711474945536,
      10.836731363087893
    ],
    [
      3.6393704671645537,
      221.1928495047614,
      1.197106829236217,
      -0.08327808472827995,
      183.0815741128754,
      208.70975052472204
    ],
    [
      163.36729652655777,
      54.59055700805038,
      0.8280787247930818,
      0.8684961862582146,
      226.17891093611252,
      120.4679258307442
    ],
    [
      206.635367636336,
      167.8154159868136,
      -0.5989210006037802,
      1.03985269872024,
      183.0815741128754,
      208.70975052472204
    ],
    [
      49.333688555052504,
      51.75993553362787,
      1.118544751301826,
      0.43457754122266395,
      226.17891093611252,
      120.4679258307442
    ],
    [
      190.46038778231014,
      235.75033137388527,
      -0.31590465303441556,
      -1.1576719095629837,
      183.0815741128754,
      208.70975052472204
    ],
    [
      18.196852335939184,
      42.45932211726904,
      1.1235677803887563,
      0.4214207432866632,
      226.17891093611252,
      120.4679258307442
    ],
    [
      174.68978242448065,
      185.60789382643998,
      0.4097085909529689,
      1.1278913380726587,
      183.0815741128754,
      208.70975052472204
    ],
    [
      160.53667505213525,
      89.77113819029182,
      1.087014910209225,
      0.5083292092560001,
      226.17891093611252,
