{
  "scene_id": "00_Zurich_HB_simplified_obstacle",
  "scene_index": 23,
  "scenario": "A false alarm near the platform entry causes a wave of people to back away and escape toward distant edges until the situation clears.",
  "category": "Escaping",
  "crowd_size_label": "50-100",
  "crowd_size": 78,
  "ungrouped_agents": 38,
  "event_center_px": [
    464.0,
    105.0
  ],
  "event_center_m": [
    187.6297663077712,
    200.16537569463253
  ],
  "goal_location_raw": {
    "type": "gaussian_mixture_truncated_to_walkable",
    "components": [
      {
        "name": "far_NE_concourse",
        "weight": 0.35,
        "mean_px": [
          440,
          100
        ],
        "sigma_px": [
          22,
          20
        ],
        "support_radius_px": 60
      },
      {
        "name": "far_west_edge",
        "weight": 0.35,
        "mean_px": [
          60,
          300
        ],
        "sigma_px": [
          26,
          22
        ],
        "support_radius_px": 70
      },
      {
        "name": "south_open_space",
        "weight": 0.3,
        "mean_px": [
          420,
          520
        ],
        "sigma_px": [
          24,
          20
        ],
        "support_radius_px": 65
      }
    ]
  },
  "goals_px": [
    [
      456.4652238884577,
      93.22518813876303
    ],
    [
      10.0,
      49.0
    ],
    [
      447.8946752587839,
      492.0189451044625
    ]
  ],
  "goals_m": [
    [
      184.5828950125724,
      204.9268093109131
    ],
    [
      4.043744963477366,
      222.81034749094397
    ],
    [
      181.11718372697942,
      43.66478468943387
    ]
  ],
  "initial_state": [
    [
      238.17657835187856,
      241.00719982665032,
      -0.9954388791926967,
      -0.6701503098496544,
      184.5828950125724,
      204.9268093109131
    ],
    [
      189.6516387895681,
      207.8484911257401,
      -0.062293256862333744,
      -1.1983820551683353,
      181.11718372697942,
      43.66478468943387
    ],
    [
      225.64096896501724,
      136.67857976723462,
      -1.1184821953708968,
      0.43473851754623577,
      4.043744963477366,
      222.81034749094397
    ],
    [
      54.18618251127191,
      241.00719982665032,
      -1.128017475017206,
      -0.4093611804455896,
      4.043744963477366,
      222.81034749094397
    ],
    [
      139.50920124177355,
      142.33982271607965,
      0.7012790291786976,
      0.9737595818446069,
      184.5828950125724,
      204.9268093109131
    ],
    [
      225.236594468588,
      119.29047642461956,
      -0.6046904691075851,
      -1.036508290642409,
      181.11718372697942,
      43.66478468943387
    ],
    [
      26.284342262893915,
      14.153107372112572,
      1.1787786927285073,
      0.2246793127309931,
      181.11718372697942,
      43.66478468943387
    ],
    [
      149.6185636506416,
      196.52600522805005,
      1.1667938086948746,
      0.2803430184458108,
      184.5828950125724,
      204.9268093109131
    ],
    [
      232.91970989934634,
      4.448119459673762,
      -0.9567565290663695,
      0.7243044553838347,
      181.11718372697942,
      43.66478468943387
    ],
    [
      95.8367556356825,
      3.2349959705024958,
      1.084319103249309,
      0.5140545518995179,
      181.11718372697942,
      43.66478468943387
    ],
    [
      15.366230861400254,
      42.45932211726904,
      1.1999682656639408,
      0.008727049872325775,
      181.11718372697942,
      43.66478468943387
    ],
    [
      148.80981465789955,
      148.80981465801597,
      0.6450495268113425,
      1.0118849282208244,
      184.5828950125724,
      204.9268093109131
    ],
    [
      90.57988718303386,
      186.01226832251996,
      -1.1043042005895514,
      0.4695873002544596,
      4.043744963477366,
      222.81034749094397
    ],
    [
      168.2197904828936,
      50.1424375474453,
      1.072347879858234,
      -0.5385814929642037,
      181.11718372697942,
      43.66478468943387
    ],
    [
      88.15364020492416,
      193.69538375362754,
      -1.1339832881287575,
      0.3925326766585057,
      4.043744963477366,
      222.81034749094397
    ],
    [
      190.86476227862295,
      179.13790188450366,
      -0.2840013332071783,
      1.1659087626124718,
      184.5828950125724,
      204.9268093109131
    ],
    [
      89.77113819040824,
      175.90290591400117,
      -1.0527146903025073,
      0.5760136984667084,
      4.043744963477366,
      222.81034749094397
    ],
    [
      231.30221191386227,
      31.945585211738944,
      -1.1685612068673152,
      0.2728822196567668,
      181.11718372697942,
      43.66478468943387
    ],
    [
      225.64096896501724,
      148.40544016193599,
      -0.705262427459224,
      0.9708784210261975,
      184.5828950125724,
      204.9268093109131
    ],
    [
      144.36169519799296,
      136.27420527115464,
      0.6066003895521442,
      1.0353916975691795,
      184.5828950125724,
      204.9268093109131
    ],
    [
      226.04534346133005,
      55.80368049722165,
      -1.1584610720242008,
      -0.3129983140602177,
      181.11718372697942,
      43.66478468943387
    ],
    [
      190.0560132858809,
      123.73859588429332,
      -0.13313188540120127,
      -1.1925920933368297,
      181.11718372697942,
      43.66478468943387
    ],
    [
      199.3566267020069,
      196.93037972413003,
      -1.0553300523667701,
      0.5712079136107532,
      184.5828950125724,
      204.9268093109131
    ],
    [
      96.2411301319953,
      190.8647622782737,
      1.1850803872769446,
      0.18863847882000823,
      184.5828950125724,
      204.9268093109131
    ],
    [
      249.09468975348864,
      33.15870870091021,
      -1.1859199084143788,
      0.1832865811412043,
      181.11718372697942,
      43.66478468943387
    ],
    [
      192.0778857676778,
      124.54734487645328,
      -0.11141082268446169,
      1.1948169853951571,
      184.5828950125724,
      204.9268093109131
    ],
    [
      232.91970989934634,
      238.98532734438777,
      -0.9809499209432667,
      -0.691185396692811,
      184.5828950125724,
      204.9268093109131
    ],
    [
      95.8367556356825,
      193.29100925661623,
      1.1898166872356046,
      0.15600080376616968,
      184.5828950125724,
      204.9268093109131
    ],
    [
      242.22032331547234,
      57.82555297855288,
      -1.1690172338556883,
      -0.2709219573020888,
      181.11718372697942,
      43.66478468943387
    ],
    [
      258.39530316961464,
      19.8143503209576,
      -1.146631805387146,
      0.3538862852310245,
      181.11718372697942,
      43.66478468943387
    ],
    [
      171.85916095005814,
      34.77620668616146,
      0.8656238589272053,
      0.831080823299379,
      181.11718372697942,
      43.66478468943387
    ],
    [
      81.27927376690786,
      19.40997582487762,
      1.1660817824882843,
      0.28329009257110577,
      181.11718372697942,
      43.66478468943387
    ],
    [
      188.84288979682606,
      86.53614221978933,
      -0.2128200463236936,
      -1.180977403629206,
      181.11718372697942,
      43.66478468943387
    ],
    [
      143.1485717089381,
      44.07682010252029,
      1.199929346685789,
      -0.013021634391092912,
      181.11718372697942,
      43.66478468943387
    ],
    [
      222.4059729941655,
      139.10482674557716,
      -0.5978735423021002,
      1.0404552981340134,
      184.5828950125724,
      204.9268093109131
    ],
    [
      183.99039584060665,
      31.13683621957898,
      -0.26824865342920634,
      1.1696335579716484,
      181.11718372697942,
      43.66478468943387
    ],
    [
      255.5646816950757,
      134.2523327888921,
      -0.8503669396822189,
      0.8466853417270774,
      184.5828950125724,
      204.9268093109131
    ],
    [
      74.00053283257876,
      180.35102537367493,
      -1.0258389534566086,
      0.6226190179965991,
      4.043744963477366,
      222.81034749094397
    ],
    [
