{
  "scene_id": "00_Zurich_HB_simplified_obstacle",
  "scene_index": 28,
  "scenario": "During a tight transfer window, a group hurries across the east concourse toward the west-side exit to reach a connecting tram.",
  "category": "Rushing",
  "crowd_size_label": "50-100",
  "crowd_size": 90,
  "ungrouped_agents": 52,
  "event_center_px": [
    549.3616060078524,
    312.81846731320627
  ],
  "event_center_m": [
    222.14782274514437,
    116.12888764217496
  ],
  "goal_location_raw": {
    "type": "gaussian_mixture_truncated_to_walkable",
    "components": [
      {
        "name": "west_exit_edge",
        "weight": 0.7,
        "mean_px": [
          60,
          300
        ],
        "sigma_px": [
          28,
          24
        ],
        "support_radius_px": 75
      },
      {
        "name": "backup_exit_NE",
        "weight": 0.3,
        "mean_px": [
          440,
          100
        ],
        "sigma_px": [
          20,
          18
        ],
        "support_radius_px": 55
      }
    ]
  },
  "goals_px": [
    [
      639.0,
      355.0
    ],
    [
      422.5934186946445,
      89.82003636771252
    ]
  ],
  "goals_m": [
    [
      258.39530316961464,
      99.07175160665065
    ],
    [
      170.88600084674545,
      206.3037658436224
    ]
  ],
  "initial_state": [
    [
      198.54787770926487,
      143.55294620525092,
      -0.4840414648414368,
      1.0980454727897913,
      170.88600084674545,
      206.3037658436224
    ],
    [
      177.52040389901958,
      105.13736905157566,
      1.1966391718665554,
      -0.08974793788452272,
      258.39530316961464,
      99.07175160665065
    ],
    [
      196.9303797238972,
      144.3616951983422,
      -0.465114770329423,
      1.1061953943229956,
      170.88600084674545,
      206.3037658436224
    ],
    [
      1.2131234890548512,
      52.973059022799134,
      0.8903201150012469,
      0.8045682648626942,
      170.88600084674545,
      206.3037658436224
    ],
    [
      50.546812044107355,
      183.58602134417742,
      1.1791721322284774,
      0.22260521686552223,
      170.88600084674545,
      206.3037658436224
    ],
    [
      175.09415692079347,
      2.426246978342533,
      0.7834523106279737,
      0.9089568069890277,
      258.39530316961464,
      99.07175160665065
    ],
    [
      171.85916095005814,
      237.7722038552165,
      -0.03709221643005027,
      -1.1994265994550506,
      170.88600084674545,
      206.3037658436224
    ],
    [
      188.03414080420043,
      91.38863617554307,
      1.192909167215521,
      0.13026019642689152,
      258.39530316961464,
      99.07175160665065
    ],
    [
      209.87036360718776,
      0.8087489930912852,
      0.5313363749470924,
      1.0759561592639744,
      258.39530316961464,
      99.07175160665065
    ],
    [
      61.060548949288204,
      28.306214745156467,
      0.6301170562327357,
      1.0212504567659155,
      170.88600084674545,
      206.3037658436224
    ],
    [
      245.05094478989486,
      60.65617445297539,
      0.39376191752976825,
      1.1335570353110955,
      258.39530316961464,
      99.07175160665065
    ],
    [
      250.3078132425435,
      169.02853947598487,
      0.13781046437902428,
      -1.1920605168814364,
      258.39530316961464,
      99.07175160665065
    ],
    [
      167.00666699383873,
      195.3128817388788,
      0.3994022947607428,
      1.1315819930256281,
      170.88600084674545,
      206.3037658436224
    ],
    [
      198.14350321295206,
      208.2528656218201,
      -1.196943772496004,
      -0.08558975103967906,
      170.88600084674545,
      206.3037658436224
    ],
    [
      155.68418109591585,
      27.49746575206518,
      0.9845328962180708,
      0.686072136341695,
      258.39530316961464,
      99.07175160665065
    ],
    [
      233.32408439565916,
      68.74366438016295,
      0.7645763800117304,
      0.9248907822700787,
      258.39530316961464,
      99.07175160665065
    ],
    [
      257.1821796805598,
      111.202986497432,
      0.11940446282292969,
      -1.194044628252214,
      258.39530316961464,
      99.07175160665065
    ],
    [
      110.79861200076994,
      180.7553998697549,
      1.1043228199953445,
      0.4695435115487484,
      170.88600084674545,
      206.3037658436224
    ],
    [
      197.33475422021002,
      202.99599716905504,
      -1.1907241714411243,
      0.1489159076319511,
      170.88600084674545,
      206.3037658436224
    ],
    [
      174.68978242448065,
      110.79861200042069,
      1.188394324786829,
      -0.16649002617111006,
      258.39530316961464,
      99.07175160665065
    ],
    [
      129.80421332933474,
      24.666844277642667,
      1.038660591611285,
      0.6009860026936532,
      258.39530316961464,
      99.07175160665065
    ],
    [
      202.59162267285865,
      13.34435837995261,
      0.6546528522379998,
      1.0056985845951318,
      258.39530316961464,
      99.07175160665065
    ],
    [
      188.84288979682606,
      218.7666025273502,
      -0.9858297581438893,
      -0.6842073428120752,
      170.88600084674545,
      206.3037658436224
    ],
    [
      134.25233278924134,
      38.41557715367526,
      1.078184382659602,
      0.526800186967443,
      258.39530316961464,
      99.07175160665065
    ],
    [
      14.961856365087442,
      227.25846695061773,
      1.189308150738274,
      -0.15983154440693773,
      170.88600084674545,
      206.3037658436224
    ],
    [
      83.70552074501757,
      23.858095284551382,
      1.1021806922065958,
      0.47455002025812726,
      258.39530316961464,
      99.07175160665065
    ],
    [
      152.4491851250641,
      141.93544821999967,
      0.330425285750167,
      1.1536113429300703,
      170.88600084674545,
      206.3037658436224
    ],
    [
      171.85916095005814,
      25.879967766813934,
      0.916225921389382,
      0.7749387465949665,
      258.39530316961464,
      99.07175160665065
    ],
    [
      169.83728846826125,
      56.20805499330163,
      1.0801287150695944,
      0.522802026470926,
      258.39530316961464,
      99.07175160665065
    ],
    [
      10.109362408868037,
      194.09975824970752,
      1.196557781007544,
      0.09082662996226516,
      170.88600084674545,
      206.3037658436224
    ],
    [
      137.8917032564059,
      132.63483480364084,
      0.49049933657157296,
      1.095175967971744,
      170.88600084674545,
      206.3037658436224
    ],
    [
      199.76100119843613,
      152.85355962160975,
      -0.57036051039588,
      1.0557882781035934,
      170.88600084674545,
      206.3037658436224
    ],
    [
      246.2640682789497,
      241.81594881881028,
      -1.0855595616705784,
      -0.5114297977881047,
      170.88600084674545,
      206.3037658436224
    ],
    [
      150.42731264326721,
      176.71165490616113,
      0.6824169148116676,
      0.9870699845395589,
      170.88600084674545,
      206.3037658436224
    ],
    [
      57.42117848212365,
      32.34995970875025,
      0.655588983516441,
      1.0050885954441426,
      170.88600084674545,
      206.3037658436224
    ],
    [
      48.92931405873969,
      27.0930912559852,
      0.6751256462837808,
      0.9920712483132988,
      170.88600084674545,
      206.3037658436224
    ],
    [
      194.0997582494747,
      223.61909648310393,
      -0.9618859277525018,
      -0.7174785446211674,
      170.88600084674545,
      206.3037658436224
    ],
    [
      8.896238919813186,
      32.34995970875025,
      0.8177908484886546,
      0.8781902573635203,
      170.88600084674545,
      206.3037658436224
    ],
    [
      163.36729652655777,
      31.945585211738944,
      0.9801302070717577,
      0.6923472952106285,
      258.39530316961464,
      99.07175160665065
    ],
    [
      179.13790188438725,
      91.79301067255437,
      1.1949713946245384,
      0.10974227093096635,
      258.39530316961464,
      99.07175160665065
    ],
    [
