{
  "scene_id": "00_Zurich_HB_simplified_obstacle",
  "scene_index": 31,
  "scenario": "A stabbing is reported near the southeast concourse; the violent incident causes people to scatter rapidly toward distant exits.",
  "category": "Violent",
  "crowd_size_label": "50-100",
  "crowd_size": 76,
  "ungrouped_agents": 39,
  "event_center_px": [
    560.0,
    480.0
  ],
  "event_center_m": [
    226.44971795764286,
    48.52493956219405
  ],
  "goal_location_raw": {
    "type": "gaussian_mixture_truncated_to_walkable",
    "components": [
      {
        "name": "north_concourse_far",
        "weight": 0.4,
        "mean_px": [
          440,
          100
        ],
        "sigma_px": [
          22,
          20
        ],
        "support_radius_px": 60
      },
      {
        "name": "west_edge_far",
        "weight": 0.35,
        "mean_px": [
          60,
          300
        ],
        "sigma_px": [
          28,
          24
        ],
        "support_radius_px": 75
      },
      {
        "name": "east_street_exit_far",
        "weight": 0.25,
        "mean_px": [
          600,
          300
        ],
        "sigma_px": [
          24,
          20
        ],
        "support_radius_px": 65
      }
    ]
  },
  "goals_px": [
    [
      482.60378829103223,
      99.07168471383383
    ],
    [
      164.0,
      494.0
    ],
    [
      574.8202259915762,
      322.9269624355151
    ]
  ],
  "goals_m": [
    [
      195.152663828223,
      202.56263520289212
    ],
    [
      66.31741740193684,
      42.86369661334902
    ],
    [
      232.4426393788308,
      112.04127001855522
    ]
  ],
  "initial_state": [
    [
      201.3784991838038,
      100.6892495919019,
      1.1270984746565453,
      0.41188472711049684,
      232.4426393788308,
      112.04127001855522
    ],
    [
      145.5748186870478,
      154.87543210294098,
      0.8648584900116715,
      0.8318772699471549,
      195.152663828223,
      202.56263520289212
    ],
    [
      170.6460374610033,
      22.240597299300134,
      -1.1772203512373371,
      0.23270634850093846,
      66.31741740193684,
      42.86369661334902
    ],
    [
      154.06668311054818,
      234.13283338863403,
      0.9515336988078933,
      -0.7311522550283007,
      195.152663828223,
      202.56263520289212
    ],
    [
      132.63483480375726,
      24.666844277642667,
      -1.157226689492008,
      0.31753171357734955,
      66.31741740193684,
      42.86369661334902
    ],
    [
      125.35609386942815,
      23.04934629239142,
      -1.1376383533000507,
      0.38181013226569677,
      66.31741740193684,
      42.86369661334902
    ],
    [
      186.82101731502917,
      182.37289785500616,
      0.45775579576604675,
      1.1092608491435154,
      195.152663828223,
      202.56263520289212
    ],
    [
      193.29100925673265,
      173.47665893565863,
      0.07664943157392008,
      1.1975495249213683,
      195.152663828223,
      202.56263520289212
    ],
    [
      150.83168713969644,
      209.87036360707134,
      1.1840135953216653,
      -0.19522245284153134,
      195.152663828223,
      202.56263520289212
    ],
    [
      19.005601328564808,
      210.67911260016263,
      0.3256199912669063,
      -1.1549768921010237,
      66.31741740193684,
      42.86369661334902
    ],
    [
      169.83728846826125,
      234.13283338863403,
      0.7507043118037738,
      -0.9361853642517715,
      195.152663828223,
      202.56263520289212
    ],
    [
      171.4547864536289,
      116.05548045318574,
      1.1974090649713556,
      -0.07881326743907947,
      232.4426393788308,
      112.04127001855522
    ],
    [
      245.05094478989486,
      52.16431002970785,
      -0.24726195806393284,
      1.1742493449410094,
      232.4426393788308,
      112.04127001855522
    ],
    [
      18.196852335939184,
      69.14803887624294,
      1.0531362928625645,
      -0.5752425129071171,
      66.31741740193684,
      42.86369661334902
    ],
    [
      60.65617445297539,
      53.377433518879116,
      0.5689197876287656,
      -1.0565653199137477,
      66.31741740193684,
      42.86369661334902
    ],
    [
      4.448119459906593,
      8.491864423267543,
      1.0489887313453796,
      0.5827715174151964,
      66.31741740193684,
      42.86369661334902
    ],
    [
      167.41104149015155,
      217.9578535342589,
      1.0492582770924581,
      -0.5822860705469143,
      195.152663828223,
      202.56263520289212
    ],
    [
      172.66790994268376,
      93.00613416172564,
      1.1434230038911202,
      0.36412063134709527,
      232.4426393788308,
      112.04127001855522
    ],
    [
      97.04987912473734,
      29.11496373731643,
      -1.0953819022733347,
      0.4900392720711784,
      66.31741740193684,
      42.86369661334902
    ],
    [
      158.51480257033836,
      222.40597299393266,
      1.055176536418631,
      -0.5714914496224606,
      195.152663828223,
      202.56263520289212
    ],
    [
      169.43291397194844,
      38.01120265759528,
      0.777781103088554,
      0.9138142894912249,
      232.4426393788308,
      112.04127001855522
    ],
    [
      244.24219579726923,
      12.131234890781343,
      -0.1407440246720375,
      1.1917177180520213,
      232.4426393788308,
      112.04127001855522
    ],
    [
      197.73912871663924,
      161.3454240448773,
      -0.07515464406043862,
      1.1976442624903894,
      195.152663828223,
      202.56263520289212
    ],
    [
      155.68418109591585,
      142.33982271607965,
      0.6577732625723078,
      1.0036604680094667,
      195.152663828223,
      202.56263520289212
    ],
    [
      111.20298649708275,
      149.21418915409595,
      1.0127983688000421,
      0.6436143753490701,
      195.152663828223,
      202.56263520289212
    ],
    [
      150.0229381469544,
      29.11496373731643,
      -1.1841332574554808,
      0.19449531765024944,
      66.31741740193684,
      42.86369661334902
    ],
    [
      5.256868452532217,
      28.71058924123645,
      1.1690079293296303,
      0.2709621028196565,
      66.31741740193684,
      42.86369661334902
    ],
    [
      226.04534346133005,
      89.77113819029182,
      0.33131216929378077,
      1.1533569466899,
      232.4426393788308,
      112.04127001855522
    ],
    [
      183.1816468478646,
      53.7818080149591,
      0.7748054753758845,
      0.9163386248148384,
      232.4426393788308,
      112.04127001855522
    ],
    [
      0.40437449631281197,
      196.93037972413003,
      0.47200409391346176,
      -1.1032733728903874,
      66.31741740193684,
      42.86369661334902
    ],
    [
      178.3291528916452,
      197.33475422021002,
      1.1459459335662163,
      0.35610099317897587,
      195.152663828223,
      202.56263520289212
    ],
    [
      208.6572401181329,
      2.426246978342533,
      0.2544665400330836,
      1.1727091625819213,
      232.4426393788308,
      112.04127001855522
    ],
    [
      16.983728846767917,
      42.05494762118906,
      1.1998387855170565,
      0.019669488273843714,
      66.31741740193684,
      42.86369661334902
    ],
    [
      53.377433518646285,
      46.09869258478284,
      1.1641710001614605,
      -0.29104275009535113,
      66.31741740193684,
      42.86369661334902
    ],
    [
      10.109362408868037,
      225.23659446835518,
      1.1910915515522447,
      -0.1459483327101294,
      195.152663828223,
      202.56263520289212
    ],
    [
      188.03414080420043,
      88.55801470112056,
      1.060813328277278,
      0.560959073863044,
      232.4426393788308,
      112.04127001855522
    ],
    [
      193.29100925673265,
      101.90237308107316,
      1.1616793114833246,
      0.30083413581511825,
      232.4426393788308,
      112.04127001855522
    ],
    [
      157.3016790812835,
      173.07228443957865,
      0.9466079140552812,
      0.7375184452255475,
      195.152663828223,
      202.56263520289212
    ],
    [
