{
  "scene_id": "37_Millennium_Park_simplified_obstacle_anchored",
  "scene_index": 11,
  "scenario": "Inclusive garden tour: a guided group with mobility aids heads from the north promenade to accessible seating at the south edge.",
  "category": "Disability",
  "crowd_size_label": "50-100",
  "crowd_size": 70,
  "ungrouped_agents": 36,
  "event_center_px": [
    215.51239757269636,
    98.2782863499275
  ],
  "event_center_m": [
    95.8163150139153,
    223.06431697495282
  ],
  "goal_location_raw": {
    "type": "gaussian_mixture_truncated_to_walkable",
    "components": [
      {
        "weight": 0.35,
        "mean_px": [
          620,
          700
        ],
        "sigma_px": [
          24,
          20
        ],
        "support_radius_px": 85
      },
      {
        "weight": 0.25,
        "mean_px": [
          220,
          700
        ],
        "sigma_px": [
          24,
          20
        ],
        "support_radius_px": 85
      },
      {
        "weight": 0.2,
        "mean_px": [
          740,
          380
        ],
        "sigma_px": [
          26,
          22
        ],
        "support_radius_px": 80
      },
      {
        "weight": 0.2,
        "mean_px": [
          200,
          330
        ],
        "sigma_px": [
          24,
          20
        ],
        "support_radius_px": 75
      }
    ]
  },
  "goals_px": [
    [
      113.0,
      380.0
    ],
    [
      0.0,
      131.0
    ],
    [
      325.0,
      447.0
    ],
    [
      214.3141091708695,
      380.4622492072487
    ]
  ],
  "goals_m": [
    [
      50.23953943513334,
      97.81149270478636
    ],
    [
      0.0,
      208.5163185382262
    ],
    [
      144.49425058625638,
      68.02344719879329
    ],
    [
      95.28355875238776,
      97.60597777273506
    ]
  ],
  "initial_state": [
    [
      59.131493316963315,
      82.25057341065258,
      -0.29768336300066944,
      0.5209458852823502,
      50.23953943513334,
      97.81149270478636
    ],
    [
      261.4234441369772,
      60.46528639923781,
      -0.5987504625359382,
      0.03870250137910871,
      144.49425058625638,
      68.02344719879329
    ],
    [
      226.30022630281746,
      37.34620630554855,
      -0.545106743017245,
      0.25071625140212034,
      95.28355875238776,
      97.60597777273506
    ],
    [
      279.65194959565997,
      208.9609162323177,
      -0.5999992417382645,
      -0.0009538938659972786,
      0.0,
      208.5163185382262
    ],
    [
      44.015171717852354,
      104.03586042206734,
      0.42426406871192845,
      -0.42426406871192845,
      50.23953943513334,
      97.81149270478636
    ],
    [
      90.25333190523088,
      188.50942230317742,
      0.03315084311520268,
      -0.5990834846669963,
      95.28355875238776,
      97.60597777273506
    ],
    [
      65.80045872926712,
      188.06482460908592,
      -0.5729628504338887,
      0.17808304810585768,
      0.0,
      208.5163185382262
    ],
    [
      88.03034343384206,
      254.3098810315132,
      -0.5322860588041013,
      -0.27689628311480974,
      0.0,
      208.5163185382262
    ],
    [
      107.59264197573066,
      182.28505458589643,
      -0.08630984351170692,
      -0.5937597248997144,
      95.28355875238776,
      97.60597777273506
    ],
    [
      126.26574512757361,
      224.96643322054297,
      -0.5949719219680564,
      -0.07751394758130341,
      0.0,
      208.5163185382262
    ],
    [
      244.08413406834006,
      237.85976635012776,
      -0.30350124146456736,
      -0.5175780099941133,
      144.49425058625638,
      68.02344719879329
    ],
    [
      102.25746964663267,
      28.45425242278725,
      0.4378660310580058,
      0.4102113343698702,
      144.49425058625638,
      68.02344719879329
    ],
    [
      14.227126210927963,
      70.69103336334229,
      0.4792890085397171,
      0.36094604346496856,
      50.23953943513334,
      97.81149270478636
    ],
    [
      33.34482705779374,
      110.26022813934833,
      0.4830335024307602,
      -0.3559194228044779,
      50.23953943513334,
      97.81149270478636
    ],
    [
      132.4901128448546,
      137.8252851748839,
      -0.4074469929635337,
      -0.44043949405675936,
      95.28355875238776,
      97.60597777273506
    ],
    [
      125.82114743441343,
      41.34758555237204,
      0.34407740660993485,
      0.49153915231706774,
      144.49425058625638,
      68.02344719879329
    ],
    [
      28.898850116878748,
      96.47769962251186,
      0.5988315470899366,
      0.03742697168985436,
      50.23953943513334,
      97.81149270478636
    ],
    [
      45.34896479919553,
      94.69930884521455,
      0.5061968926233875,
      0.32212529534084516,
      50.23953943513334,
      97.81149270478636
    ],
    [
      96.92229731567204,
      91.58712498657405,
      -0.15762273252524048,
      0.5789257933373468,
      95.28355875238776,
      97.60597777273506
    ],
    [
      245.41792714968324,
      138.2698828689754,
      -0.4924546703685054,
      -0.3427658058095158,
      144.49425058625638,
      68.02344719879329
    ],
    [
      119.5967797152698,
      93.36551576294005,
      -0.5910774269248821,
      0.10308964729719794,
      95.28355875238776,
      97.60597777273506
    ],
    [
      136.93608978576958,
      48.46114865783602,
      0.2162395675355242,
      0.5596788806378614,
      144.49425058625638,
      68.02344719879329
    ],
    [
      28.00965472869575,
      164.94574451539665,
      -0.32445455478591817,
      0.5047070852273342,
      0.0,
      208.5163185382262
    ],
    [
      47.571953270584345,
      250.30850178468972,
      -0.45076223342207533,
      -0.39599672842126177,
      0.0,
      208.5163185382262
    ],
    [
      156.94298602081835,
      180.50666380953044,
      -0.35807897605851324,
      -0.48143477949239055,
      95.28355875238776,
      97.60597777273506
    ],
    [
      97.81149270385504,
      192.9553992440924,
      -0.01590180161269546,
      -0.5997892402381609,
      95.28355875238776,
      97.60597777273506
    ],
    [
      25.342068564146757,
      149.38482522126287,
      0.26084943950689155,
      -0.5403309818147951,
      50.23953943513334,
      97.81149270478636
    ],
    [
      72.46942413970828,
      229.85700785554945,
      -0.5755630421012408,
      -0.16949095718404966,
      0.0,
      208.5163185382262
    ],
    [
      40.01379247009754,
      192.5108015500009,
      -0.5570860145302613,
      0.2228344058146978,
      0.0,
      208.5163185382262
    ],
    [
      204.07034159824252,
      56.46390715241432,
      -0.5890149406077876,
      0.114286481006305,
      144.49425058625638,
      68.02344719879329
    ],
    [
      248.08551331423223,
      134.2685036212206,
      -0.5054810057718525,
      -0.323247510127884,
      144.49425058625638,
      68.02344719879329
    ],
    [
      135.1576990094036,
      219.63126089144498,
      -0.18636417886090836,
      -0.5703230600611371,
      95.28355875238776,
      97.60597777273506
    ],
    [
      247.64091562107205,
      55.574711764231324,
      -0.5956773678064438,
      0.07189209611067607,
      144.49425058625638,
      68.02344719879329
    ],
    [
      220.96505397371948,
      85.36275726929307,
      -0.5851464767838485,
      -0.13267856159700067,
      144.49425058625638,
      68.02344719879329
    ],
    [
      77.35999877564609,
      44.01517171692103,
      0.19030952519239533,
      0.5690187032260408,
      95.28355875238776,
      97.60597777273506
    ],
    [
      66.68965411745012,
      233.85838710237294,
      -0.5608701483543618,
      -0.21313065637058456,
      0.0,
      208.5163185382262
    ],
    [
      139.60367595031857,
      104.48045811615884,
      0.07977323596496569,
      -0.5946732134741549,
      144.49425058625638,
      68.02344719879329
    ],
    [
      219.63126089051366,
      133.8239059271291,
      -0.45138052382691335,
