{
  "scene_id": "37_Millennium_Park_simplified_obstacle_anchored",
  "scene_index": 12,
  "scenario": "Quiet morning accessibility program: participants with walkers move gently to viewing spots and rest areas.",
  "category": "Disability",
  "crowd_size_label": "0-50",
  "crowd_size": 41,
  "ungrouped_agents": 26,
  "event_center_px": [
    226.91940306193763,
    321.34547816618556
  ],
  "event_center_m": [
    100.88784334994853,
    123.88915786053985
  ],
  "goal_location_raw": {
    "type": "gaussian_mixture_truncated_to_walkable",
    "components": [
      {
        "weight": 0.3,
        "mean_px": [
          220,
          700
        ],
        "sigma_px": [
          26,
          22
        ],
        "support_radius_px": 85
      },
      {
        "weight": 0.3,
        "mean_px": [
          600,
          120
        ],
        "sigma_px": [
          24,
          20
        ],
        "support_radius_px": 70
      },
      {
        "weight": 0.2,
        "mean_px": [
          740,
          380
        ],
        "sigma_px": [
          26,
          22
        ],
        "support_radius_px": 80
      },
      {
        "weight": 0.2,
        "mean_px": [
          220,
          90
        ],
        "sigma_px": [
          24,
          20
        ],
        "support_radius_px": 70
      }
    ]
  },
  "goals_px": [
    [
      183.0,
      65.0
    ],
    [
      610.2641720022449,
      121.83007461043444
    ],
    [
      363.0,
      549.0
    ],
    [
      217.11488887426225,
      45.40467088897893
    ]
  ],
  "goals_m": [
    [
      81.3613780234009,
      237.85976635012776
    ],
    [
      271.322043672204,
      212.59324622154236
    ],
    [
      161.38896296173334,
      22.674482399597764
    ],
    [
      96.5287789516151,
      246.57180448807776
    ]
  ],
  "initial_state": [
    [
      220.52045627869666,
      44.45976941101253,
      -0.5160887142496882,
      -0.19013794735429262,
      161.38896296173334,
      22.674482399597764
    ],
    [
      33.34482705779374,
      200.0689623504877,
      0.43219721265301986,
      0.34015521365247425,
      81.3613780234009,
      237.85976635012776
    ],
    [
      126.26574512757361,
      182.28505458589643,
      -0.23090541738517878,
      0.49918201912947185,
      96.5287789516151,
      246.57180448807776
    ],
    [
      282.7641334552318,
      207.1825254559517,
      -0.4972106478236583,
      0.2351203344901884,
      271.322043672204,
      212.59324622154236
    ],
    [
      245.86252484470606,
      139.1590782571584,
      0.1801635546542056,
      0.519654783076574,
      271.322043672204,
      212.59324622154236
    ],
    [
      252.08689256198704,
      234.30298479646444,
      0.3647387202477896,
      -0.4116620773790133,
      271.322043672204,
      212.59324622154236
    ],
    [
      125.37654973939061,
      257.42206489108503,
      -0.5147910268685394,
      -0.19362385869420853,
      96.5287789516151,
      246.57180448807776
    ],
    [
      213.8514908682555,
      87.14114804565907,
      -0.34715811369672545,
      -0.4265925973273932,
      161.38896296173334,
      22.674482399597764
    ],
    [
      62.24367717653513,
      61.79907948151231,
      0.5116059879730538,
      -0.20188935848656223,
      161.38896296173334,
      22.674482399597764
    ],
    [
      68.91264258697629,
      183.61884766817093,
      0.12303082590685153,
      0.5360628842558287,
      81.3613780234009,
      237.85976635012776
    ],
    [
      123.59815896302462,
      200.0689623504877,
      -0.2766921185881675,
      0.47533301117342097,
      96.5287789516151,
      246.57180448807776
    ],
    [
      108.03723966889083,
      76.0262056933716,
      0.38890872964920675,
      -0.38890872965599566,
      161.38896296173334,
      22.674482399597764
    ],
    [
      157.83218140900135,
      212.96229547914118,
      -0.48227496747470544,
      0.26440661063459026,
      96.5287789516151,
      246.57180448807776
    ],
    [
      257.42206489108503,
      57.35310254059732,
      -0.5173046448306997,
      -0.18680445507691654,
      161.38896296173334,
      22.674482399597764
    ],
    [
      237.85976634919643,
      90.25333190429956,
      -0.4121309970159626,
      -0.36420878805793344,
      161.38896296173334,
      22.674482399597764
    ],
    [
      262.757237220183,
      20.45149392914027,
      -0.5498677954512298,
      0.012058504285546452,
      161.38896296173334,
      22.674482399597764
    ],
    [
      47.12735557556152,
      127.1549405157566,
      0.16248849171002933,
      0.5254497978511361,
      81.3613780234009,
      237.85976635012776
    ],
    [
      127.1549405157566,
      94.25471115112305,
      0.2373005235149184,
      -0.49617382190069814,
      161.38896296173334,
      22.674482399597764
    ],
    [
      127.59953821077943,
      72.02482644561678,
      0.3107227046908185,
      -0.4538186871313503,
      161.38896296173334,
      22.674482399597764
    ],
    [
      116.48459585756063,
      168.50252606812865,
      -0.24848051823141482,
      0.4906703904449987,
      81.3613780234009,
      237.85976635012776
    ],
    [
      20.451493930071592,
      143.6050551980734,
      0.2985171105205171,
      0.4619388863545495,
      81.3613780234009,
      237.85976635012776
    ],
    [
      144.49425058625638,
      71.58022875152528,
      0.17958613903281542,
      -0.5198546130095283,
      161.38896296173334,
      22.674482399597764
    ],
    [
      136.4914920926094,
      257.8666625851765,
      -0.5292665396153338,
      -0.14958920430168174,
      96.5287789516151,
      246.57180448807776
    ],
    [
      121.81976818665862,
      179.17287072725594,
      -0.31217295665919614,
      0.4528223107695287,
      81.3613780234009,
      237.85976635012776
    ],
    [
      73.35861952789128,
      50.684137128293514,
      0.5241091790077311,
      -0.16676201150094766,
      161.38896296173334,
      22.674482399597764
    ],
    [
      122.70896357484162,
      181.39585919771343,
      -0.32494698648747217,
      0.44374480951636,
      81.3613780234009,
      237.85976635012776
    ],
    [
      284.0979265384376,
      34.678620140999556,
      -0.5473870053676018,
      -0.053548728786864196,
      161.38896296173334,
      22.674482399597764
    ],
    [
      133.3793082330376,
      106.70344658661634,
      0.17392527130752597,
      -0.521775813928361,
      161.38896296173334,
      22.674482399597764
    ],
    [
      140.49287133850157,
      96.47769962251186,
      0.14983304443903234,
      -0.5291975612133252,
      161.38896296173334,
      22.674482399597764
    ],
    [
      212.9622954800725,
      79.58298724610358,
      -0.3693356836110646,
      -0.4075428232855385,
      161.38896296173334,
      22.674482399597764
    ],
    [
      40.45839016512036,
      151.60781369172037,
      0.23566769501168108,
      0.4969514438331791,
      81.3613780234009,
      237.85976635012776
    ],
    [
      208.5163185391575,
      102.25746964570135,
      -0.2802463603865894,
      -0.47324621233568254,
      161.38896296173334,
      22.674482399597764
    ],
    [
      9.336551576852798,
      167.16873298585415,
      0.3925262486701354,
      0.3852572440655089,
      81.3613780234009,
      237.85976635012776
    ],
    [
      128.9333312921226,
      81.36137802246958,
      0.2661743585858837,
      -0.48130157991782385,
      161.38896296173334,
      22.674482399597764
    ],
    [
      98.25609039887786,
      12.004137740470469,
      0.5423088076132186,
      0.09165782664414966,
      161.38896296173334,
      22.674482399597764
    ],
    [
      64.4666656460613,
      199.1797669623047,
      0.2201464064163266,
      0.5040194041323981,
      81.3613780234009,
      237.85976635012776
    ],
    [
      96.92229731567204,
      56.90850484650582,
      0.4857570134172363,
