{
  "scene_id": "37_Millennium_Park_simplified_obstacle_anchored",
  "scene_index": 13,
  "scenario": "Adaptive fitness session: participants with diverse mobility traverse short routes between nearby shaded corners.",
  "category": "Disability",
  "crowd_size_label": "50-100",
  "crowd_size": 71,
  "ungrouped_agents": 25,
  "event_center_px": [
    41.0,
    573.0
  ],
  "event_center_m": [
    18.228505458682775,
    12.004137740470469
  ],
  "goal_location_raw": {
    "type": "gaussian_mixture_truncated_to_walkable",
    "components": [
      {
        "weight": 0.35,
        "mean_px": [
          600,
          120
        ],
        "sigma_px": [
          24,
          20
        ],
        "support_radius_px": 70
      },
      {
        "weight": 0.25,
        "mean_px": [
          220,
          90
        ],
        "sigma_px": [
          24,
          20
        ],
        "support_radius_px": 70
      },
      {
        "weight": 0.2,
        "mean_px": [
          740,
          380
        ],
        "sigma_px": [
          26,
          22
        ],
        "support_radius_px": 80
      },
      {
        "weight": 0.2,
        "mean_px": [
          200,
          330
        ],
        "sigma_px": [
          24,
          20
        ],
        "support_radius_px": 75
      }
    ]
  },
  "goals_px": [
    [
      584.9195199354698,
      132.05755290877372
    ],
    [
      216.38196506172875,
      124.39277048707748
    ],
    [
      21.0,
      11.0
    ],
    [
      243.15466180640814,
      340.9379938229283
    ]
  ],
  "goals_m": [
    [
      260.0538698043674,
      208.0461329538375
    ],
    [
      96.2029227130115,
      211.45387754403055
    ],
    [
      9.336551576852798,
      261.868041832
    ],
    [
      108.10600195080042,
      115.17837057821453
    ]
  ],
  "initial_state": [
    [
      274.316777266562,
      164.05654912721366,
      -0.18505604002012369,
      0.5707488607540714,
      260.0538698043674,
      208.0461329538375
    ],
    [
      184.95264075137675,
      95.58850423432887,
      -0.5814059913237244,
      0.14821293213777734,
      108.10600195080042,
      115.17837057821453
    ],
    [
      187.17562922090292,
      37.34620630554855,
      -0.27786107299434815,
      0.5317830611390604,
      96.2029227130115,
      211.45387754403055
    ],
    [
      250.30850178562105,
      225.41103091463447,
      -0.5932489392592252,
      0.08975352955624676,
      9.336551576852798,
      261.868041832
    ],
    [
      89.36413651704788,
      185.84183613862842,
      0.1547858263983641,
      0.579690734742393,
      96.2029227130115,
      211.45387754403055
    ],
    [
      250.30850178562105,
      2.667586164548993,
      -0.470534069173348,
      0.37228710660882536,
      108.10600195080042,
      115.17837057821453
    ],
    [
      264.535627996549,
      265.424823384732,
      -0.046722735914486835,
      -0.5981780553887488,
      260.0538698043674,
      208.0461329538375
    ],
    [
      185.39723844453692,
      37.79080399964005,
      -0.4239997654511786,
      0.4245282074224816,
      108.10600195080042,
      115.17837057821453
    ],
    [
      234.30298479646444,
      12.004137740470469,
      -0.46451477775017186,
      0.3797710116000277,
      108.10600195080042,
      115.17837057821453
    ],
    [
      208.5163185391575,
      139.6036759512499,
      0.36092131481921585,
      0.4793076303473255,
      260.0538698043674,
      208.0461329538375
    ],
    [
      257.8666625842452,
      105.36965350434184,
      0.012778259365986366,
      0.5998639146402921,
      260.0538698043674,
      208.0461329538375
    ],
    [
      84.9181595761329,
      27.56505703460425,
      0.153511301670635,
      0.5800295511949259,
      108.10600195080042,
      115.17837057821453
    ],
    [
      118.26298663392663,
      251.64229486696422,
      -0.2887133995733497,
      -0.5259701254888905,
      96.2029227130115,
      211.45387754403055
    ],
    [
      206.2933300677687,
      86.25195265747607,
      -0.5755434086378104,
      0.16955761490882812,
      108.10600195080042,
      115.17837057821453
    ],
    [
      36.01241322234273,
      15.116321600042284,
      0.3507395394716762,
      0.4868077397198985,
      108.10600195080042,
      115.17837057821453
    ],
    [
      60.46528639830649,
      61.79907948151231,
      0.3995190886159778,
      0.4476432707317944,
      108.10600195080042,
      115.17837057821453
    ],
    [
      159.16597449220717,
      231.19080093782395,
      -0.5725299265776911,
      -0.1794700063323774,
      96.2029227130115,
      211.45387754403055
    ],
    [
      150.71861830353737,
      238.30436404421926,
      -0.5382554855694476,
      -0.26510570015448204,
      96.2029227130115,
      211.45387754403055
    ],
    [
      204.5149392914027,
      107.59264197479934,
      -0.5981512830212476,
      0.047064239290944436,
      108.10600195080042,
      115.17837057821453
    ],
    [
      163.61195143312216,
      68.02344719879329,
      -0.4572657499173807,
      0.3884688326654989,
      108.10600195080042,
      115.17837057821453
    ],
    [
      106.25884889252484,
      4.00137924682349,
      0.009967340234154853,
      0.5999172043946203,
      108.10600195080042,
      115.17837057821453
    ],
    [
      137.3806874807924,
      123.59815896302462,
      -0.576624233132882,
      -0.16584478817230167,
      108.10600195080042,
      115.17837057821453
    ],
    [
      88.03034343384206,
      201.4027554327622,
      0.378524130518294,
      0.46553139809831245,
      96.2029227130115,
      211.45387754403055
    ],
    [
      137.3806874807924,
      17.783907764591277,
      -0.17271369060533517,
      0.5746041951443485,
      108.10600195080042,
      115.17837057821453
    ],
    [
      265.86942107975483,
      183.17424997407943,
      -0.13660757408666546,
      0.5842417057196073,
      260.0538698043674,
      208.0461329538375
    ],
    [
      16.894712375476956,
      236.97057096194476,
      -0.17428896214858594,
      0.5741283459934449,
      9.336551576852798,
      261.868041832
    ],
    [
      175.17149147950113,
      8.447356187738478,
      -0.3192258947322867,
      0.508030341743848,
      108.10600195080042,
      115.17837057821453
    ],
    [
      213.8514908682555,
      132.4901128448546,
      0.31301430207331016,
      0.5118808911236661,
      260.0538698043674,
      208.0461329538375
    ],
    [
      92.47632037475705,
      250.75309947878122,
      0.05664172622363933,
      -0.5973204456992964,
      96.2029227130115,
      211.45387754403055
    ],
    [
      266.7586164679378,
      49.79494174011052,
      -0.025397864384117542,
      0.5994622160609674,
      260.0538698043674,
      208.0461329538375
    ],
    [
      120.04137741029263,
      183.17424997407943,
      -0.38670949134219357,
      0.45875458505159594,
      96.2029227130115,
      211.45387754403055
    ],
    [
      16.45011468231678,
      142.2712621157989,
      0.5753888822302439,
      -0.17008125765595247,
      108.10600195080042,
      115.17837057821453
    ],
    [
      194.73379002138972,
      8.891953881829977,
      -0.37906699096743424,
      0.46508947134814305,
      108.10600195080042,
      115.17837057821453
    ],
    [
      99.58988348022103,
      140.9374690335244,
      0.188337883336779,
      -0.5696743295078529,
      108.10600195080042,
      115.17837057821453
    ],
    [
      48.46114865876734,
      231.19080093782395,
      -0.4721631336602409,
      0.3702188207157241,
      9.336551576852798,
      261.868041832
    ],
    [
      53.35172329284251,
      199.6243646563962,
      0.5783661773399705,
      0.15966391235701857,
      96.2029227130115,
      211.45387754403055
    ],
    [
      158.27677910402417,
      197.40137618593872,
      -0.5851919520053324,
      0.13247784459368572,
