{
  "scene_id": "37_Millennium_Park_simplified_obstacle_anchored",
  "scene_index": 14,
  "scenario": "Community accessibility walk: volunteers accompany participants to vantage points along the east and south edges.",
  "category": "Disability",
  "crowd_size_label": "50-100",
  "crowd_size": 80,
  "ungrouped_agents": 45,
  "event_center_px": [
    356.0,
    247.0
  ],
  "event_center_m": [
    158.27677910402417,
    156.94298602174968
  ],
  "goal_location_raw": {
    "type": "gaussian_mixture_truncated_to_walkable",
    "components": [
      {
        "weight": 0.3,
        "mean_px": [
          620,
          700
        ],
        "sigma_px": [
          24,
          20
        ],
        "support_radius_px": 85
      },
      {
        "weight": 0.3,
        "mean_px": [
          220,
          700
        ],
        "sigma_px": [
          24,
          20
        ],
        "support_radius_px": 85
      },
      {
        "weight": 0.2,
        "mean_px": [
          220,
          90
        ],
        "sigma_px": [
          24,
          20
        ],
        "support_radius_px": 70
      },
      {
        "weight": 0.2,
        "mean_px": [
          600,
          120
        ],
        "sigma_px": [
          24,
          20
        ],
        "support_radius_px": 70
      }
    ]
  },
  "goals_px": [
    [
      258.0,
      391.0
    ],
    [
      274.0,
      74.0
    ],
    [
      165.45815751892894,
      108.31793374162154
    ],
    [
      598.4628963906838,
      98.48326971306935
    ]
  ],
  "goals_m": [
    [
      114.70620508119464,
      92.92091806884855
    ],
    [
      121.81976818665862,
      233.85838710237294
    ],
    [
      73.56231530569494,
      218.60071289446205
    ],
    [
      266.07522374764085,
      222.97318184375763
    ]
  ],
  "initial_state": [
    [
      251.19769717380404,
      6.224367717280984,
      -0.4642627307053557,
      0.2948900081013367,
      114.70620508119464,
      92.92091806884855
    ],
    [
      73.35861952789128,
      82.69517110474408,
      0.000824341307065335,
      0.549999382237298,
      73.56231530569494,
      218.60071289446205
    ],
    [
      205.4041346795857,
      23.119080093689263,
      0.1597675195209262,
      0.5262835164681965,
      266.07522374764085,
      222.97318184375763
    ],
    [
      116.48459585756063,
      52.01793021056801,
      0.016129978247777656,
      0.5497634253037631,
      121.81976818665862,
      233.85838710237294
    ],
    [
      100.47907886840403,
      241.86114559695125,
      0.5149810476611273,
      -0.19311789287854125,
      121.81976818665862,
      233.85838710237294
    ],
    [
      205.4041346795857,
      92.03172268066555,
      -0.5499735697637967,
      0.005391897742560856,
      114.70620508119464,
      92.92091806884855
    ],
    [
      172.94850300997496,
      60.46528639923781,
      -0.4804401096696984,
      0.267726167978717,
      114.70620508119464,
      92.92091806884855
    ],
    [
      152.94160677492619,
      123.15356126893312,
      -0.43142857536184637,
      -0.34112957122074256,
      114.70620508119464,
      92.92091806884855
    ],
    [
      241.86114559695125,
      181.39585919771343,
      0.27679329700324184,
      0.47527410063464975,
      266.07522374764085,
      222.97318184375763
    ],
    [
      104.03586042299867,
      124.04275665711612,
      0.1783783783688254,
      -0.5202702702735457,
      114.70620508119464,
      92.92091806884855
    ],
    [
      96.47769962251186,
      179.61746842134744,
      -0.2787170566047552,
      0.47414850243102297,
      73.56231530569494,
      218.60071289446205
    ],
    [
      39.56919477507472,
      60.46528639923781,
      0.5049095785434075,
      0.21809703687835566,
      114.70620508119464,
      92.92091806884855
    ],
    [
      52.46252790465951,
      243.63953637331724,
      0.35441677383151327,
      -0.4205814432745006,
      73.56231530569494,
      218.60071289446205
    ],
    [
      43.57057402282953,
      249.41930639650673,
      0.3835851896182738,
      -0.39416037637681567,
      73.56231530569494,
      218.60071289446205
    ],
    [
      78.24919416382909,
      88.03034343384206,
      0.5451171123531438,
      0.0731254662875393,
      114.70620508119464,
      92.92091806884855
    ],
    [
      216.07447933778167,
      23.119080093689263,
      -0.452991051308338,
      0.31192804848965844,
      114.70620508119464,
      92.92091806884855
    ],
    [
      271.649191102013,
      233.85838710237294,
      -0.25068250168954764,
      -0.4895490612253996,
      266.07522374764085,
      222.97318184375763
    ],
    [
      277.873558819294,
      214.74068625550717,
      -0.4510501075971157,
      0.31472813734496385,
      266.07522374764085,
      222.97318184375763
    ],
    [
      194.73379002138972,
      127.1549405157566,
      -0.5056749617061396,
      -0.21631651139821534,
      114.70620508119464,
      92.92091806884855
    ],
    [
      122.70896357484162,
      41.34758555237204,
      -0.08433553140440395,
      0.5434956468480101,
      114.70620508119464,
      92.92091806884855
    ],
    [
      171.61470992676914,
      66.2450564224273,
      -0.4980024147771819,
      0.2334386319273134,
      114.70620508119464,
      92.92091806884855
    ],
    [
      135.1576990094036,
      121.81976818665862,
      -0.3177178716191874,
      -0.44894916644735355,
      114.70620508119464,
      92.92091806884855
    ],
    [
      30.232643200084567,
      12.448735434561968,
      0.39822601495823734,
      0.3793626774084159,
      114.70620508119464,
      92.92091806884855
    ],
    [
      258.311260279268,
      179.61746842134744,
      0.09694951523666209,
      0.5413878383334597,
      266.07522374764085,
      222.97318184375763
    ],
    [
      242.30574329011142,
      84.47356188111007,
      -0.5487987001591393,
      0.03633162126356487,
      114.70620508119464,
      92.92091806884855
    ],
    [
      27.120459340512753,
      138.7144805630669,
      0.2764251127822495,
      0.47548833531782947,
      73.56231530569494,
      218.60071289446205
    ],
    [
      51.57333251647651,
      46.682757881470025,
      0.44372135156360537,
      0.3249790180404995,
      114.70620508119464,
      92.92091806884855
    ],
    [
      32.45563166961074,
      167.61333067994565,
      0.3452019035485352,
      0.42817711964380795,
      73.56231530569494,
      218.60071289446205
    ],
    [
      230.30160555057228,
      23.119080093689263,
      -0.4708203262826197,
      0.28430304317598765,
      114.70620508119464,
      92.92091806884855
    ],
    [
      29.34344781190157,
      216.07447933778167,
      0.5491046291703412,
      0.03137046738099653,
      73.56231530569494,
      218.60071289446205
    ],
    [
      133.8239059280604,
      62.24367717560381,
      -0.2908910875450298,
      0.46677872186601427,
      114.70620508119464,
      92.92091806884855
    ],
    [
      162.27815835177898,
      128.9333312921226,
      -0.4385202073321455,
      -0.331963895267802,
      114.70620508119464,
      92.92091806884855
    ],
    [
      200.9581577386707,
      32.90022936370224,
      -0.4514504252286275,
      0.3141536464230384,
      114.70620508119464,
      92.92091806884855
    ],
    [
      38.235401693731546,
      75.5816079992801,
      0.5363842703866033,
      0.12162201479103754,
      114.70620508119464,
      92.92091806884855
    ],
    [
      225.8556286096573,
      89.36413651611656,
      -0.5497186160844442,
      0.01759099571381784,
      114.70620508119464,
      92.92091806884855
    ],
    [
      273.8721795734018,
      146.71723905671388,
      -0.05594428012354435,
      0.547147363624699,
      266.07522374764085,
      222.97318184375763
    ],
    [
      117.81838893890381,
      220.07585858553648,
      0.15334560720809226,
      0.5281904247049368,
