{
  "scene_id": "37_Millennium_Park_simplified_obstacle_anchored",
  "scene_index": 15,
  "scenario": "Sensory-friendly hour: attendees move slowly across the upper promenade and disperse to quiet corners.",
  "category": "Disability",
  "crowd_size_label": "0-50",
  "crowd_size": 45,
  "ungrouped_agents": 31,
  "event_center_px": [
    579.9471127945263,
    110.84949185806342
  ],
  "event_center_m": [
    257.8431490547955,
    217.47518799360842
  ],
  "goal_location_raw": {
    "type": "gaussian_mixture_truncated_to_walkable",
    "components": [
      {
        "weight": 0.4,
        "mean_px": [
          220,
          700
        ],
        "sigma_px": [
          24,
          20
        ],
        "support_radius_px": 85
      },
      {
        "weight": 0.3,
        "mean_px": [
          220,
          90
        ],
        "sigma_px": [
          22,
          18
        ],
        "support_radius_px": 65
      },
      {
        "weight": 0.3,
        "mean_px": [
          740,
          380
        ],
        "sigma_px": [
          24,
          20
        ],
        "support_radius_px": 80
      }
    ]
  },
  "goals_px": [
    [
      176.0,
      408.0
    ],
    [
      230.76803770581625,
      85.50931580854473
    ],
    [
      51.0,
      32.0
    ]
  ],
  "goals_m": [
    [
      78.24919416382909,
      85.36275726929307
    ],
    [
      102.59893743880093,
      228.7413718337193
    ],
    [
      22.674482399597764,
      252.53149025514722
    ]
  ],
  "initial_state": [
    [
      76.47080338746309,
      208.0717208441347,
      0.39213333446093074,
      0.3102119404609562,
      102.59893743880093,
      228.7413718337193
    ],
    [
      136.4914920926094,
      160.49976757448167,
      -0.3063223536835005,
      -0.39517921963812874,
      78.24919416382909,
      85.36275726929307
    ],
    [
      28.00965472869575,
      224.07723783235997,
      -0.09214426752217918,
      0.4914360934677072,
      22.674482399597764,
      252.53149025514722
    ],
    [
      257.8666625842452,
      4.4459769409149885,
      -0.45587625941590626,
      0.20536999805463646,
      78.24919416382909,
      85.36275726929307
    ],
    [
      256.0882718078792,
      39.124597081914544,
      -0.48391125339418534,
      0.12581692588228546,
      78.24919416382909,
      85.36275726929307
    ],
    [
      155.16459524445236,
      67.1342518106103,
      -0.48652354166642564,
      0.11530326710183816,
      78.24919416382909,
      85.36275726929307
    ],
    [
      72.46942413970828,
      224.07723783235997,
      0.4941145901212241,
      0.07649033814368121,
      102.59893743880093,
      228.7413718337193
    ],
    [
      57.35310254059732,
      88.03034343384206,
      0.495974889802279,
      -0.0633159433761924,
      78.24919416382909,
      85.36275726929307
    ],
    [
      237.85976634919643,
      131.1563197625801,
      -0.48061012493807775,
      -0.13789092721062282,
      78.24919416382909,
      85.36275726929307
    ],
    [
      63.5774702578783,
      201.8473531268537,
      0.4116918658311348,
      0.2837425022947371,
      102.59893743880093,
      228.7413718337193
    ],
    [
      58.686895621940494,
      220.07585858553648,
      0.49053985144900714,
      0.09680213913125042,
      102.59893743880093,
      228.7413718337193
    ],
    [
      164.94574451632798,
      91.14252729248255,
      -0.4988925789284231,
      -0.03325950526010845,
      78.24919416382909,
      85.36275726929307
    ],
    [
      115.59540046937764,
      148.49562983307987,
      -0.2545688320048495,
      -0.43034254933911287,
      78.24919416382909,
      85.36275726929307
    ],
    [
      63.13287256471813,
      13.337930822744966,
      0.10270075586104227,
      0.4893388955985112,
      78.24919416382909,
      85.36275726929307
    ],
    [
      276.5397657379508,
      181.39585919771343,
      -0.4824472561056918,
      0.13131886793636724,
      102.59893743880093,
      228.7413718337193
    ],
    [
      29.788045505061746,
      241.41654790285975,
      -0.26952684821168366,
      0.4211357003307557,
      22.674482399597764,
      252.53149025514722
    ],
    [
      252.97608795017004,
      28.45425242278725,
      -0.4754191496463149,
      0.15484389606818505,
      78.24919416382909,
      85.36275726929307
    ],
    [
      32.45563166961074,
      122.70896357484162,
      0.3874809966779071,
      -0.31600391961729807,
      78.24919416382909,
      85.36275726929307
    ],
    [
      76.02620569244027,
      34.678620140999556,
      0.021908762092935456,
      0.49951977552801163,
      78.24919416382909,
      85.36275726929307
    ],
    [
      256.53286950290203,
      224.07723783235997,
      -0.49977064172479346,
      0.01514284220310253,
      102.59893743880093,
      228.7413718337193
    ],
    [
      94.25471115112305,
      247.19631792604923,
      0.20599294588105616,
      -0.45559511218541876,
      102.59893743880093,
      228.7413718337193
    ],
    [
      231.63539863191545,
      89.36413651611656,
      -0.49982995446068135,
      -0.013039042289724455,
      78.24919416382909,
      85.36275726929307
    ],
    [
      128.48873359896243,
      209.40551392640918,
      -0.4006044271471226,
      0.2991924012239043,
      102.59893743880093,
      228.7413718337193
    ],
    [
      36.01241322234273,
      161.83356065675616,
      0.24174045378418887,
      -0.43767745315953216,
      78.24919416382909,
      85.36275726929307
    ],
    [
      116.48459585756063,
      86.25195265747607,
      -0.49986484659843605,
      -0.01162476387381593,
      78.24919416382909,
      85.36275726929307
    ],
    [
      84.9181595761329,
      179.17287072725594,
      0.1679806370863268,
      0.47093789990196344,
      102.59893743880093,
      228.7413718337193
    ],
    [
      14.671723905950785,
      250.75309947878122,
      0.48809353009197637,
      0.10846522890932808,
      22.674482399597764,
      252.53149025514722
    ],
    [
      89.80873421020806,
      233.85838710237294,
      0.4642266551580317,
      -0.18572456122114256,
      102.59893743880093,
      228.7413718337193
    ],
    [
      104.92505581118166,
      20.45149392914027,
      -0.19005622272751063,
      0.46247014195788994,
      78.24919416382909,
      85.36275726929307
    ],
    [
      61.79907948151231,
      1.7783907763659954,
      0.09655211493418063,
      0.4905891245245218,
      78.24919416382909,
      85.36275726929307
    ],
    [
      60.46528639830649,
      105.36965350434184,
      0.33218191942575737,
      -0.37370465933223207,
      78.24919416382909,
      85.36275726929307
    ],
    [
      37.790803998708725,
      116.92919355165213,
      0.39420913322218887,
      -0.307569763280155,
      78.24919416382909,
      85.36275726929307
    ],
    [
      271.2045934088528,
      114.26160738617182,
      -0.4944848782956997,
      -0.07405879513526487,
      78.24919416382909,
      85.36275726929307
    ],
    [
      86.25195265747607,
      232.52459402009845,
      0.4871247197940127,
      -0.11273645091807981,
      102.59893743880093,
      228.7413718337193
    ],
    [
      250.30850178562105,
      127.1549405157566,
      -0.4858727385055371,
      -0.1180156005667471,
      78.24919416382909,
      85.36275726929307
    ],
    [
      260.978846443817,
      134.2685036212206,
      -0.4294089869362957,
      0.2561404340168577,
      102.59893743880093,
      228.7413718337193
    ],
    [
      13.782528517767787,
      132.9347105389461,
      0.4023186019030145,
      -0.29688338209270604,
      78.24919416382909,
      85.36275726929307
    ],
    [
      259.200455667451,
      220.96505397371948,
      -0.49938469020602183,
      0.024797806109322338,
      102.59893743880093,
      228.7413718337193
    ],
    [
      51.128734823316336,
      103.59126272797585,
      0.4149755884190847,
