{
  "scene_id": "37_Millennium_Park_simplified_obstacle_anchored",
  "scene_index": 16,
  "scenario": "Wheelchair photo meet-up: participants roll toward photogenic corners then spread to south-side seating.",
  "category": "Disability",
  "crowd_size_label": "0-50",
  "crowd_size": 49,
  "ungrouped_agents": 32,
  "event_center_px": [
    224.57664329609656,
    92.6496289838661
  ],
  "event_center_m": [
    99.8462577611208,
    225.56680506002158
  ],
  "goal_location_raw": {
    "type": "gaussian_mixture_truncated_to_walkable",
    "components": [
      {
        "weight": 0.35,
        "mean_px": [
          620,
          700
        ],
        "sigma_px": [
          24,
          20
        ],
        "support_radius_px": 85
      },
      {
        "weight": 0.35,
        "mean_px": [
          220,
          700
        ],
        "sigma_px": [
          24,
          20
        ],
        "support_radius_px": 85
      },
      {
        "weight": 0.3,
        "mean_px": [
          740,
          380
        ],
        "sigma_px": [
          24,
          20
        ],
        "support_radius_px": 80
      }
    ]
  },
  "goals_px": [
    [
      636.0,
      309.0
    ],
    [
      337.0,
      588.0
    ],
    [
      453.0,
      367.0
    ]
  ],
  "goals_m": [
    [
      282.7641334552318,
      129.3779289862141
    ],
    [
      149.82942291535437,
      5.335172329097986
    ],
    [
      201.40275543183088,
      103.59126272797585
    ]
  ],
  "initial_state": [
    [
      148.4956298340112,
      3.556781552731991,
      0.3299999998525294,
      0.44000000011060314,
      149.82942291535437,
      5.335172329097986
    ],
    [
      32.45563166961074,
      174.72689378540963,
      0.5068994563263042,
      -0.21343135003109856,
      201.40275543183088,
      103.59126272797585
    ],
    [
      35.12321783415973,
      215.62988164369017,
      0.5193977129515066,
      -0.18090333269662118,
      282.7641334552318,
      129.3779289862141
    ],
    [
      124.48735435120761,
      170.72551453858614,
      0.4143619869727783,
      -0.36166855510532175,
      201.40275543183088,
      103.59126272797585
    ],
    [
      203.18114621005952,
      98.25609039887786,
      -0.17392527147320963,
      0.521775813873133,
      201.40275543183088,
      103.59126272797585
    ],
    [
      43.125976329669356,
      123.59815896302462,
      0.36843921126309503,
      -0.4083534591549684,
      149.82942291535437,
      5.335172329097986
    ],
    [
      48.01655096374452,
      158.27677910402417,
      0.518059892865439,
      -0.18469961397969947,
      201.40275543183088,
      103.59126272797585
    ],
    [
      158.72137679718435,
      143.1604575039819,
      0.4033355702018675,
      -0.3739256848759315,
      201.40275543183088,
      103.59126272797585
    ],
    [
      134.2685036212206,
      56.46390715241432,
      0.16013888868124557,
      -0.52617063423564,
      149.82942291535437,
      5.335172329097986
    ],
    [
      102.25746964663267,
      201.4027554327622,
      0.3915334452978678,
      -0.3862661792251316,
      201.40275543183088,
      103.59126272797585
    ],
    [
      275.205972654745,
      189.3986176913604,
      0.0687165712233942,
      -0.5456904184968802,
      282.7641334552318,
      129.3779289862141
    ],
    [
      173.83769839815795,
      108.92643505707383,
      0.5399789178246548,
      -0.10451204861122351,
      201.40275543183088,
      103.59126272797585
    ],
    [
      84.47356188111007,
      220.52045627962798,
      0.3889087296510524,
      -0.38890872965414996,
      201.40275543183088,
      103.59126272797585
    ],
    [
      104.48045811615884,
      197.40137618593872,
      0.3952019529631412,
      -0.38251198200072006,
      201.40275543183088,
      103.59126272797585
    ],
    [
      27.120459340512753,
      219.18666319735348,
      0.4583459274661693,
      -0.3040049518925261,
      201.40275543183088,
      103.59126272797585
    ],
    [
      136.04689439758658,
      108.48183736298233,
      0.5484665692115712,
      -0.04104171606169637,
      201.40275543183088,
      103.59126272797585
    ],
    [
      156.94298602081835,
      113.81700969208032,
      0.536005352639323,
      -0.12328123110187943,
      201.40275543183088,
      103.59126272797585
    ],
    [
      9.336551576852798,
      48.90574635192752,
      0.5253177194580576,
      -0.1629149889463382,
      149.82942291535437,
      5.335172329097986
    ],
    [
      76.91540108062327,
      260.978846443817,
      0.3411993151339044,
      -0.4313734198489224,
      201.40275543183088,
      103.59126272797585
    ],
    [
      223.63264013826847,
      16.00551698822528,
      -0.544340281012096,
      -0.078699799667296,
      149.82942291535437,
      5.335172329097986
    ],
    [
      82.69517110474408,
      252.08689256105572,
      0.3434253950144958,
      -0.4296033031287557,
      201.40275543183088,
      103.59126272797585
    ],
    [
      242.30574329011142,
      131.6009174566716,
      0.5491716613270833,
      -0.030174267103799925,
      282.7641334552318,
      129.3779289862141
    ],
    [
      144.49425058625638,
      92.03172268066555,
      0.5389930257691078,
      0.10948295836458735,
      201.40275543183088,
      103.59126272797585
    ],
    [
      64.02206795290112,
      73.80321722198278,
      0.42991214038783004,
      -0.34303870269570863,
      149.82942291535437,
      5.335172329097986
    ],
    [
      198.7351692672819,
      111.14942352753133,
      0.18305106475432562,
      -0.5186446834705892,
      201.40275543183088,
      103.59126272797585
    ],
    [
      17.783907763659954,
      161.83356065675616,
      0.5242590076077779,
      -0.16629038740140062,
      201.40275543183088,
      103.59126272797585
    ],
    [
      163.16735373996198,
      92.03172268066555,
      0.5264662850106829,
      0.1591642257137276,
      201.40275543183088,
      103.59126272797585
    ],
    [
      62.688274869695306,
      220.96505397371948,
      0.41986245695172997,
      -0.3552682328079121,
      201.40275543183088,
      103.59126272797585
    ],
    [
      182.28505458682775,
      17.339310070499778,
      -0.5158470070655297,
      -0.19079272863905317,
      149.82942291535437,
      5.335172329097986
    ],
    [
      182.72965227998793,
      76.91540108155459,
      0.3154042893924403,
      0.4505775562906455,
      201.40275543183088,
      103.59126272797585
    ],
    [
      43.57057402282953,
      120.93057279847562,
      0.37221236659419393,
      -0.40491721889091037,
      149.82942291535437,
      5.335172329097986
    ],
    [
      174.28229609131813,
      120.04137741029263,
      0.47025522894592564,
      -0.285236778219456,
      201.40275543183088,
      103.59126272797585
    ],
    [
      66.2450564224273,
      76.91540108155459,
      0.41774794274757837,
      -0.35775222756841923,
      149.82942291535437,
      5.335172329097986
    ],
    [
      37.790803998708725,
      8.891953881829977,
      0.5497230614124798,
      -0.017451525758255943,
      149.82942291535437,
      5.335172329097986
    ],
    [
      191.6216061618179,
      61.79907948151231,
      0.1253364570525415,
      0.5355284983392729,
      201.40275543183088,
      103.59126272797585
    ],
    [
      245.86252484470606,
      146.27264136262238,
      0.5000806967135792,
      -0.22895260814077056,
      282.7641334552318,
      129.3779289862141
    ],
    [
      39.124597081914544,
      129.3779289862141,
      0.5431849034159341,
      -0.08631431341916812,
      201.40275543183088,
      103.59126272797585
    ],
    [
      126.71034282259643,
      89.36413651611656,
      0.5402862115315946,
      0.1029116593435217,
      201.40275543183088,
      103.59126272797585
    ],
    [
      57.797700233757496,
      207.6271231500432,
      0.44540039277569116,
