{
  "scene_id": "37_Millennium_Park_simplified_obstacle_anchored",
  "scene_index": 17,
  "scenario": "Low-impact community stroll: seniors and caregivers take brief routes from the west plaza to shaded edges.",
  "category": "Disability",
  "crowd_size_label": "50-100",
  "crowd_size": 83,
  "ungrouped_agents": 46,
  "event_center_px": [
    233.03816462816874,
    289.37769802477044
  ],
  "event_center_m": [
    103.60823063366115,
    138.10195919778198
  ],
  "goal_location_raw": {
    "type": "gaussian_mixture_truncated_to_walkable",
    "components": [
      {
        "weight": 0.3,
        "mean_px": [
          220,
          700
        ],
        "sigma_px": [
          24,
          20
        ],
        "support_radius_px": 85
      },
      {
        "weight": 0.3,
        "mean_px": [
          620,
          700
        ],
        "sigma_px": [
          24,
          20
        ],
        "support_radius_px": 85
      },
      {
        "weight": 0.2,
        "mean_px": [
          600,
          120
        ],
        "sigma_px": [
          22,
          18
        ],
        "support_radius_px": 70
      },
      {
        "weight": 0.2,
        "mean_px": [
          740,
          380
        ],
        "sigma_px": [
          24,
          20
        ],
        "support_radius_px": 80
      }
    ]
  },
  "goals_px": [
    [
      183.0,
      482.0
    ],
    [
      198.0,
      32.0
    ],
    [
      591.6161450151491,
      116.48863026509292
    ],
    [
      52.0,
      65.0
    ]
  ],
  "goals_m": [
    [
      81.3613780234009,
      52.46252790465951
    ],
    [
      88.03034343384206,
      252.53149025514722
    ],
    [
      263.03117387369275,
      214.96804006118327
    ],
    [
      23.119080094620585,
      237.85976635012776
    ]
  ],
  "initial_state": [
    [
      136.4914920926094,
      159.61057218629867,
      -0.27745260915674946,
      0.5319962872728643,
      88.03034343384206,
      252.53149025514722
    ],
    [
      142.7158598098904,
      0.44459769409149885,
      -0.4576541780792243,
      0.3880111509823262,
      81.3613780234009,
      52.46252790465951
    ],
    [
      181.84045689180493,
      262.757237220183,
      0.5170771468743154,
      -0.3043537812814516,
      263.03117387369275,
      214.96804006118327
    ],
    [
      150.71861830353737,
      172.94850300904363,
      -0.5347800298058679,
      0.2720483775375898,
      23.119080094620585,
      237.85976635012776
    ],
    [
      59.57609101012349,
      143.6050551980734,
      0.13948539104572846,
      -0.5835613298401636,
      81.3613780234009,
      52.46252790465951
    ],
    [
      127.59953821077943,
      224.07723783235997,
      -0.4871281491986157,
      0.35029439941045476,
      88.03034343384206,
      252.53149025514722
    ],
    [
      219.18666319735348,
      20.00689623504877,
      -0.5840255839739654,
      0.13752860525675592,
      81.3613780234009,
      52.46252790465951
    ],
    [
      103.14666503481567,
      17.783907764591277,
      -0.31916951751350836,
      0.5080657625644482,
      81.3613780234009,
      52.46252790465951
    ],
    [
      182.72965227998793,
      105.36965350434184,
      -0.5319093040605547,
      -0.2776193297553618,
      81.3613780234009,
      52.46252790465951
    ],
    [
      84.9181595761329,
      12.004137740470469,
      -0.052544597164501376,
      0.5976947927737201,
      81.3613780234009,
      52.46252790465951
    ],
    [
      44.90436710603535,
      68.46804489288479,
      0.5493864181141407,
      -0.24119403722255378,
      81.3613780234009,
      52.46252790465951
    ],
    [
      145.8280436694622,
      64.0220679519698,
      -0.5905808752746687,
      -0.10589726039802083,
      81.3613780234009,
      52.46252790465951
    ],
    [
      79.58298724517226,
      6.668965411372483,
      0.023283420026892133,
      0.5995480650889062,
      81.3613780234009,
      52.46252790465951
    ],
    [
      190.28781308047473,
      91.58712498657405,
      -0.5646792069806218,
      -0.20282355189606577,
      81.3613780234009,
      52.46252790465951
    ],
    [
      267.203214161098,
      201.4027554327622,
      -0.17637838311698004,
      0.5734899004943678,
      263.03117387369275,
      214.96804006118327
    ],
    [
      133.3793082330376,
      184.50804305635393,
      -0.3328201177351375,
      0.4992301766027062,
      88.03034343384206,
      252.53149025514722
    ],
    [
      147.16183675080538,
      172.05930762086064,
      -0.35528126464407667,
      0.48350307443997237,
      88.03034343384206,
      252.53149025514722
    ],
    [
      104.03586042299867,
      151.60781369172037,
      -0.1337660981123197,
      -0.5848988211612375,
      81.3613780234009,
      52.46252790465951
    ],
    [
      119.5967797152698,
      84.91815957520157,
      -0.4574259577966364,
      -0.3882801735008238,
      81.3613780234009,
      52.46252790465951
    ],
    [
      155.16459524445236,
      68.02344719879329,
      -0.5870923192595399,
      -0.12378452514936814,
      81.3613780234009,
      52.46252790465951
    ],
    [
      164.50114682130516,
      42.236780940555036,
      -0.5955125445490842,
      0.07324485841801416,
      81.3613780234009,
      52.46252790465951
    ],
    [
      266.7586164679378,
      63.132872563786805,
      -0.01472512578094438,
      0.5998192816763523,
      263.03117387369275,
      214.96804006118327
    ],
    [
      19.117700846865773,
      103.59126272797585,
      0.4636357527161127,
      -0.3808436540148248,
      81.3613780234009,
      52.46252790465951
    ],
    [
      159.61057218536735,
      215.62988164369017,
      -0.5333029809495181,
      0.27493259266656234,
      88.03034343384206,
      252.53149025514722
    ],
    [
      105.36965350434184,
      150.71861830353737,
      -0.14241655053558508,
      -0.582852919812147,
      81.3613780234009,
      52.46252790465951
    ],
    [
      79.58298724517226,
      242.30574329104275,
      0.38212886822281594,
      0.46257705095556745,
      88.03034343384206,
      252.53149025514722
    ],
    [
      69.35724028199911,
      22.674482399597764,
      0.2242657625197856,
      0.5565113365973949,
      81.3613780234009,
      52.46252790465951
    ],
    [
      160.05516988039017,
      140.9374690335244,
      -0.3987581172702075,
      -0.44832127309678205,
      81.3613780234009,
      52.46252790465951
    ],
    [
      176.94988225586712,
      61.79907948151231,
      -0.5971582297840584,
      -0.05832708291325388,
      81.3613780234009,
      52.46252790465951
    ],
    [
      64.4666656460613,
      56.46390715241432,
      0.5838481724902067,
      -0.13827983034356722,
      81.3613780234009,
      52.46252790465951
    ],
    [
      47.12735557556152,
      230.74620324373245,
      -0.5752788676189539,
      0.17045299783533943,
      23.119080094620585,
      237.85976635012776
    ],
    [
      133.8239059280604,
      179.61746842134744,
      -0.3191125542714918,
      0.5081015427120097,
      88.03034343384206,
      252.53149025514722
    ],
    [
      180.50666380859911,
      66.2450564224273,
      -0.5942852725784602,
      -0.08261364776079813,
      81.3613780234009,
      52.46252790465951
    ],
    [
      99.58988348022103,
      187.17562922090292,
      -0.10450047851714815,
      0.5908296285645187,
      88.03034343384206,
      252.53149025514722
    ],
    [
      160.49976757355034,
      110.26022813934833,
      -0.48453440332804343,
      -0.35387344064161813,
      81.3613780234009,
      52.46252790465951
    ],
    [
      13.337930822744966,
      53.796320986934006,
      0.5998846929940505,
      -0.011762444959862447,
      81.3613780234009,
      52.46252790465951
    ],
    [
      272.0937887970358,
      177.83907764498144,
      -0.14227402709982861,
      0.5828877260783566,
      263.03117387369275,
