{
  "scene_id": "37_Millennium_Park_simplified_obstacle_anchored",
  "scene_index": 18,
  "scenario": "Inclusive arts stop: participants with canes move carefully to viewing zones at the north and south corridors.",
  "category": "Disability",
  "crowd_size_label": "0-50",
  "crowd_size": 13,
  "ungrouped_agents": 7,
  "event_center_px": [
    273.0,
    521.0
  ],
  "event_center_m": [
    121.37517049349844,
    35.123217835091054
  ],
  "goal_location_raw": {
    "type": "gaussian_mixture_truncated_to_walkable",
    "components": [
      {
        "weight": 0.4,
        "mean_px": [
          220,
          700
        ],
        "sigma_px": [
          24,
          20
        ],
        "support_radius_px": 85
      },
      {
        "weight": 0.3,
        "mean_px": [
          600,
          120
        ],
        "sigma_px": [
          22,
          18
        ],
        "support_radius_px": 70
      },
      {
        "weight": 0.3,
        "mean_px": [
          220,
          90
        ],
        "sigma_px": [
          22,
          18
        ],
        "support_radius_px": 65
      }
    ]
  },
  "goals_px": [
    [
      88.0,
      408.0
    ],
    [
      595.2709458822114,
      101.4238372665006
    ],
    [
      207.64453036918852,
      141.90194919213712
    ]
  ],
  "goals_m": [
    [
      39.124597081914544,
      85.36275726929307
    ],
    [
      264.65608991123736,
      221.6658122902736
    ],
    [
      92.31827939674258,
      203.66933706589043
    ]
  ],
  "initial_state": [
    [
      127.1549405157566,
      116.48459585756063,
      -0.4714071929014001,
      -0.16665910860442693,
      39.124597081914544,
      85.36275726929307
    ],
    [
      95.58850423432887,
      230.74620324373245,
      -0.05995213119419499,
      -0.4963927295652849,
      92.31827939674258,
      203.66933706589043
    ],
    [
      226.74482399784029,
      264.0910303024575,
      0.3331624084423654,
      -0.37283080559535653,
      264.65608991123736,
      221.6658122902736
    ],
    [
      86.69655035249889,
      109.81563044525683,
      -0.4446921856484936,
      -0.22858009542207675,
      39.124597081914544,
      85.36275726929307
    ],
    [
      38.67999938689172,
      160.05516988039017,
      0.38793993493218054,
      0.31544033807491323,
      92.31827939674258,
      203.66933706589043
    ],
    [
      108.92643505707383,
      166.27953759767115,
      -0.20297194090603524,
      0.45694900284915485,
      92.31827939674258,
      203.66933706589043
    ],
    [
      186.73103152774274,
      56.46390715241432,
      -0.49068421457828554,
      0.09606769261146542,
      39.124597081914544,
      85.36275726929307
    ],
    [
      178.28367533907294,
      114.26160738617182,
      -0.34654686994409467,
      0.36042373247602705,
      92.31827939674258,
      203.66933706589043
    ],
    [
      150.71861830353737,
      88.47494112793356,
      -0.49980567199080445,
      -0.013938803600755535,
      39.124597081914544,
      85.36275726929307
    ],
    [
      175.61608917452395,
      96.92229731660336,
      -0.3075965222573277,
      0.3941882538777598,
      92.31827939674258,
      203.66933706589043
    ],
    [
      49.79494174011052,
      9.336551575921476,
      -0.0694943141827549,
      0.4951469885763909,
      39.124597081914544,
      85.36275726929307
    ],
    [
      156.05379063263535,
      182.72965227998793,
      -0.47502025763464634,
      0.15606330394014548,
      92.31827939674258,
      203.66933706589043
    ],
    [
      82.2505734115839,
      66.6896541165188,
      -0.45883531767236,
      0.19867096228816256,
      39.124597081914544,
      85.36275726929307
    ]
  ],
  "groups": [
    [
      1,
      2,
      5,
      7
    ],
    [
      6,
      9
    ]
  ],
  "towards_event": true,
  "assets": {
    "obstacle_png": "downloads/maps/simplified_obstacles/37_Millennium_Park_simplified_obstacle.png",
    "homography": "downloads/google_maps/homographies/37_Millennium_Park_simplified_obstacle_anchored.txt",
    "anchored_obstacles": "preprocess/pysfm_obstacles_meter_close_shape/37_Millennium_Park_simplified_obstacle_anchored.npz"
  }
}