{
  "scene_id": "37_Millennium_Park_simplified_obstacle_anchored",
  "scene_index": 20,
  "scenario": "Cohesive alumni meet-up: a few large groups head from the north promenade toward south-side seating together.",
  "category": "Cohesive",
  "crowd_size_label": "50-100",
  "crowd_size": 98,
  "ungrouped_agents": 36,
  "event_center_px": [
    601.2966930391708,
    144.72653948393798
  ],
  "event_center_m": [
    267.3351232018322,
    202.413530735299
  ],
  "goal_location_raw": {
    "type": "gaussian_mixture_truncated_to_walkable",
    "components": [
      {
        "weight": 0.35,
        "mean_px": [
          620,
          700
        ],
        "sigma_px": [
          26,
          22
        ],
        "support_radius_px": 85
      },
      {
        "weight": 0.35,
        "mean_px": [
          220,
          700
        ],
        "sigma_px": [
          26,
          22
        ],
        "support_radius_px": 85
      },
      {
        "weight": 0.3,
        "mean_px": [
          740,
          380
        ],
        "sigma_px": [
          28,
          24
        ],
        "support_radius_px": 80
      }
    ]
  },
  "goals_px": [
    [
      131.0,
      464.0
    ],
    [
      135.0,
      567.0
    ],
    [
      128.0,
      464.0
    ]
  ],
  "goals_m": [
    [
      58.24229792878032,
      60.46528639923781
    ],
    [
      60.02068870514631,
      14.671723905950785
    ],
    [
      56.9085048455745,
      60.46528639923781
    ]
  ],
  "initial_state": [
    [
      214.7406862564385,
      264.535627996549,
      -0.4868323361372115,
      -0.6348183019503969,
      58.24229792878032,
      60.46528639923781
    ],
    [
      191.6216061618179,
      72.91402183379978,
      -0.7966059351047106,
      -0.07361374977509068,
      56.9085048455745,
      60.46528639923781
    ],
    [
      281.43034037202597,
      122.26436588075012,
      -0.7195416196999195,
      -0.3496567710192618,
      60.02068870514631,
      14.671723905950785
    ],
    [
      151.60781369172037,
      155.60919293854386,
      -0.5603238362408857,
      -0.5709966712164767,
      58.24229792878032,
      60.46528639923781
    ],
    [
      224.9664332214743,
      261.4234441379085,
      -0.510806482407695,
      -0.615692080126322,
      58.24229792878032,
      60.46528639923781
    ],
    [
      196.9567784909159,
      261.4234441379085,
      -0.4544586310351448,
      -0.6583823757343921,
      58.24229792878032,
      60.46528639923781
    ],
    [
      27.120459340512753,
      208.0717208441347,
      0.1582553755434204,
      -0.7841908161357227,
      56.9085048455745,
      60.46528639923781
    ],
    [
      65.3558610342443,
      232.52459402009845,
      -0.03304670410893481,
      -0.799317155669473,
      58.24229792878032,
      60.46528639923781
    ],
    [
      112.92781430482864,
      79.58298724610358,
      -0.7551823546261276,
      -0.2640068394215148,
      58.24229792878032,
      60.46528639923781
    ],
    [
      272.9829841852188,
      38.235401693731546,
      -0.7951473924203598,
      -0.08798081794972323,
      60.02068870514631,
      14.671723905950785
    ],
    [
      244.97332945652306,
      56.01930945832282,
      -0.7997733389953315,
      0.01904222235608197,
      58.24229792878032,
      60.46528639923781
    ],
    [
      53.35172329284251,
      88.91953882202506,
      0.09922778766816896,
      -0.7938223013713338,
      56.9085048455745,
      60.46528639923781
    ],
    [
      119.5967797152698,
      116.92919355165213,
      -0.5886597848519489,
      -0.5417376280987478,
      58.24229792878032,
      60.46528639923781
    ],
    [
      92.47632037475705,
      232.07999632600695,
      -0.15650202443616185,
      -0.784542616017373,
      58.24229792878032,
      60.46528639923781
    ],
    [
      22.229884706437588,
      211.18390470277518,
      0.17938368102425017,
      -0.7796290752545021,
      56.9085048455745,
      60.46528639923781
    ],
    [
      194.2891923263669,
      101.36827425751835,
      -0.7661230737631892,
      -0.23033765616512447,
      58.24229792878032,
      60.46528639923781
    ],
    [
      62.24367717653513,
      42.681378634646535,
      -0.17560975612771137,
      0.780487804871265,
      58.24229792878032,
      60.46528639923781
    ],
    [
      160.05516988039017,
      120.48597510438412,
      -0.689160241942144,
      -0.4062735050753934,
      58.24229792878032,
      60.46528639923781
    ],
    [
      20.00689623504877,
      52.90712559875101,
      0.7837297855139598,
      0.16052296813304556,
      56.9085048455745,
      60.46528639923781
    ],
    [
      56.46390715241432,
      201.4027554327622,
      0.002523646743790988,
      -0.7999960194945426,
      56.9085048455745,
      60.46528639923781
    ],
    [
      239.19355943240225,
      125.37654973939061,
      -0.7530160609377924,
      -0.2701236975345387,
      58.24229792878032,
      60.46528639923781
    ],
    [
      132.4901128448546,
      134.2685036212206,
      -0.5673816216534177,
      -0.5639841269131057,
      58.24229792878032,
      60.46528639923781
    ],
    [
      159.16597449220717,
      123.15356126893312,
      -0.6795733317147091,
      -0.42211383159305504,
      58.24229792878032,
      60.46528639923781
    ],
    [
      32.01103397645056,
      176.06068686861545,
      0.16844486074828982,
      -0.7820654249405796,
      56.9085048455745,
      60.46528639923781
    ],
    [
      104.48045811615884,
      210.29470931459218,
      -0.2359061815511078,
      -0.7644267613748069,
      58.24229792878032,
      60.46528639923781
    ],
    [
      166.72413529269397,
      45.34896479919553,
      -0.7923445749958558,
      0.1104086702874229,
      58.24229792878032,
      60.46528639923781
    ],
    [
      17.339310070499778,
      4.890574635006487,
      0.7797858548206127,
      0.17870092507227364,
      60.02068870514631,
      14.671723905950785
    ],
    [
      38.235401693731546,
      32.01103397551924,
      0.6259393756601135,
      -0.49819664591226165,
      60.02068870514631,
      14.671723905950785
    ],
    [
      251.64229486696422,
      119.59677971620113,
      -0.7650402870609052,
      -0.23390886937815694,
      58.24229792878032,
      60.46528639923781
    ],
    [
      172.50390531495214,
      10.670344658195972,
      -0.7994943010820237,
      0.028440508739585285,
      60.02068870514631,
      14.671723905950785
    ],
    [
      10.670344658195972,
      146.27264136262238,
      0.3794974420728277,
      -0.7042596761565871,
      56.9085048455745,
      60.46528639923781
    ],
    [
      208.0717208441347,
      31.56643628142774,
      -0.7948415137423115,
      -0.09070263519783134,
      60.02068870514631,
      14.671723905950785
    ],
    [
      64.91126334108412,
      105.81425119843334,
      -0.11639519240709605,
      -0.791487308290231,
      58.24229792878032,
      60.46528639923781
    ],
    [
      125.82114743441343,
      34.678620140999556,
      -0.7654017089117386,
      -0.23272349257217276,
      60.02068870514631,
      14.671723905950785
    ],
    [
      168.50252606905997,
      4.00137924682349,
      -0.7961579286994678,
      0.07831061594045383,
      60.02068870514631,
      14.671723905950785
    ],
    [
      70.24643567018211,
      190.7324107736349,
      -0.0734091130092813,
      -0.7966248189249382,
      58.24229792878032,
      60.46528639923781
    ],
    [
      246.75172023288906,
      148.49562983307987,
      -0.7248591373648642,
      -0.33849554055949543,
      58.24229792878032,
      60.46528639923781
    ],
    [
      270.75999571383,
      200.5135600445792,
      -0.6679957497933867,
      -0.4402064041537459,
      58.24229792878032,
      60.46528639923781
    ],
    [
      73.35861952789128,
      186.28643383271992,
      -0.09542684875233186,
      -0.794288182297332,
      58.24229792878032,
