{
  "scene_id": "37_Millennium_Park_simplified_obstacle_anchored",
  "scene_index": 22,
  "scenario": "Cohesive family reunion: two main groups traverse the central promenade together and settle near the south edge.",
  "category": "Cohesive",
  "crowd_size_label": "50-100",
  "crowd_size": 72,
  "ungrouped_agents": 42,
  "event_center_px": [
    68.0,
    578.0
  ],
  "event_center_m": [
    30.232643200084567,
    9.781149270012975
  ],
  "goal_location_raw": {
    "type": "gaussian_mixture_truncated_to_walkable",
    "components": [
      {
        "weight": 0.4,
        "mean_px": [
          220,
          700
        ],
        "sigma_px": [
          26,
          22
        ],
        "support_radius_px": 85
      },
      {
        "weight": 0.3,
        "mean_px": [
          620,
          700
        ],
        "sigma_px": [
          26,
          22
        ],
        "support_radius_px": 85
      },
      {
        "weight": 0.3,
        "mean_px": [
          600,
          120
        ],
        "sigma_px": [
          24,
          20
        ],
        "support_radius_px": 70
      }
    ]
  },
  "goals_px": [
    [
      12.0,
      29.0
    ],
    [
      335.0,
      133.0
    ],
    [
      598.6547293504093,
      181.73534240385754
    ]
  ],
  "goals_m": [
    [
      5.335172329097986,
      253.86528333742172
    ],
    [
      148.94022752717137,
      207.6271231500432
    ],
    [
      266.1605122387409,
      185.95950229559094
    ]
  ],
  "initial_state": [
    [
      158.27677910402417,
      196.51218079775572,
      -0.5145536691687117,
      0.6125638918064107,
      148.94022752717137,
      207.6271231500432
    ],
    [
      155.60919293947518,
      82.69517110474408,
      0.5846249622437095,
      0.5460894189796587,
      266.1605122387409,
      185.95950229559094
    ],
    [
      48.46114865876734,
      107.14804428070784,
      -0.22560713452005637,
      0.7675294267020968,
      5.335172329097986,
      253.86528333742172
    ],
    [
      197.8459738790989,
      136.9360897867009,
      0.6499622929735178,
      0.46642150219796585,
      266.1605122387409,
      185.95950229559094
    ],
    [
      271.2045934088528,
      152.49700907990336,
      -0.11924356387289824,
      0.7910631912021252,
      266.1605122387409,
      185.95950229559094
    ],
    [
      213.8514908682555,
      66.6896541165188,
      0.321317267088109,
      0.7326357989281091,
      266.1605122387409,
      185.95950229559094
    ],
    [
      237.41516865603626,
      27.120459340512753,
      0.1424631300310397,
      0.787212967742376,
      266.1605122387409,
      185.95950229559094
    ],
    [
      128.48873359896243,
      167.16873298585415,
      0.36090574610882276,
      0.7139657151611933,
      148.94022752717137,
      207.6271231500432
    ],
    [
      262.3126395251602,
      166.27953759767115,
      0.15351110387738845,
      0.7851333268855334,
      266.1605122387409,
      185.95950229559094
    ],
    [
      269.870800325647,
      10.670344658195972,
      -0.016929545487518384,
      0.799820848996565,
      266.1605122387409,
      185.95950229559094
    ],
    [
      270.75999571383,
      104.48045811615884,
      -0.04508813429313663,
      0.7987284019902912,
      266.1605122387409,
      185.95950229559094
    ],
    [
      165.83493990451097,
      11.114942352287471,
      -0.06852549945845036,
      0.7970597568087163,
      148.94022752717137,
      207.6271231500432
    ],
    [
      244.97332945652306,
      237.85976635012776,
      0.30235920807023475,
      -0.7406611298665136,
      266.1605122387409,
      185.95950229559094
    ],
    [
      77.80459646880627,
      196.51218079775572,
      0.7904096270018677,
      0.12350150421257418,
      148.94022752717137,
      207.6271231500432
    ],
    [
      13.782528517767787,
      193.3999969381839,
      -0.11068971963765994,
      0.7923053615661932,
      5.335172329097986,
      253.86528333742172
    ],
    [
      257.8666625842452,
      164.50114682130516,
      0.28841386740066294,
      0.7462020109132599,
      266.1605122387409,
      185.95950229559094
    ],
    [
      260.5342487487942,
      237.41516865603626,
      0.08695530937506774,
      -0.7952601927491947,
      266.1605122387409,
      185.95950229559094
    ],
    [
      43.125976329669356,
      35.123217835091054,
      0.4182968989734091,
      0.6819293983318432,
      148.94022752717137,
      207.6271231500432
    ],
    [
      112.48321660980582,
      204.9595369854942,
      0.7978669788734698,
      0.05838051064629553,
      148.94022752717137,
      207.6271231500432
    ],
    [
      78.24919416382909,
      16.89471237640828,
      0.2780223266870307,
      0.7501357116305889,
      148.94022752717137,
      207.6271231500432
    ],
    [
      50.684137128293514,
      2.667586164548993,
      0.34582870489956563,
      0.7213892894044722,
      148.94022752717137,
      207.6271231500432
    ],
    [
      17.783907763659954,
      210.29470931459218,
      -0.21977690230921604,
      0.7692191581151403,
      5.335172329097986,
      253.86528333742172
    ],
    [
      152.49700907990336,
      46.682757881470025,
      -0.017675242370339427,
      0.7998047172948843,
      148.94022752717137,
      207.6271231500432
    ],
    [
      33.34482705779374,
      211.62850239686668,
      -0.4421392856459101,
      0.6667179704256698,
      5.335172329097986,
      253.86528333742172
    ],
    [
      171.17011223360896,
      135.1576990094036,
      -0.23460914964600194,
      0.7648258278211975,
      148.94022752717137,
      207.6271231500432
    ],
    [
      154.27539985626936,
      80.91678032837808,
      -0.03365439158746253,
      0.7992918002374839,
      148.94022752717137,
      207.6271231500432
    ],
    [
      266.314018772915,
      118.70758432801813,
      -0.0018260431990535621,
      0.7999979159761825,
      266.1605122387409,
      185.95950229559094
    ],
    [
      209.85011162050068,
      88.03034343384206,
      0.3987829362327221,
      0.6935215712359701,
      266.1605122387409,
      185.95950229559094
    ],
    [
      199.1797669623047,
      94.25471115112305,
      0.4718557683369607,
      0.6460279667995316,
      266.1605122387409,
      185.95950229559094
    ],
    [
      199.1797669623047,
      42.236780940555036,
      0.33793604452909326,
      0.7251201485326627,
      266.1605122387409,
      185.95950229559094
    ],
    [
      44.90436710603535,
      157.83218140993267,
      -0.30477206935699036,
      0.7396715390900598,
      5.335172329097986,
      253.86528333742172
    ],
    [
      35.12321783415973,
      230.74620324373245,
      -0.63198934960992,
      0.4904991967166004,
      5.335172329097986,
      253.86528333742172
    ],
    [
      201.8473531268537,
      261.4234441379085,
      -0.5609519025830983,
      -0.570379665651224,
      148.94022752717137,
      207.6271231500432
    ],
    [
      63.5774702578783,
      236.97057096194476,
      -0.7683276198126245,
      0.222873660698314,
      5.335172329097986,
      253.86528333742172
    ],
    [
      275.6505703497678,
      122.70896357484162,
      -0.1187026667765464,
      0.7911445360363277,
      266.1605122387409,
      185.95950229559094
    ],
    [
      124.48735435120761,
      77.35999877564609,
      0.14759284793297098,
      0.7862673535376087,
      148.94022752717137,
      207.6271231500432
    ],
    [
      164.50114682130516,
      48.46114865783602,
      -0.07784116966677695,
      0.7962039640097932,
      148.94022752717137,
      207.6271231500432
    ],
    [
      266.7586164679378,
      77.80459646973759,
      -0.004423988569539051,
      0.7999877676096907,
      266.1605122387409,
      185.95950229559094
    ],
    [
      224.0772378332913,
      102.70206733979285,
      0.3608859280352963,
      0.7139757327431396,
