{
  "scene_id": "37_Millennium_Park_simplified_obstacle_anchored",
  "scene_index": 23,
  "scenario": "Coordinated photography walk: guided clusters move as units across open corridors and regroup at edges.",
  "category": "Cohesive",
  "crowd_size_label": "50-100",
  "crowd_size": 68,
  "ungrouped_agents": 40,
  "event_center_px": [
    106.0,
    407.0
  ],
  "event_center_m": [
    47.12735557556152,
    85.80735496338457
  ],
  "goal_location_raw": {
    "type": "gaussian_mixture_truncated_to_walkable",
    "components": [
      {
        "weight": 0.35,
        "mean_px": [
          600,
          120
        ],
        "sigma_px": [
          24,
          20
        ],
        "support_radius_px": 70
      },
      {
        "weight": 0.35,
        "mean_px": [
          220,
          90
        ],
        "sigma_px": [
          24,
          20
        ],
        "support_radius_px": 65
      },
      {
        "weight": 0.3,
        "mean_px": [
          740,
          380
        ],
        "sigma_px": [
          26,
          22
        ],
        "support_radius_px": 80
      }
    ]
  },
  "goals_px": [
    [
      612.9172135245091,
      132.27303746244374
    ],
    [
      225.85738540166577,
      85.60486812028402
    ],
    [
      593.0,
      402.0
    ]
  ],
  "goals_m": [
    [
      272.5015798136592,
      207.95032901782542
    ],
    [
      100.41567274741828,
      228.6988894958049
    ],
    [
      263.646432608366,
      88.03034343384206
    ]
  ],
  "initial_state": [
    [
      19.117700846865773,
      90.69792959839106,
      0.4314438322746552,
      0.7323634477444646,
      100.41567274741828,
      228.6988894958049
    ],
    [
      184.50804305635393,
      87.58574573975056,
      0.8499865866071221,
      0.004775205542511857,
      263.646432608366,
      88.03034343384206
    ],
    [
      77.35999877564609,
      200.0689623504877,
      0.8493075930115226,
      0.03430178498232995,
      272.5015798136592,
      207.95032901782542
    ],
    [
      138.71448056213558,
      220.96505397371948,
      -0.8331822373664258,
      0.16824791034980788,
      100.41567274741828,
      228.6988894958049
    ],
    [
      253.42068564333022,
      244.52873176150024,
      0.3931245872959099,
      -0.7536266044026182,
      272.5015798136592,
      207.95032901782542
    ],
    [
      249.41930639743805,
      223.63264013826847,
      0.7030805853226723,
      -0.4776794851595875,
      272.5015798136592,
      207.95032901782542
    ],
    [
      124.48735435120761,
      243.19493867922574,
      -0.7281601870965263,
      -0.4385005609204528,
      100.41567274741828,
      228.6988894958049
    ],
    [
      120.4859751034528,
      259.6450533615425,
      -0.4625156427803125,
      -0.7131474463135337,
      100.41567274741828,
      228.6988894958049
    ],
    [
      139.1590782571584,
      238.30436404421926,
      -0.8250222778064963,
      -0.20454398334583293,
      100.41567274741828,
      228.6988894958049
    ],
    [
      138.2698828689754,
      79.58298724610358,
      0.8480772519937254,
      0.05713995669206603,
      263.646432608366,
      88.03034343384206
    ],
    [
      276.5397657379508,
      2.2229884704574943,
      -0.12630235177920457,
      0.8405639273339309,
      263.646432608366,
      88.03034343384206
    ],
    [
      225.8556286096573,
      108.03723966889083,
      0.7512197288913999,
      -0.3977045623629826,
      263.646432608366,
      88.03034343384206
    ],
    [
      194.73379002138972,
      24.00827548187226,
      0.6227313554452811,
      0.5785375173186982,
      263.646432608366,
      88.03034343384206
    ],
    [
      60.90988409332931,
      46.682757881470025,
      0.18029093224038897,
      0.8306594848383371,
      100.41567274741828,
      228.6988894958049
    ],
    [
      106.25884889252484,
      145.38344597443938,
      -0.05946712437528173,
      0.8479172489804268,
      100.41567274741828,
      228.6988894958049
    ],
    [
      74.24781491607428,
      82.25057341065258,
      0.1495126987280113,
      0.8367472455401732,
      100.41567274741828,
      228.6988894958049
    ],
    [
      158.27677910402417,
      240.52735251467675,
      -0.8327767984281403,
      -0.17024336697732606,
      100.41567274741828,
      228.6988894958049
    ],
    [
      129.8225266803056,
      168.94712376222014,
      -0.375334847336803,
      0.7626426111716148,
      100.41567274741828,
      228.6988894958049
    ],
    [
      211.62850239686668,
      128.9333312921226,
      0.6681723712504302,
      -0.5254004970473259,
      263.646432608366,
      88.03034343384206
    ],
    [
      264.09103030338883,
      12.004137740470469,
      -0.004970675249853409,
      0.8499854659860723,
      263.646432608366,
      88.03034343384206
    ],
    [
      223.63264013826847,
      10.225746964104474,
      0.38874581072723824,
      0.7558946319706352,
      263.646432608366,
      88.03034343384206
    ],
    [
      280.9857426788658,
      115.15080277435482,
      -0.4578624464241647,
      -0.7161438264444362,
      263.646432608366,
      88.03034343384206
    ],
    [
      30.232643200084567,
      216.07447933778167,
      0.8365735577193151,
      0.15048150226804488,
      100.41567274741828,
      228.6988894958049
    ],
    [
      130.26712437532842,
      152.94160677399486,
      -0.3116151818094727,
      0.7908198141586043,
      100.41567274741828,
      228.6988894958049
    ],
    [
      111.59402122162282,
      178.72827303316444,
      -0.18555759577461214,
      0.8294988720006469,
      100.41567274741828,
      228.6988894958049
    ],
    [
      255.1990764196962,
      44.45976941101253,
      0.16178336907164517,
      0.8344615877868962,
      263.646432608366,
      88.03034343384206
    ],
    [
      37.790803998708725,
      196.95677849184722,
      0.7581709623710072,
      0.3842873818087457,
      100.41567274741828,
      228.6988894958049
    ],
    [
      238.74896173737943,
      215.62988164369017,
      0.8288177802351094,
      -0.18857647564355912,
      272.5015798136592,
      207.95032901782542
    ],
    [
      118.7075843270868,
      91.58712498657405,
      -0.11240160797890092,
      0.8425353871047538,
      100.41567274741828,
      228.6988894958049
    ],
    [
      57.797700233757496,
      158.72137679811567,
      0.44212872670191633,
      0.7259629391538814,
      100.41567274741828,
      228.6988894958049
    ],
    [
      66.2450564224273,
      91.58712498657405,
      0.20554760711876288,
      0.8247728058124556,
      100.41567274741828,
      228.6988894958049
    ],
    [
      219.63126089051366,
      89.80873421020806,
      0.8493070415643065,
      -0.034315436020622,
      263.646432608366,
      88.03034343384206
    ],
    [
      242.75034098513424,
      237.85976635012776,
      0.5994449142027048,
      -0.6026323878091118,
      272.5015798136592,
      207.95032901782542
    ],
    [
      60.02068870514631,
      115.59540046937764,
      0.2858914661540281,
      0.8004786502963712,
      100.41567274741828,
      228.6988894958049
    ],
    [
      58.24229792878032,
      90.69792959839106,
      0.24842031477002058,
      0.812888274739871,
      100.41567274741828,
      228.6988894958049
    ],
    [
      278.3181565143168,
      226.30022630281746,
      -0.2568397375202942,
      -0.8102674553692172,
      272.5015798136592,
      207.95032901782542
    ],
    [
      160.05516988039017,
      39.56919477600604,
      0.7699176565225493,
      0.36017607107472555,
      263.646432608366,
      88.03034343384206
    ],
    [
      0.0,
      24.00827548187226,
      0.3743654794418919,
      0.7631189211402389,
      100.41567274741828,
      228.6988894958049
    ],
    [
      153.83080216310918,
      234.30298479646444,
      -0.8453601490899599,
      -0.08869170384314819,
      100.41567274741828,
