{
  "scene_id": "37_Millennium_Park_simplified_obstacle_anchored",
  "scene_index": 25,
  "scenario": "Guided architecture walk: two cohesive clusters move in step along the north corridor before dispersing.",
  "category": "Cohesive",
  "crowd_size_label": "50-100",
  "crowd_size": 50,
  "ungrouped_agents": 26,
  "event_center_px": [
    612.6244293796062,
    136.0301920174925
  ],
  "event_center_m": [
    272.37140865810215,
    206.27990676648915
  ],
  "goal_location_raw": {
    "type": "gaussian_mixture_truncated_to_walkable",
    "components": [
      {
        "weight": 0.35,
        "mean_px": [
          220,
          700
        ],
        "sigma_px": [
          26,
          22
        ],
        "support_radius_px": 85
      },
      {
        "weight": 0.35,
        "mean_px": [
          620,
          700
        ],
        "sigma_px": [
          26,
          22
        ],
        "support_radius_px": 85
      },
      {
        "weight": 0.3,
        "mean_px": [
          740,
          380
        ],
        "sigma_px": [
          26,
          22
        ],
        "support_radius_px": 80
      }
    ]
  },
  "goals_px": [
    [
      175.0,
      559.0
    ],
    [
      318.0,
      515.0
    ],
    [
      97.0,
      91.0
    ]
  ],
  "goals_m": [
    [
      77.80459646880627,
      18.228505458682775
    ],
    [
      141.38206672854722,
      37.79080399964005
    ],
    [
      43.125976329669356,
      226.30022630281746
    ]
  ],
  "initial_state": [
    [
      240.08275482058525,
      249.86390409059823,
      -0.7943353589007338,
      -0.0950333499359169,
      43.125976329669356,
      226.30022630281746
    ],
    [
      180.95126150362194,
      0.8891953881829977,
      -0.5850627718345227,
      0.5456203377929615,
      141.38206672854722,
      37.79080399964005
    ],
    [
      86.25195265747607,
      183.61884766817093,
      -0.04080702342797389,
      -0.7989585639061321,
      77.80459646880627,
      18.228505458682775
    ],
    [
      131.15631976351142,
      254.3098810315132,
      -0.7623406240112452,
      -0.2425629258195602,
      43.125976329669356,
      226.30022630281746
    ],
    [
      127.1549405157566,
      120.04137741029263,
      0.13635358628905103,
      -0.7882941706660747,
      141.38206672854722,
      37.79080399964005
    ],
    [
      155.16459524445236,
      98.25609039887786,
      -0.17779262469416243,
      -0.7799934503599122,
      141.38206672854722,
      37.79080399964005
    ],
    [
      45.34896479919553,
      112.03861891571432,
      0.261565382546502,
      -0.7560314481906835,
      77.80459646880627,
      18.228505458682775
    ],
    [
      196.0675831027329,
      72.91402183379978,
      -0.6731205311179846,
      -0.4323294468197169,
      141.38206672854722,
      37.79080399964005
    ],
    [
      63.13287256471813,
      56.90850484650582,
      0.28372338726874186,
      -0.7479980210647295,
      77.80459646880627,
      18.228505458682775
    ],
    [
      42.681378634646535,
      187.17562922090292,
      0.009090322201668624,
      0.7999483521092283,
      43.125976329669356,
      226.30022630281746
    ],
    [
      153.83080216310918,
      227.63401938509196,
      -0.7999419427409569,
      -0.009637854731413356,
      43.125976329669356,
      226.30022630281746
    ],
    [
      169.39172145724297,
      98.70068809296936,
      -0.3342369082596257,
      -0.7268326417801051,
      141.38206672854722,
      37.79080399964005
    ],
    [
      7.113563105463982,
      265.8694210788235,
      0.5384690354096738,
      -0.5916511623456642,
      43.125976329669356,
      226.30022630281746
    ],
    [
      126.26574512757361,
      26.231263952329755,
      0.6354862663917589,
      0.4859600860435584,
      141.38206672854722,
      37.79080399964005
    ],
    [
      216.5190770328045,
      77.80459646973759,
      -0.7061135379819847,
      -0.37603679537854307,
      141.38206672854722,
      37.79080399964005
    ],
    [
      140.0482736453414,
      94.25471115112305,
      0.018892367561847017,
      -0.7997768929194617,
      141.38206672854722,
      37.79080399964005
    ],
    [
      34.678620140999556,
      248.53011100832373,
      0.2841742085158318,
      -0.7478268644642291,
      43.125976329669356,
      226.30022630281746
    ],
    [
      42.23678094148636,
      16.89471237640828,
      0.7994380925673445,
      0.02997892847127542,
      77.80459646880627,
      18.228505458682775
    ],
    [
      48.46114865876734,
      152.94160677399486,
      -0.05802855662012581,
      0.7978926535672484,
      43.125976329669356,
      226.30022630281746
    ],
    [
      232.07999632693827,
      265.424823384732,
      -0.7833831048528096,
      -0.1622063840641675,
      43.125976329669356,
      226.30022630281746
    ],
    [
      234.74758249148726,
      132.4901128448546,
      -0.5616593462280228,
      -0.5696830511738173,
      141.38206672854722,
      37.79080399964005
    ],
    [
      88.03034343384206,
      83.58436649292707,
      -0.12366552099084807,
      -0.7903839819467892,
      77.80459646880627,
      18.228505458682775
    ],
    [
      138.2698828689754,
      132.0455151507631,
      0.026400706639301115,
      -0.7995642580111655,
      141.38206672854722,
      37.79080399964005
    ],
    [
      111.14942352846265,
      204.9595369854942,
      -0.763317190070003,
      0.2394720596304196,
      43.125976329669356,
      226.30022630281746
    ],
    [
      132.93471053987741,
      36.90160861145705,
      0.7956043623380862,
      0.08374782760530217,
      141.38206672854722,
      37.79080399964005
    ],
    [
      229.41241016238928,
      67.5788495047018,
      -0.7577906542510112,
      -0.256424110274023,
      141.38206672854722,
      37.79080399964005
    ],
    [
      133.3793082330376,
      180.50666380953044,
      -0.7134206922286627,
      0.36198192758751896,
      43.125976329669356,
      226.30022630281746
    ],
    [
      114.70620508119464,
      173.83769839722663,
      -0.6452513880199142,
      0.47291716638157066,
      43.125976329669356,
      226.30022630281746
    ],
    [
      99.58988348022103,
      225.41103091463447,
      -0.7999008182490642,
      0.01259686327930505,
      43.125976329669356,
      226.30022630281746
    ],
    [
      218.29746780917048,
      100.03448117524385,
      -0.6218795996857299,
      -0.5032551673800443,
      141.38206672854722,
      37.79080399964005
    ],
    [
      103.59126272797585,
      161.38896296266466,
      -0.5452829240792307,
      0.5853772567392791,
      43.125976329669356,
      226.30022630281746
    ],
    [
      155.16459524445236,
      16.45011468231678,
      -0.43402034514647003,
      0.6720315022370151,
      141.38206672854722,
      37.79080399964005
    ],
    [
      68.02344719879329,
      45.34896479919553,
      0.27141238898483033,
      -0.7525525331201451,
      77.80459646880627,
      18.228505458682775
    ],
    [
      222.74344475008547,
      12.448735434561968,
      -0.7638064505943254,
      0.23790692724361448,
      141.38206672854722,
      37.79080399964005
    ],
    [
      219.63126089051366,
      43.57057402282953,
      -0.7978265547288901,
      -0.05893037051834478,
      141.38206672854722,
      37.79080399964005
    ],
    [
      64.02206795290112,
      210.29470931459218,
      -0.6351025167981141,
      0.4864615022349675,
      43.125976329669356,
      226.30022630281746
    ],
    [
      44.015171717852354,
      150.71861830353737,
      -0.009411113439825565,
      0.7999446424246011,
      43.125976329669356,
      226.30022630281746
    ],
    [
      103.59126272797585,
      22.229884705506265,
      -0.7905391226886859,
      -0.12266986385662496,
      77.80459646880627,
      18.228505458682775
    ],
    [
      78.24919416382909,
      42.236780940555036,
      -0.014812275235259792,
