{
  "scene_id": "37_Millennium_Park_simplified_obstacle_anchored",
  "scene_index": 28,
  "scenario": "Chalk art jam: expressive participants wander, stop to draw, and re-form near the west plaza before spreading out.",
  "category": "Expressive",
  "crowd_size_label": "50-100",
  "crowd_size": 94,
  "ungrouped_agents": 58,
  "event_center_px": [
    219.8780127208666,
    313.4794583909004
  ],
  "event_center_m": [
    97.75725744105875,
    127.3863721145317
  ],
  "goal_location_raw": {
    "type": "gaussian_mixture_truncated_to_walkable",
    "components": [
      {
        "weight": 0.25,
        "mean_px": [
          220,
          90
        ],
        "sigma_px": [
          24,
          20
        ],
        "support_radius_px": 70
      },
      {
        "weight": 0.25,
        "mean_px": [
          740,
          380
        ],
        "sigma_px": [
          28,
          24
        ],
        "support_radius_px": 80
      },
      {
        "weight": 0.25,
        "mean_px": [
          620,
          700
        ],
        "sigma_px": [
          26,
          22
        ],
        "support_radius_px": 85
      },
      {
        "weight": 0.25,
        "mean_px": [
          220,
          700
        ],
        "sigma_px": [
          26,
          22
        ],
        "support_radius_px": 85
      }
    ]
  },
  "goals_px": [
    [
      227.85786413915463,
      95.72701335496731
    ],
    [
      247.0,
      409.0
    ],
    [
      100.0,
      529.0
    ],
    [
      283.0,
      460.0
    ]
  ],
  "goals_m": [
    [
      101.30508098192513,
      224.19860706478357
    ],
    [
      109.81563044525683,
      84.91815957520157
    ],
    [
      44.45976941101253,
      31.56643628142774
    ],
    [
      125.82114743441343,
      62.24367717560381
    ]
  ],
  "initial_state": [
    [
      256.0882718078792,
      237.85976635012776,
      -0.6972893885351447,
      -0.06154273829042665,
      101.30508098192513,
      224.19860706478357
    ],
    [
      260.978846443817,
      180.95126150362194,
      -0.5908490946075177,
      -0.37536295422094673,
      109.81563044525683,
      84.91815957520157
    ],
    [
      245.41792714968324,
      139.1590782571584,
      -0.5887538101587694,
      -0.3786409262395334,
      125.82114743441343,
      62.24367717560381
    ],
    [
      138.2698828689754,
      210.73930700868368,
      -0.3246898903014279,
      -0.6201423023274955,
      44.45976941101253,
      31.56643628142774
    ],
    [
      11.114942353218794,
      204.5149392914027,
      0.6839018413717589,
      0.14925907465985921,
      101.30508098192513,
      224.19860706478357
    ],
    [
      16.00551698729396,
      124.48735435120761,
      0.20495974681369505,
      -0.6693216731782006,
      44.45976941101253,
      31.56643628142774
    ],
    [
      57.797700233757496,
      182.72965227998793,
      0.5067025150174501,
      0.48296227727948976,
      101.30508098192513,
      224.19860706478357
    ],
    [
      137.82528517395258,
      239.63815712649375,
      -0.6447486772568225,
      -0.27257869171227905,
      101.30508098192513,
      224.19860706478357
    ],
    [
      167.61333068087697,
      4.00137924682349,
      -0.4080978215818667,
      0.5687320705043236,
      125.82114743441343,
      62.24367717560381
    ],
    [
      85.80735496431589,
      88.91953882202506,
      0.6904757466825006,
      -0.11507929111375008,
      109.81563044525683,
      84.91815957520157
    ],
    [
      94.69930884614587,
      48.01655096374452,
      0.6366321329094425,
      0.2910318321888067,
      125.82114743441343,
      62.24367717560381
    ],
    [
      47.571953270584345,
      106.25884889252484,
      0.6621621621612068,
      -0.22702702702981328,
      109.81563044525683,
      84.91815957520157
    ],
    [
      24.45287317596376,
      175.17149147950113,
      0.5901412461729446,
      0.37647484586017677,
      101.30508098192513,
      224.19860706478357
    ],
    [
      156.49838832765818,
      216.5190770328045,
      -0.6933209616259809,
      0.09646784008168269,
      101.30508098192513,
      224.19860706478357
    ],
    [
      53.79632098786533,
      32.90022936370224,
      -0.6929646455641989,
      -0.09899494935643936,
      44.45976941101253,
      31.56643628142774
    ],
    [
      102.25746964663267,
      264.9802256906405,
      -0.01634291053529147,
      -0.6998091949061797,
      101.30508098192513,
      224.19860706478357
    ],
    [
      256.9774671960622,
      174.28229609131813,
      -0.6665710684598007,
      0.21373584325601439,
      101.30508098192513,
      224.19860706478357
    ],
    [
      227.18942169100046,
      79.13838955201209,
      -0.6904757466821576,
      -0.11507929111580752,
      125.82114743441343,
      62.24367717560381
    ],
    [
      82.69517110474408,
      219.63126089144498,
      0.6798251765799457,
      0.16684642425909368,
      101.30508098192513,
      224.19860706478357
    ],
    [
      76.91540108062327,
      212.51769778504968,
      0.6313298387623624,
      0.30236176128652476,
      101.30508098192513,
      224.19860706478357
    ],
    [
      80.47218263335526,
      27.120459340512753,
      -0.6947256632552752,
      0.08576860039966776,
      44.45976941101253,
      31.56643628142774
    ],
    [
      239.19355943240225,
      33.789424751885235,
      -0.6789428422566769,
      0.1704013408058314,
      125.82114743441343,
      62.24367717560381
    ],
    [
      210.73930700868368,
      115.59540046937764,
      -0.5927254678800625,
      -0.37239296412037765,
      125.82114743441343,
      62.24367717560381
    ],
    [
      124.48735435120761,
      108.03723966889083,
      -0.37507710781823567,
      -0.5910305941241177,
      109.81563044525683,
      84.91815957520157
    ],
    [
      245.86252484470606,
      257.8666625851765,
      -0.6817535098307007,
      -0.15878334872876487,
      101.30508098192513,
      224.19860706478357
    ],
    [
      214.29608856141567,
      3.112183858640492,
      -0.5819848846845256,
      0.3889647721821854,
      125.82114743441343,
      62.24367717560381
    ],
    [
      262.3126395251602,
      128.9333312921226,
      -0.6289408898838735,
      -0.3073001090661722,
      125.82114743441343,
      62.24367717560381
    ],
    [
      75.5816079992801,
      213.40689317323267,
      0.6454962265573098,
      0.2708036585799279,
      101.30508098192513,
      224.19860706478357
    ],
    [
      82.69517110474408,
      76.0262056933716,
      0.6651606786836656,
      0.21808546841338486,
      109.81563044525683,
      84.91815957520157
    ],
    [
      207.1825254559517,
      108.92643505707383,
      -0.6071567379906612,
      -0.3483686201605129,
      125.82114743441343,
      62.24367717560381
    ],
    [
      154.27539985626936,
      218.74206550326198,
      -0.6963153336270225,
      0.07172834973626835,
      101.30508098192513,
      224.19860706478357
    ],
    [
      27.120459340512753,
      9.781149270012975,
      0.43592206518756277,
      0.5476969536911906,
      44.45976941101253,
      31.56643628142774
    ],
    [
      70.24643567018211,
      79.58298724610358,
      0.6937226282422307,
      0.09353563526641388,
      109.81563044525683,
      84.91815957520157
    ],
    [
      281.8749380670488,
      231.19080093782395,
      -0.6994757766191869,
      -0.027085751290766107,
      101.30508098192513,
      224.19860706478357
    ],
    [
      155.16459524445236,
      17.339310070499778,
      -0.382918222749977,
      0.5859809166568473,
      125.82114743441343,
      62.24367717560381
    ],
    [
      216.96367472596467,
      85.80735496338457,
      -0.6777166529690583,
      -0.17521454930574948,
      125.82114743441343,
      62.24367717560381
    ],
    [
      143.6050551980734,
      148.05103213898838,
      -0.3303137453922541,
