{
  "scene_id": "37_Millennium_Park_simplified_obstacle_anchored",
  "scene_index": 31,
  "scenario": "Community mural unveiling: participants pause to cheer then wander between east corridor and south edge.",
  "category": "Expressive",
  "crowd_size_label": "50-100",
  "crowd_size": 88,
  "ungrouped_agents": 41,
  "event_center_px": [
    196.77213749552445,
    96.74932434455685
  ],
  "event_center_m": [
    87.48443859629333,
    223.74408995639533
  ],
  "goal_location_raw": {
    "type": "gaussian_mixture_truncated_to_walkable",
    "components": [
      {
        "weight": 0.3,
        "mean_px": [
          740,
          380
        ],
        "sigma_px": [
          26,
          22
        ],
        "support_radius_px": 80
      },
      {
        "weight": 0.3,
        "mean_px": [
          620,
          700
        ],
        "sigma_px": [
          26,
          22
        ],
        "support_radius_px": 85
      },
      {
        "weight": 0.2,
        "mean_px": [
          220,
          700
        ],
        "sigma_px": [
          24,
          20
        ],
        "support_radius_px": 85
      },
      {
        "weight": 0.2,
        "mean_px": [
          600,
          120
        ],
        "sigma_px": [
          24,
          20
        ],
        "support_radius_px": 70
      }
    ]
  },
  "goals_px": [
    [
      234.0,
      76.0
    ],
    [
      542.0,
      311.0
    ],
    [
      423.0,
      386.0
    ],
    [
      616.2061838805313,
      92.16472190934054
    ]
  ],
  "goals_m": [
    [
      104.03586042299867,
      232.96919171418995
    ],
    [
      240.97195020876825,
      128.4887335980311
    ],
    [
      188.06482460908592,
      95.14390654023737
    ],
    [
      273.96384845115244,
      225.78239362780005
    ]
  ],
  "initial_state": [
    [
      234.74758249148726,
      73.80321722198278,
      -0.6821058566861158,
      0.3118198202079208,
      188.06482460908592,
      95.14390654023737
    ],
    [
      92.92091806977987,
      3.556781552731991,
      0.5731921000552812,
      0.4836846249719092,
      240.97195020876825,
      128.4887335980311
    ],
    [
      261.4234441369772,
      71.13563105743378,
      0.06061899757809648,
      0.7475462107004669,
      273.96384845115244,
      225.78239362780005
    ],
    [
      17.339310070499778,
      66.6896541165188,
      0.3467421838296839,
      0.6650337269289593,
      104.03586042299867,
      232.96919171418995
    ],
    [
      257.8666625842452,
      6.224367717280984,
      -0.46310557589473045,
      0.5899434087903771,
      188.06482460908592,
      95.14390654023737
    ],
    [
      280.0965472906828,
      223.18804244417697,
      -0.6907356299899101,
      0.29220590251129774,
      273.96384845115244,
      225.78239362780005
    ],
    [
      143.6050551980734,
      41.34758555237204,
      0.47778454676498805,
      0.5781193015914404,
      188.06482460908592,
      95.14390654023737
    ],
    [
      24.89747087098658,
      194.7337900204584,
      0.6753112554289546,
      0.326273977342615,
      104.03586042299867,
      232.96919171418995
    ],
    [
      117.81838893890381,
      2.2229884704574943,
      0.4522867819108778,
      0.5982780849309977,
      188.06482460908592,
      95.14390654023737
    ],
    [
      262.757237220183,
      161.83356065675616,
      -0.4102114380040157,
      -0.6278746500143779,
      240.97195020876825,
      128.4887335980311
    ],
    [
      66.2450564224273,
      251.19769717287272,
      0.6755209831688738,
      -0.3258395330504849,
      104.03586042299867,
      232.96919171418995
    ],
    [
      209.4055139273405,
      20.00689623504877,
      -0.20491292853530382,
      0.7214642691908487,
      188.06482460908592,
      95.14390654023737
    ],
    [
      25.78666625916958,
      8.00275849364698,
      0.6607597950354639,
      0.3548189584347089,
      188.06482460908592,
      95.14390654023737
    ],
    [
      272.0937887970358,
      231.63539863191545,
      0.22826046124884325,
      -0.7144208576395745,
      273.96384845115244,
      225.78239362780005
    ],
    [
      284.0979265384376,
      120.04137741029263,
      -0.7360133907504018,
      0.14416757137475927,
      240.97195020876825,
      128.4887335980311
    ],
    [
      133.3793082330376,
      200.0689623504877,
      -0.49921113521093063,
      0.5597215758584029,
      104.03586042299867,
      232.96919171418995
    ],
    [
      116.92919355072081,
      138.7144805630669,
      0.6395658111342664,
      -0.39173405931597016,
      188.06482460908592,
      95.14390654023737
    ],
    [
      139.1590782571584,
      85.36275726929307,
      0.7354355067665742,
      0.14708710136171788,
      188.06482460908592,
      95.14390654023737
    ],
    [
      28.00965472869575,
      93.36551576294005,
      0.35869811021569276,
      0.6586620269361902,
      104.03586042299867,
      232.96919171418995
    ],
    [
      46.238160187378526,
      27.56505703460425,
      0.6770669044925026,
      0.3226149513598839,
      188.06482460908592,
      95.14390654023737
    ],
    [
      114.26160738617182,
      169.83631915040314,
      -0.11991606544466255,
      0.7403513606715878,
      104.03586042299867,
      232.96919171418995
    ],
    [
      57.797700233757496,
      69.80183797515929,
      0.7361984623321156,
      0.14321949608844653,
      188.06482460908592,
      95.14390654023737
    ],
    [
      23.119080094620585,
      95.58850423432887,
      0.380630621875674,
      0.6462355063678702,
      104.03586042299867,
      232.96919171418995
    ],
    [
      204.07034159824252,
      15.560919294133782,
      -0.14787695752727015,
      0.7352770943205547,
      188.06482460908592,
      95.14390654023737
    ],
    [
      146.27264136262238,
      149.82942291535437,
      0.4554077324755207,
      -0.5959058627010685,
      188.06482460908592,
      95.14390654023737
    ],
    [
      246.30712253786623,
      180.06206611543894,
      -0.07717436330999235,
      -0.7460188453703414,
      240.97195020876825,
      128.4887335980311
    ],
    [
      30.232643200084567,
      23.119080093689263,
      0.6823133499556976,
      0.3113655287154211,
      188.06482460908592,
      95.14390654023737
    ],
    [
      259.200455667451,
      96.92229731660336,
      -0.3750557828252723,
      0.649486843415109,
      240.97195020876825,
      128.4887335980311
    ],
    [
      31.121838588267565,
      22.674482399597764,
      0.680913070835216,
      0.31441595055874,
      188.06482460908592,
      95.14390654023737
    ],
    [
      267.203214161098,
      108.03723966889083,
      -0.5914739494752357,
      0.461149180951421,
      240.97195020876825,
      128.4887335980311
    ],
    [
      216.07447933778167,
      2.2229884704574943,
      -0.21645636469267898,
      0.7180854003417907,
      188.06482460908592,
      95.14390654023737
    ],
    [
      72.9140218347311,
      60.46528639923781,
      0.7181403665044173,
      0.2162739327725405,
      188.06482460908592,
      95.14390654023737
    ],
    [
      132.4901128448546,
      141.3820667276159,
      0.5765438426248122,
      -0.4796844770590516,
      188.06482460908592,
      95.14390654023737
    ],
    [
      123.59815896302462,
      128.0441359039396,
      0.6680333352753518,
      -0.34092735730781326,
      188.06482460908592,
      95.14390654023737
    ],
    [
      54.68551637604833,
      263.2018349142745,
      0.6395337311903502,
      -0.39178642992036994,
      104.03586042299867,
      232.96919171418995
    ],
    [
      72.9140218347311,
      220.07585858553648,
      0.6928919727108421,
      0.2870552458201686,
      104.03586042299867,
      232.96919171418995
    ],
    [
      15.116321599110961,
      183.61884766817093,
      0.6557725613279581,
      0.3639537715278818,
      104.03586042299867,
