{
  "scene_id": "37_Millennium_Park_simplified_obstacle_anchored",
  "scene_index": 32,
  "scenario": "Outdoor sketch circle: expressive crowd moves freely around a small demo then spreads to find vantage points.",
  "category": "Expressive",
  "crowd_size_label": "0-50",
  "crowd_size": 19,
  "ungrouped_agents": 14,
  "event_center_px": [
    222.04932806619715,
    340.42393919541405
  ],
  "event_center_m": [
    98.72261923737824,
    115.40691808052361
  ],
  "goal_location_raw": {
    "type": "gaussian_mixture_truncated_to_walkable",
    "components": [
      {
        "weight": 0.35,
        "mean_px": [
          220,
          700
        ],
        "sigma_px": [
          24,
          20
        ],
        "support_radius_px": 85
      },
      {
        "weight": 0.35,
        "mean_px": [
          600,
          120
        ],
        "sigma_px": [
          22,
          18
        ],
        "support_radius_px": 70
      },
      {
        "weight": 0.3,
        "mean_px": [
          740,
          380
        ],
        "sigma_px": [
          24,
          20
        ],
        "support_radius_px": 80
      }
    ]
  },
  "goals_px": [
    [
      403.0,
      564.0
    ],
    [
      584.3756430114041,
      117.53564384111142
    ],
    [
      624.0,
      323.0
    ]
  ],
  "goals_m": [
    [
      179.17287072725594,
      16.00551698822528
    ],
    [
      259.81206337735057,
      214.50254023913294
    ],
    [
      277.4289611261338,
      123.15356126893312
    ]
  ],
  "initial_state": [
    [
      11.114942353218794,
      94.69930884521455,
      0.6339420502849831,
      -0.2968458806863791,
      179.17287072725594,
      16.00551698822528
    ],
    [
      180.50666380859911,
      113.37241199798882,
      0.6964624828383068,
      0.07028520469274444,
      277.4289611261338,
      123.15356126893312
    ],
    [
      153.83080216310918,
      176.50528456270695,
      0.6589297349335895,
      0.23624479765774625,
      259.81206337735057,
      214.50254023913294
    ],
    [
      147.6064344458282,
      10.670344658195972,
      0.690211209687878,
      0.11665541573881681,
      179.17287072725594,
      16.00551698822528
    ],
    [
      139.1590782571584,
      236.52597326785326,
      0.6886218540556514,
      -0.1256978206531729,
      259.81206337735057,
      214.50254023913294
    ],
    [
      238.30436404421926,
      255.1990764196962,
      0.3270755818272143,
      -0.6188873595189913,
      259.81206337735057,
      214.50254023913294
    ],
    [
      11.114942353218794,
      184.95264075044543,
      0.4936670264574021,
      -0.4962790213062673,
      179.17287072725594,
      16.00551698822528
    ],
    [
      245.41792714968324,
      259.6450533615425,
      0.21265315692816944,
      -0.6669172623710405,
      259.81206337735057,
      214.50254023913294
    ],
    [
      103.59126272797585,
      53.35172329284251,
      0.6275687007322927,
      -0.31009276976605243,
      179.17287072725594,
      16.00551698822528
    ],
    [
      133.3793082330376,
      103.14666503388435,
      0.3256315403243813,
      -0.619648367984594,
      179.17287072725594,
      16.00551698822528
    ],
    [
      120.93057279847562,
      92.92091806884855,
      0.42257615819384425,
      -0.5580585905853713,
      179.17287072725594,
      16.00551698822528
    ],
    [
      88.91953882202506,
      216.5190770328045,
      0.6999512708468896,
      -0.00825944549132665,
      259.81206337735057,
      214.50254023913294
    ],
    [
      24.89747087098658,
      92.92091806884855,
      0.6264596891065316,
      -0.3123271648841126,
      179.17287072725594,
      16.00551698822528
    ],
    [
      209.4055139273405,
      14.227126210927963,
      -0.6987920612213837,
      0.041105415384957655,
      179.17287072725594,
      16.00551698822528
    ],
    [
      211.1839047037065,
      64.9112633401528,
      -0.38336142229146636,
      -0.5856910618224116,
      179.17287072725594,
      16.00551698822528
    ],
    [
      256.0882718078792,
      176.06068686861545,
      0.06749179811994926,
      0.6967387295009055,
      259.81206337735057,
      214.50254023913294
    ],
    [
      108.92643505707383,
      153.38620446808636,
      0.3186843517572834,
      -0.6232497765302768,
      179.17287072725594,
      16.00551698822528
    ],
    [
      23.119080094620585,
      137.8252851748839,
      0.5517838522363822,
      -0.43073725217489406,
      179.17287072725594,
      16.00551698822528
    ],
    [
      12.004137741401792,
      49.79494174011052,
      0.6861242994617062,
      -0.13868469882500756,
      179.17287072725594,
      16.00551698822528
    ]
  ],
  "groups": [
    [
      8,
      9,
      18
    ],
    [
      6,
      7
    ]
  ],
  "towards_event": true,
  "assets": {
    "obstacle_png": "downloads/maps/simplified_obstacles/37_Millennium_Park_simplified_obstacle.png",
    "homography": "downloads/google_maps/homographies/37_Millennium_Park_simplified_obstacle_anchored.txt",
    "anchored_obstacles": "preprocess/pysfm_obstacles_meter_close_shape/37_Millennium_Park_simplified_obstacle_anchored.npz"
  }
}