{
  "scene_id": "37_Millennium_Park_simplified_obstacle_anchored",
  "scene_index": 34,
  "scenario": "Interactive garden workshop: participants move from the west plaza to stations set across the park.",
  "category": "Participatory",
  "crowd_size_label": "50-100",
  "crowd_size": 94,
  "ungrouped_agents": 54,
  "event_center_px": [
    215.0516142263502,
    384.9856419036391
  ],
  "event_center_m": [
    95.61145180091262,
    95.59488781075925
  ],
  "goal_location_raw": {
    "type": "gaussian_mixture_truncated_to_walkable",
    "components": [
      {
        "weight": 0.22,
        "mean_px": [
          220,
          90
        ],
        "sigma_px": [
          24,
          20
        ],
        "support_radius_px": 70
      },
      {
        "weight": 0.26,
        "mean_px": [
          740,
          380
        ],
        "sigma_px": [
          26,
          22
        ],
        "support_radius_px": 80
      },
      {
        "weight": 0.26,
        "mean_px": [
          620,
          700
        ],
        "sigma_px": [
          26,
          22
        ],
        "support_radius_px": 85
      },
      {
        "weight": 0.26,
        "mean_px": [
          220,
          700
        ],
        "sigma_px": [
          26,
          22
        ],
        "support_radius_px": 85
      }
    ]
  },
  "goals_px": [
    [
      225.1862074199623,
      95.49013571430514
    ],
    [
      485.0,
      336.0
    ],
    [
      165.0,
      8.0
    ],
    [
      103.0,
      79.0
    ]
  ],
  "goals_m": [
    [
      100.11726856417954,
      224.30392231792212
    ],
    [
      215.6298816446215,
      117.37379124574363
    ],
    [
      73.35861952789128,
      263.2018349142745
    ],
    [
      45.79356249421835,
      231.63539863191545
    ]
  ],
  "initial_state": [
    [
      170.28091684542596,
      24.45287317596376,
      0.3508744474532414,
      0.7189486227293176,
      215.6298816446215,
      117.37379124574363
    ],
    [
      14.671723905950785,
      6.668965411372483,
      0.10962788276815533,
      0.7924529811413241,
      45.79356249421835,
      231.63539863191545
    ],
    [
      185.39723844453692,
      80.47218263428658,
      -0.40800600741292564,
      0.6881359588881865,
      100.11726856417954,
      224.30392231792212
    ],
    [
      140.49287133850157,
      253.86528333742172,
      -0.7923739437537427,
      0.11019770079335041,
      73.35861952789128,
      263.2018349142745
    ],
    [
      267.203214161098,
      175.61608917359263,
      -0.5303549896671387,
      -0.5989353762595504,
      215.6298816446215,
      117.37379124574363
    ],
    [
      192.95539924502373,
      262.3126395260915,
      -0.7403551453237394,
      -0.303107668647075,
      100.11726856417954,
      224.30392231792212
    ],
    [
      114.70620508119464,
      87.14114804565907,
      0.7663538832393704,
      0.22956856414574178,
      215.6298816446215,
      117.37379124574363
    ],
    [
      50.684137128293514,
      52.90712559875101,
      0.7451126901198463,
      0.29121655004887,
      215.6298816446215,
      117.37379124574363
    ],
    [
      12.89333312958479,
      262.757237220183,
      0.5811747335628848,
      -0.5497598831018047,
      45.79356249421835,
      231.63539863191545
    ],
    [
      67.1342518106103,
      36.01241322327405,
      0.7015927178128774,
      0.3844055908957884,
      215.6298816446215,
      117.37379124574363
    ],
    [
      85.80735496431589,
      11.55954004637897,
      0.6201109479197247,
      0.5054328959121088,
      215.6298816446215,
      117.37379124574363
    ],
    [
      126.26574512757361,
      56.46390715241432,
      0.6610514463376708,
      0.4505674037198804,
      215.6298816446215,
      117.37379124574363
    ],
    [
      57.35310254059732,
      163.16735373903066,
      -0.1331801897327863,
      0.7888365084494627,
      45.79356249421835,
      231.63539863191545
    ],
    [
      108.03723966889083,
      0.44459769409149885,
      0.5416937151036,
      0.5887001945109752,
      215.6298816446215,
      117.37379124574363
    ],
    [
      271.649191102013,
      67.5788495047018,
      -0.5979274549408949,
      0.5314910710707228,
      215.6298816446215,
      117.37379124574363
    ],
    [
      31.121838588267565,
      58.24229792878032,
      0.06745127079890105,
      0.7971513821524826,
      45.79356249421835,
      231.63539863191545
    ],
    [
      142.2712621167302,
      156.49838832765818,
      -0.4223805963248647,
      0.679407559457688,
      100.11726856417954,
      224.30392231792212
    ],
    [
      113.81700969301164,
      167.61333067994565,
      -0.18791728167882252,
      0.7776162904970819,
      100.11726856417954,
      224.30392231792212
    ],
    [
      79.13838955201209,
      40.45839016418904,
      0.6969570765254286,
      0.3927477988240391,
      215.6298816446215,
      117.37379124574363
    ],
    [
      80.02758494019508,
      92.92091806884855,
      0.12092195699094195,
      0.7908083714260243,
      100.11726856417954,
      224.30392231792212
    ],
    [
      215.18528394959867,
      71.13563105743378,
      0.007691952134066643,
      0.7999630203155439,
      215.6298816446215,
      117.37379124574363
    ],
    [
      132.4901128448546,
      4.00137924682349,
      0.47309093090408166,
      0.6451239966830481,
      215.6298816446215,
      117.37379124574363
    ],
    [
      91.14252729341388,
      16.89471237640828,
      0.6225201040351076,
      0.5024626554004973,
      215.6298816446215,
      117.37379124574363
    ],
    [
      262.3126395251602,
      243.19493867922574,
      -0.2782830339334042,
      -0.7500390343340938,
      215.6298816446215,
      117.37379124574363
    ],
    [
      278.762754207477,
      176.94988225679845,
      -0.5818377369555489,
      -0.549058146150702,
      215.6298816446215,
      117.37379124574363
    ],
    [
      96.03310192748904,
      258.7558579733595,
      -0.7850509997429197,
      0.15393156857072054,
      73.35861952789128,
      263.2018349142745
    ],
    [
      48.01655096374452,
      124.04275665711612,
      -0.01652539877925628,
      0.7998293012857097,
      45.79356249421835,
      231.63539863191545
    ],
    [
      99.58988348022103,
      162.27815835084766,
      0.006801896340755571,
      0.7999710833562483,
      100.11726856417954,
      224.30392231792212
    ],
    [
      92.47632037475705,
      81.80597571656108,
      0.7685877848709912,
      0.2219748115149618,
      215.6298816446215,
      117.37379124574363
    ],
    [
      28.898850116878748,
      255.1990764196962,
      0.4661502186577342,
      -0.6501568838713827,
      45.79356249421835,
      231.63539863191545
    ],
    [
      239.63815712556243,
      237.41516865603626,
      -0.15689290810352474,
      -0.7844645405541407,
      215.6298816446215,
      117.37379124574363
    ],
    [
      14.671723905950785,
      12.448735434561968,
      0.11246227030321672,
      0.7920557036965559,
      45.79356249421835,
      231.63539863191545
    ],
    [
      251.19769717380404,
      171.61470992676914,
      -0.4386855697817234,
      -0.6689954939050672,
      215.6298816446215,
      117.37379124574363
    ],
    [
      15.560919294133782,
      151.60781369172037,
      0.2827204549785877,
      0.7483776749320495,
      45.79356249421835,
      231.63539863191545
    ],
    [
      271.2045934088528,
      84.47356188111007,
      -0.6884120779312445,
      0.4075399501378809,
      215.6298816446215,
      117.37379124574363
    ],
    [
      246.75172023288906,
      65.3558610342443,
      -0.41073339344657367,
      0.6865115290422019,
      215.6298816446215,
      117.37379124574363
    ],
    [
      60.46528639830649,
      102.70206733979285,
      0.24801197605734646,
      0.7605853402032742,
      100.11726856417954,
      224.30392231792212
    ],
