{
  "scene_id": "37_Millennium_Park_simplified_obstacle_anchored",
  "scene_index": 36,
  "scenario": "Community games: participants pick up equipment at the east corridor and fan out to play on the open paths.",
  "category": "Participatory",
  "crowd_size_label": "50-100",
  "crowd_size": 60,
  "ungrouped_agents": 28,
  "event_center_px": [
    209.0,
    537.0
  ],
  "event_center_m": [
    92.92091806977987,
    28.00965472869575
  ],
  "goal_location_raw": {
    "type": "gaussian_mixture_truncated_to_walkable",
    "components": [
      {
        "weight": 0.25,
        "mean_px": [
          220,
          90
        ],
        "sigma_px": [
          24,
          20
        ],
        "support_radius_px": 70
      },
      {
        "weight": 0.25,
        "mean_px": [
          600,
          120
        ],
        "sigma_px": [
          24,
          20
        ],
        "support_radius_px": 70
      },
      {
        "weight": 0.25,
        "mean_px": [
          620,
          700
        ],
        "sigma_px": [
          26,
          22
        ],
        "support_radius_px": 85
      },
      {
        "weight": 0.25,
        "mean_px": [
          220,
          700
        ],
        "sigma_px": [
          26,
          22
        ],
        "support_radius_px": 85
      }
    ]
  },
  "goals_px": [
    [
      212.02043895072194,
      121.56702424675588
    ],
    [
      592.0955696132281,
      120.02261754139771
    ],
    [
      258.0,
      595.0
    ],
    [
      108.0,
      140.0
    ]
  ],
  "goals_m": [
    [
      94.26379826292396,
      212.71019780728966
    ],
    [
      263.24432494305074,
      213.3968374663964
    ],
    [
      114.70620508119464,
      2.2229884704574943
    ],
    [
      48.01655096374452,
      204.5149392914027
    ]
  ],
  "initial_state": [
    [
      238.74896173737943,
      124.04275665711612,
      0.2247261121721366,
      0.8197549478398994,
      263.24432494305074,
      213.3968374663964
    ],
    [
      116.92919355072081,
      119.15218202210963,
      -0.20013212282425033,
      0.8261035851597904,
      94.26379826292396,
      212.71019780728966
    ],
    [
      48.01655096374452,
      192.5108015500009,
      0.0,
      0.85,
      48.01655096374452,
      204.5149392914027
    ],
    [
      173.83769839815795,
      46.682757881470025,
      -0.6793865285048886,
      -0.5108169387227447,
      114.70620508119464,
      2.2229884704574943
    ],
    [
      60.46528639830649,
      186.73103152681142,
      -0.48744299269169694,
      0.6963471324531769,
      48.01655096374452,
      204.5149392914027
    ],
    [
      16.00551698729396,
      137.3806874807924,
      0.3658379598994362,
      0.7672434992208266,
      48.01655096374452,
      204.5149392914027
    ],
    [
      251.64229486696422,
      38.235401693731546,
      -0.8220479185416361,
      -0.21618792663181602,
      114.70620508119464,
      2.2229884704574943
    ],
    [
      20.451493930071592,
      98.25609039887786,
      0.21343730379256753,
      0.8227663807848247,
      48.01655096374452,
      204.5149392914027
    ],
    [
      145.38344597443938,
      196.0675831027329,
      -0.8082453315481896,
      0.2631339659385633,
      94.26379826292396,
      212.71019780728966
    ],
    [
      135.1576990094036,
      140.4928713394329,
      -0.41883389760449474,
      0.7396473255663321,
      94.26379826292396,
      212.71019780728966
    ],
    [
      196.9567784909159,
      114.70620508026332,
      0.47393651899260464,
      0.7056090815495307,
      263.24432494305074,
      213.3968374663964
    ],
    [
      115.15080277435482,
      92.03172268066555,
      -0.004207869221436557,
      -0.8499895845459611,
      114.70620508119464,
      2.2229884704574943
    ],
    [
      237.85976634919643,
      116.48459585756063,
      0.21537756423608093,
      0.8222606063917526,
      263.24432494305074,
      213.3968374663964
    ],
    [
      130.7117220684886,
      11.55954004637897,
      -0.7342120657636684,
      -0.4282903716954733,
      114.70620508119464,
      2.2229884704574943
    ],
    [
      112.48321660980582,
      214.74068625550717,
      -0.8447700413013122,
      -0.09414657359553444,
      94.26379826292396,
      212.71019780728966
    ],
    [
      78.24919416382909,
      17.339310070499778,
      0.7851807965346759,
      -0.3255627692982902,
      114.70620508119464,
      2.2229884704574943
    ],
    [
      256.53286950290203,
      60.02068870514631,
      -0.7871465689778977,
      -0.3207807334400302,
      114.70620508119464,
      2.2229884704574943
    ],
    [
      60.46528639830649,
      37.79080399964005,
      0.7108077122814737,
      -0.46610341788188797,
      114.70620508119464,
      2.2229884704574943
    ],
    [
      241.86114559695125,
      0.44459769409149885,
      -0.8499168785446941,
      0.011886949349753059,
      114.70620508119464,
      2.2229884704574943
    ],
    [
      126.26574512757361,
      93.81011345703155,
      -0.1064371380318221,
      -0.8433096321325844,
      114.70620508119464,
      2.2229884704574943
    ],
    [
      126.26574512757361,
      60.46528639923781,
      -0.16547461050135798,
      -0.8337374606429916,
      114.70620508119464,
      2.2229884704574943
    ],
    [
      274.316777266562,
      205.4041346795857,
      -0.6891975188234224,
      0.497500532710909,
      263.24432494305074,
      213.3968374663964
    ],
    [
      282.7641334552318,
      136.0468943985179,
      -0.20798314629523604,
      0.8241620052253892,
      263.24432494305074,
      213.3968374663964
    ],
    [
      103.14666503481567,
      60.90988409332931,
      0.16426800631309538,
      -0.8339760320908035,
      114.70620508119464,
      2.2229884704574943
    ],
    [
      24.89747087098658,
      14.227126210927963,
      0.8425072448430654,
      -0.11261235450405536,
      114.70620508119464,
      2.2229884704574943
    ],
    [
      252.53149025514722,
      11.55954004637897,
      -0.8480563747014422,
      -0.05744898021938141,
      114.70620508119464,
      2.2229884704574943
    ],
    [
      86.25195265747607,
      34.234022445976734,
      0.5647092630169042,
      -0.6352979208709132,
      114.70620508119464,
      2.2229884704574943
    ],
    [
      142.2712621167302,
      80.47218263428658,
      -0.28242050927291723,
      -0.8017098327587269,
      114.70620508119464,
      2.2229884704574943
    ],
    [
      256.9774671960622,
      119.59677971620113,
      0.05666286592864973,
      0.8481092616076962,
      263.24432494305074,
      213.3968374663964
    ],
    [
      50.684137128293514,
      101.81287195160985,
      -0.022070478407769847,
      0.8497134187376659,
      48.01655096374452,
      204.5149392914027
    ],
    [
      145.8280436694622,
      246.75172023195773,
      -0.7093603075348393,
      -0.46830327149623696,
      94.26379826292396,
      212.71019780728966
    ],
    [
      43.57057402282953,
      61.79907948151231,
      0.6516507715610556,
      -0.5457575211793979,
      114.70620508119464,
      2.2229884704574943
    ],
    [
      139.60367595031857,
      194.7337900204584,
      -0.7901603194870263,
      0.31328368854468075,
      94.26379826292396,
      212.71019780728966
    ],
    [
      91.14252729341388,
      246.75172023195773,
      0.07761103620299999,
      -0.8464493647345342,
      94.26379826292396,
      212.71019780728966
    ],
    [
      22.229884706437588,
      166.27953759767115,
      0.4752704180202001,
      0.7047113095125579,
      48.01655096374452,
      204.5149392914027
    ],
    [
      107.59264197573066,
      112.92781430389732,
      -0.11254262711300735,
      0.8425165619039798,
      94.26379826292396,
      212.71019780728966
    ],
    [
      257.8666625842452,
      242.30574329104275,
      0.15545108893653287,
      -0.8356643817636635,
