{
  "scene_id": "37_Millennium_Park_simplified_obstacle_anchored",
  "scene_index": 38,
  "scenario": "Hands-on art stations: participants collect materials at the north promenade and spread to corners to create.",
  "category": "Participatory",
  "crowd_size_label": "50-100",
  "crowd_size": 90,
  "ungrouped_agents": 50,
  "event_center_px": [
    609.5464502233023,
    137.78044870753197
  ],
  "event_center_m": [
    271.00294622406363,
    205.50174667779356
  ],
  "goal_location_raw": {
    "type": "gaussian_mixture_truncated_to_walkable",
    "components": [
      {
        "weight": 0.22,
        "mean_px": [
          220,
          90
        ],
        "sigma_px": [
          22,
          18
        ],
        "support_radius_px": 70
      },
      {
        "weight": 0.28,
        "mean_px": [
          740,
          380
        ],
        "sigma_px": [
          26,
          22
        ],
        "support_radius_px": 80
      },
      {
        "weight": 0.25,
        "mean_px": [
          620,
          700
        ],
        "sigma_px": [
          26,
          22
        ],
        "support_radius_px": 85
      },
      {
        "weight": 0.25,
        "mean_px": [
          220,
          700
        ],
        "sigma_px": [
          26,
          22
        ],
        "support_radius_px": 85
      }
    ]
  },
  "goals_px": [
    [
      250.66480629189607,
      94.40753583172943
    ],
    [
      297.0,
      256.0
    ],
    [
      297.0,
      505.0
    ],
    [
      69.0,
      507.0
    ]
  ],
  "goals_m": [
    [
      111.44499487243593,
      224.78524372912943
    ],
    [
      132.04551515169442,
      152.94160677399486
    ],
    [
      132.04551515169442,
      42.236780940555036
    ],
    [
      30.677240893244743,
      41.34758555237204
    ]
  ],
  "initial_state": [
    [
      139.1590782571584,
      19.117700846865773,
      -0.2352686790613607,
      0.7646232069802241,
      132.04551515169442,
      42.236780940555036
    ],
    [
      234.30298479646444,
      64.4666656460613,
      -0.6049850031018773,
      0.5234435461650296,
      132.04551515169442,
      152.94160677399486
    ],
    [
      128.0441359039396,
      166.27953759767115,
      -0.21835632523699552,
      0.7696236191990183,
      111.44499487243593,
      224.78524372912943
    ],
    [
      174.28229609131813,
      6.668965411372483,
      -0.7776468269157665,
      0.1877908746127991,
      30.677240893244743,
      41.34758555237204
    ],
    [
      153.83080216310918,
      133.3793082330376,
      -0.5952389692219112,
      0.5345002988957414,
      132.04551515169442,
      152.94160677399486
    ],
    [
      141.38206672854722,
      71.58022875152528,
      -0.24256292583653805,
      -0.7623406240058431,
      132.04551515169442,
      42.236780940555036
    ],
    [
      28.898850116878748,
      61.35448178742081,
      0.07083183222376412,
      -0.7968581125544401,
      30.677240893244743,
      41.34758555237204
    ],
    [
      267.203214161098,
      141.8266644217074,
      -0.7973084848845678,
      0.06556813197792798,
      132.04551515169442,
      152.94160677399486
    ],
    [
      44.90436710603535,
      230.30160554964095,
      0.7972649825056018,
      -0.06609498975219227,
      111.44499487243593,
      224.78524372912943
    ],
    [
      280.54114498384297,
      111.59402122162282,
      -0.7706819497100387,
      0.21459108180708167,
      132.04551515169442,
      152.94160677399486
    ],
    [
      231.63539863191545,
      131.6009174566716,
      -0.7822419312617135,
      0.16762327098569793,
      132.04551515169442,
      152.94160677399486
    ],
    [
      260.089651055634,
      259.6450533615425,
      -0.7788683404052066,
      -0.18265844714778268,
      111.44499487243593,
      224.78524372912943
    ],
    [
      181.84045689180493,
      97.36689501069486,
      -0.5362290063710963,
      -0.5936821142044509,
      132.04551515169442,
      42.236780940555036
    ],
    [
      69.35724028199911,
      34.678620140999556,
      -0.7883680925971224,
      0.13592553319658213,
      30.677240893244743,
      41.34758555237204
    ],
    [
      47.12735557556152,
      233.85838710237294,
      0.7921568259921842,
      -0.1117477652303989,
      111.44499487243593,
      224.78524372912943
    ],
    [
      154.71999755129218,
      131.1563197625801,
      -0.576883768229481,
      0.5542608753586657,
      132.04551515169442,
      152.94160677399486
    ],
    [
      254.75447872653604,
      156.49838832765818,
      -0.7996641477600326,
      -0.02317867095457985,
      132.04551515169442,
      152.94160677399486
    ],
    [
      143.6050551980734,
      190.7324107736349,
      -0.23400347350429335,
      -0.7650113557248189,
      132.04551515169442,
      152.94160677399486
    ],
    [
      281.8749380670488,
      159.61057218629867,
      -0.7992087057987244,
      -0.03557308779861541,
      132.04551515169442,
      152.94160677399486
    ],
    [
      100.92367656342685,
      138.7144805630669,
      0.7275795804761673,
      0.3326078081977699,
      132.04551515169442,
      152.94160677399486
    ],
    [
      176.06068686768413,
      131.1563197625801,
      -0.7169843418537285,
      0.35487103789486096,
      132.04551515169442,
      152.94160677399486
    ],
    [
      137.82528517395258,
      155.16459524445236,
      -0.746676484946943,
      -0.28718326348740714,
      132.04551515169442,
      152.94160677399486
    ],
    [
      231.19080093875527,
      72.46942413970828,
      -0.765214322500487,
      -0.2333388965434624,
      132.04551515169442,
      42.236780940555036
    ],
    [
      277.4289611261338,
      228.52321477327496,
      -0.7098089776277934,
      -0.3690138415818392,
      132.04551515169442,
      152.94160677399486
    ],
    [
      110.70482583343983,
      100.03448117524385,
      0.29926116126874297,
      0.7419182956067895,
      132.04551515169442,
      152.94160677399486
    ],
    [
      68.91264258697629,
      263.646432608366,
      0.5905995842811165,
      -0.539622211409957,
      111.44499487243593,
      224.78524372912943
    ],
    [
      200.51356004364789,
      25.786666258238256,
      -0.7778639688239005,
      0.18688939511253752,
      132.04551515169442,
      42.236780940555036
    ],
    [
      269.870800325647,
      36.45701091736555,
      -0.7992974925056475,
      0.03351892710371656,
      132.04551515169442,
      42.236780940555036
    ],
    [
      64.91126334108412,
      179.61746842134744,
      0.574048011824788,
      0.557197343963526,
      111.44499487243593,
      224.78524372912943
    ],
    [
      184.50804305635393,
      100.03448117524385,
      -0.5632935523641673,
      0.5680672265365756,
      132.04551515169442,
      152.94160677399486
    ],
    [
      57.35310254059732,
      88.47494112793356,
      -0.3940785758904593,
      -0.6962054840520487,
      30.677240893244743,
      41.34758555237204
    ],
    [
      41.34758555330336,
      50.239539434202015,
      -0.6145770237218688,
      -0.5121475196788222,
      30.677240893244743,
      41.34758555237204
    ],
    [
      147.16183675080538,
      211.62850239686668,
      -0.7506887771029213,
      0.2765255140700775,
      111.44499487243593,
      224.78524372912943
    ],
    [
      78.24919416382909,
      48.01655096374452,
      -0.7922530507055725,
      -0.1110635117746321,
      30.677240893244743,
      41.34758555237204
    ],
    [
      182.28505458682775,
      38.679999387823045,
      -0.7980026496105865,
      0.056495762801147424,
      132.04551515169442,
      42.236780940555036
    ],
    [
      71.58022875152528,
      204.9595369854942,
      0.7163068315869577,
      0.356236611007142,
      111.44499487243593,
      224.78524372912943
    ],
    [
      57.797700233757496,
      112.92781430389732,
      -0.283443218343842,
