{
  "scene_id": "37_Millennium_Park_simplified_obstacle_anchored",
  "scene_index": 39,
  "scenario": "Interactive map hunt: pairs collect clues at the east corridor and head to dispersed checkpoints.",
  "category": "Participatory",
  "crowd_size_label": "0-50",
  "crowd_size": 46,
  "ungrouped_agents": 20,
  "event_center_px": [
    494.0,
    3.0
  ],
  "event_center_m": [
    219.63126089051366,
    265.424823384732
  ],
  "goal_location_raw": {
    "type": "gaussian_mixture_truncated_to_walkable",
    "components": [
      {
        "weight": 0.35,
        "mean_px": [
          220,
          700
        ],
        "sigma_px": [
          24,
          20
        ],
        "support_radius_px": 85
      },
      {
        "weight": 0.35,
        "mean_px": [
          600,
          120
        ],
        "sigma_px": [
          22,
          18
        ],
        "support_radius_px": 70
      },
      {
        "weight": 0.3,
        "mean_px": [
          220,
          90
        ],
        "sigma_px": [
          22,
          18
        ],
        "support_radius_px": 70
      }
    ]
  },
  "goals_px": [
    [
      93.0,
      230.0
    ],
    [
      563.9932217084928,
      135.12055763469633
    ],
    [
      227.16072462630285,
      112.83483103124605
    ]
  ],
  "goals_m": [
    [
      41.34758555330336,
      164.50114682130516
    ],
    [
      250.75008586607873,
      206.6843281155452
    ],
    [
      100.99513436108828,
      216.59251077473164
    ]
  ],
  "initial_state": [
    [
      93.36551576294005,
      94.25471115112305,
      -0.5058400177932209,
      0.6831001949926189,
      41.34758555330336,
      164.50114682130516
    ],
    [
      270.3153980206698,
      12.448735434561968,
      -0.08518923372215002,
      0.8457202814511621,
      250.75008586607873,
      206.6843281155452
    ],
    [
      13.337930822744966,
      240.08275482058525,
      0.8210309408187444,
      -0.2200186224352099,
      100.99513436108828,
      216.59251077473164
    ],
    [
      156.05379063263535,
      138.7144805630669,
      -0.4906917172599133,
      0.694061696546148,
      100.99513436108828,
      216.59251077473164
    ],
    [
      216.07447933778167,
      8.891953881829977,
      0.1467776732503726,
      0.8372313387799138,
      250.75008586607873,
      206.6843281155452
    ],
    [
      69.80183797515929,
      251.64229486696422,
      0.5650930350739709,
      -0.6349565825400094,
      100.99513436108828,
      216.59251077473164
    ],
    [
      177.83907764405012,
      124.93195204529911,
      0.5657584740936542,
      0.6343637355580944,
      250.75008586607873,
      206.6843281155452
    ],
    [
      54.240918681025505,
      174.72689378540963,
      -0.6659730272075288,
      -0.528185504375158,
      41.34758555330336,
      164.50114682130516
    ],
    [
      136.93608978576958,
      96.92229731660336,
      -0.69406463736055,
      0.49068755758177535,
      41.34758555330336,
      164.50114682130516
    ],
    [
      203.18114621005952,
      265.424823384732,
      0.5349347237679828,
      -0.6605640327078609,
      250.75008586607873,
      206.6843281155452
    ],
    [
      40.90298785828054,
      25.786666258238256,
      0.002724344986584322,
      0.849995634073725,
      41.34758555330336,
      164.50114682130516
    ],
    [
      263.646432608366,
      245.86252484377474,
      -0.2657675538070908,
      -0.8073831849520989,
      250.75008586607873,
      206.6843281155452
    ],
    [
      86.25195265747607,
      1.7783907763659954,
      -0.2261113857355442,
      0.8193739324879403,
      41.34758555330336,
      164.50114682130516
    ],
    [
      171.61470992676914,
      14.227126210927963,
      -0.5567632973700559,
      0.6422730188180278,
      41.34758555330336,
      164.50114682130516
    ],
    [
      192.95539924502373,
      12.893333128653467,
      0.24292421084403304,
      0.8145476215580055,
      250.75008586607873,
      206.6843281155452
    ],
    [
      156.94298602081835,
      218.29746780917048,
      -0.849605591177383,
      -0.02589091423896587,
      100.99513436108828,
      216.59251077473164
    ],
    [
      196.9567784909159,
      38.235401693731546,
      0.2585781583079563,
      0.8097143546004761,
      250.75008586607873,
      206.6843281155452
    ],
    [
      197.8459738790989,
      264.535627996549,
      0.5736217037798128,
      -0.6272624179342682,
      250.75008586607873,
      206.6843281155452
    ],
    [
      151.1632159985602,
      32.90022936370224,
      -0.5445903546050703,
      0.6526264978309751,
      41.34758555330336,
      164.50114682130516
    ],
    [
      124.48735435120761,
      233.41378940828145,
      -0.6911008199573577,
      -0.49485316676188684,
      100.99513436108828,
      216.59251077473164
    ],
    [
      176.94988225586712,
      23.119080093689263,
      -0.5883709014642866,
      0.6134490054683458,
      41.34758555330336,
      164.50114682130516
    ],
    [
      261.868041832,
      25.786666258238256,
      -0.05214254589055161,
      0.8483991719161751,
      250.75008586607873,
      206.6843281155452
    ],
    [
      165.39034220948815,
      61.79907948151231,
      -0.6547159200203817,
      0.5420766219565876,
      41.34758555330336,
      164.50114682130516
    ],
    [
      128.48873359896243,
      122.26436588075012,
      -0.764888408818526,
      0.370736728764582,
      41.34758555330336,
      164.50114682130516
    ],
    [
      118.7075843270868,
      142.2712621157989,
      -0.19705552712877122,
      0.8268428624763003,
      100.99513436108828,
      216.59251077473164
    ],
    [
      60.90988409332931,
      136.4914920926094,
      -0.4867003417730929,
      0.6968663984710085,
      41.34758555330336,
      164.50114682130516
    ],
    [
      16.00551698729396,
      103.14666503388435,
      0.32449613127476246,
      0.7856222125091119,
      41.34758555330336,
      164.50114682130516
    ],
    [
      132.93471053987741,
      49.79494174011052,
      -0.5303626074772633,
      0.6642405472341463,
      41.34758555330336,
      164.50114682130516
    ],
    [
      8.4473561886698,
      0.44459769409149885,
      0.16713302963081572,
      0.8334065936902737,
      41.34758555330336,
      164.50114682130516
    ],
    [
      87.58574574068189,
      67.5788495047018,
      -0.3659898595641102,
      0.7671710517845696,
      41.34758555330336,
      164.50114682130516
    ],
    [
      139.60367595031857,
      27.120459340512753,
      -0.49447567282036803,
      0.6913709633683239,
      41.34758555330336,
      164.50114682130516
    ],
    [
      207.6271231509745,
      61.79907948151231,
      0.24247770973289662,
      0.8146806492624513,
      250.75008586607873,
      206.6843281155452
    ],
    [
      267.6478118561208,
      139.6036759512499,
      -0.20763017487626415,
      0.8242509996844724,
      250.75008586607873,
      206.6843281155452
    ],
    [
      152.49700907990336,
      27.56505703460425,
      -0.5356809981853828,
      0.6599589897736918,
      41.34758555330336,
      164.50114682130516
    ],
    [
      93.81011345796287,
      252.08689256105572,
      0.1686424269792252,
      -0.8331024737825213,
      100.99513436108828,
      216.59251077473164
    ],
    [
      130.7117220684886,
      182.72965227998793,
      -0.5606535564792393,
      0.6388799492918683,
      100.99513436108828,
      216.59251077473164
    ],
    [
      24.89747087098658,
      233.85838710237294,
      0.19616062911582727,
      -0.827055625447819,
      41.34758555330336,
      164.50114682130516
    ],
    [
      53.35172329284251,
      138.7144805630669,
      -0.3587251431006578,
      0.770594751933474,
      41.34758555330336,
      164.50114682130516
    ],
    [
      21.785287011414766,
      247.19631792604923,
      0.7928784058538967,
      -0.30633940903935847,
