{
  "scene_id": "37_Millennium_Park_simplified_obstacle_anchored",
  "scene_index": 40,
  "scenario": "Heated argument near a food cart spills over; some push forward while others circle away to the edges.",
  "category": "Aggressive",
  "crowd_size_label": "50-100",
  "crowd_size": 90,
  "ungrouped_agents": 39,
  "event_center_px": [
    40.0,
    246.0
  ],
  "event_center_m": [
    17.783907763659954,
    157.38758371584117
  ],
  "goal_location_raw": {
    "type": "gaussian_mixture_truncated_to_walkable",
    "components": [
      {
        "weight": 0.3,
        "mean_px": [
          220,
          700
        ],
        "sigma_px": [
          26,
          22
        ],
        "support_radius_px": 85
      },
      {
        "weight": 0.25,
        "mean_px": [
          620,
          700
        ],
        "sigma_px": [
          26,
          22
        ],
        "support_radius_px": 85
      },
      {
        "weight": 0.25,
        "mean_px": [
          220,
          90
        ],
        "sigma_px": [
          24,
          20
        ],
        "support_radius_px": 70
      },
      {
        "weight": 0.2,
        "mean_px": [
          600,
          120
        ],
        "sigma_px": [
          24,
          20
        ],
        "support_radius_px": 70
      }
    ]
  },
  "goals_px": [
    [
      291.0,
      478.0
    ],
    [
      284.0,
      93.0
    ],
    [
      216.14788695533494,
      82.02082282411585
    ],
    [
      602.3558993190363,
      100.473654895861
    ]
  ],
  "goals_m": [
    [
      129.37792898714542,
      54.240918681025505
    ],
    [
      126.26574512757361,
      225.41103091463447
    ],
    [
      96.09885212779045,
      230.29234777018428
    ],
    [
      267.80604387260973,
      222.08826118148863
    ]
  ],
  "initial_state": [
    [
      271.649191102013,
      24.89747087005526,
      -1.1752630381380456,
      0.2423980016141447,
      129.37792898714542,
      54.240918681025505
    ],
    [
      20.89609162323177,
      45.34896479919553,
      0.4520110486300238,
      1.1116141470476102,
      96.09885212779045,
      230.29234777018428
    ],
    [
      139.60367595031857,
      113.37241199798882,
      -0.14185546773515864,
      1.191585929034763,
      126.26574512757361,
      225.41103091463447
    ],
    [
      32.90022936463356,
      150.27402060944587,
      1.1475707255773808,
      0.35082963072950846,
      267.80604387260973,
      222.08826118148863
    ],
    [
      136.04689439758658,
      158.27677910402417,
      -0.17300784864959431,
      1.1874629612352712,
      126.26574512757361,
      225.41103091463447
    ],
    [
      206.73792776279151,
      56.01930945832282,
      -1.1996830427833933,
      -0.027578920536870857,
      129.37792898714542,
      54.240918681025505
    ],
    [
      216.5190770328045,
      10.670344658195972,
      -1.073312629199899,
      0.5366563145999494,
      129.37792898714542,
      54.240918681025505
    ],
    [
      10.670344658195972,
      133.3793082330376,
      0.7935124081382777,
      0.9001877904807369,
      96.09885212779045,
      230.29234777018428
    ],
    [
      136.4914920926094,
      249.41930639650673,
      -0.4702344781710406,
      -1.1040287747786326,
      126.26574512757361,
      225.41103091463447
    ],
    [
      112.48321660980582,
      212.07310009095818,
      0.8623225701189696,
      0.8345057130202372,
      126.26574512757361,
      225.41103091463447
    ],
    [
      264.535627996549,
      7.113563105463982,
      -1.133094121610012,
      0.3950920292448772,
      129.37792898714542,
      54.240918681025505
    ],
    [
      33.34482705779374,
      120.04137741029263,
      0.9899188467856954,
      -0.678277728352095,
      129.37792898714542,
      54.240918681025505
    ],
    [
      120.04137741029263,
      148.94022752717137,
      0.09735246107860787,
      1.1960445218811624,
      126.26574512757361,
      225.41103091463447
    ],
    [
      136.4914920926094,
      20.00689623504877,
      -0.24413574817653372,
      1.1749032881315313,
      129.37792898714542,
      54.240918681025505
    ],
    [
      176.50528456270695,
      261.868041832,
      -0.9712261074808091,
      -0.7047835470182855,
      126.26574512757361,
      225.41103091463447
    ],
    [
      63.5774702578783,
      92.47632037475705,
      1.0375502784005561,
      -0.602900837444209,
      129.37792898714542,
      54.240918681025505
    ],
    [
      96.47769962251186,
      156.05379063356668,
      -0.0061236518031825655,
      1.1999843752685253,
      96.09885212779045,
      230.29234777018428
    ],
    [
      136.93608978576958,
      14.227126210927963,
      -0.22272812967318023,
      1.1791489219993745,
      129.37792898714542,
      54.240918681025505
    ],
    [
      275.6505703497678,
      221.85424936190248,
      -1.1994664149787455,
      0.035781550246401915,
      267.80604387260973,
      222.08826118148863
    ],
    [
      81.3613780234009,
      255.6436741137877,
      0.6030934992631832,
      -1.0374383023324756,
      96.09885212779045,
      230.29234777018428
    ],
    [
      270.75999571383,
      132.9347105389461,
      -0.03973816014347257,
      1.1993418522791621,
      267.80604387260973,
      222.08826118148863
    ],
    [
      192.95539924502373,
      60.02068870514631,
      -1.1950718477600966,
      -0.10864289526364962,
      129.37792898714542,
      54.240918681025505
    ],
    [
      55.574711764231324,
      199.1797669623047,
      0.951827564778964,
      0.7307696538081935,
      96.09885212779045,
      230.29234777018428
    ],
    [
      113.37241199798882,
      127.5995382098481,
      0.25580049027608703,
      -1.1724189136884962,
      129.37792898714542,
      54.240918681025505
    ],
    [
      128.0441359039396,
      86.69655035156757,
      0.049273477774040626,
      -1.1989879583999377,
      129.37792898714542,
      54.240918681025505
    ],
    [
      95.14390653930604,
      242.30574329104275,
      0.0950881355354155,
      -1.196226670192735,
      96.09885212779045,
      230.29234777018428
    ],
    [
      63.5774702578783,
      104.92505581025034,
      0.9506710041687355,
      -0.7322736113180702,
      129.37792898714542,
      54.240918681025505
    ],
    [
      66.68965411745012,
      75.5816079992801,
      1.1359798872551337,
      -0.38671655737996724,
      129.37792898714542,
      54.240918681025505
    ],
    [
      45.79356249421835,
      62.24367717560381,
      1.1945373026818455,
      -0.11437059281817642,
      129.37792898714542,
      54.240918681025505
    ],
    [
      271.649191102013,
      30.232643199153244,
      -1.1832705249325615,
      0.19967690108227296,
      129.37792898714542,
      54.240918681025505
    ],
    [
      66.2450564224273,
      59.576091011054814,
      1.1957379502278698,
      -0.10104827749572202,
      129.37792898714542,
      54.240918681025505
    ],
    [
      193.3999969381839,
      63.132872563786805,
      -1.1885907278116001,
      -0.16508204554187636,
      129.37792898714542,
      54.240918681025505
    ],
    [
      117.81838893890381,
      172.50390531495214,
      0.1892002172794238,
      1.1849908344714817,
      126.26574512757361,
      225.41103091463447
    ],
    [
      80.47218263335526,
      88.91953882202506,
      0.9788794692977036,
      -0.6941145327591446,
      129.37792898714542,
      54.240918681025505
    ],
    [
      124.48735435120761,
      36.90160861145705,
      0.3257521980836299,
      1.1549396111674775,
      129.37792898714542,
      54.240918681025505
    ],
    [
      76.47080338746309,
      72.46942413970828,
      1.1345488579040155,
      -0.39089498465533407,
      129.37792898714542,
      54.240918681025505
    ],
    [
      148.4956298340112,
      90.69792959839106,
      -0.5572926172466446,
      -1.0627440607984524,
