{
  "scene_id": "37_Millennium_Park_simplified_obstacle_anchored",
  "scene_index": 41,
  "scenario": "Tense dispute over saved seats causes jostling; bystanders step back toward safer corners.",
  "category": "Aggressive",
  "crowd_size_label": "0-50",
  "crowd_size": 43,
  "ungrouped_agents": 22,
  "event_center_px": [
    208.73308989246382,
    361.29121506361554
  ],
  "event_center_m": [
    92.802250450477,
    106.12937534693629
  ],
  "goal_location_raw": {
    "type": "gaussian_mixture_truncated_to_walkable",
    "components": [
      {
        "weight": 0.35,
        "mean_px": [
          620,
          700
        ],
        "sigma_px": [
          24,
          20
        ],
        "support_radius_px": 85
      },
      {
        "weight": 0.35,
        "mean_px": [
          220,
          700
        ],
        "sigma_px": [
          24,
          20
        ],
        "support_radius_px": 85
      },
      {
        "weight": 0.3,
        "mean_px": [
          740,
          380
        ],
        "sigma_px": [
          24,
          20
        ],
        "support_radius_px": 80
      }
    ]
  },
  "goals_px": [
    [
      355.0,
      559.0
    ],
    [
      317.0,
      22.0
    ],
    [
      636.0,
      226.0
    ]
  ],
  "goals_m": [
    [
      157.83218140900135,
      18.228505458682775
    ],
    [
      140.9374690335244,
      256.97746719699353
    ],
    [
      282.7641334552318,
      166.27953759767115
    ]
  ],
  "initial_state": [
    [
      148.4956298340112,
      62.24367717560381,
      0.23862983957588071,
      -1.1249692438746888,
      157.83218140900135,
      18.228505458682775
    ],
    [
      153.83080216310918,
      149.38482522126287,
      -0.1368309487176333,
      1.141830675482592,
      140.9374690335244,
      256.97746719699353
    ],
    [
      56.9085048455745,
      64.4666656460613,
      1.0484005827473883,
      0.4726057745044345,
      282.7641334552318,
      166.27953759767115
    ],
    [
      70.69103336334229,
      208.0717208441347,
      0.9437974154472516,
      0.6570741499976147,
      140.9374690335244,
      256.97746719699353
    ],
    [
      43.57057402282953,
      32.01103397551924,
      1.141724063964066,
      -0.13771768864374953,
      157.83218140900135,
      18.228505458682775
    ],
    [
      80.02758494019508,
      14.227126210927963,
      1.1484821938419434,
      0.05906479855206914,
      157.83218140900135,
      18.228505458682775
    ],
    [
      257.42206489108503,
      27.120459340512753,
      -1.1454433611121393,
      -0.10227172866498832,
      157.83218140900135,
      18.228505458682775
    ],
    [
      259.6450533606112,
      165.83493990357965,
      1.1497874110343578,
      0.022111296364263892,
      282.7641334552318,
      166.27953759767115
    ],
    [
      33.78942475281656,
      81.36137802246958,
      1.0248915845397304,
      -0.5216294086222902,
      157.83218140900135,
      18.228505458682775
    ],
    [
      272.538386490196,
      125.37654973939061,
      0.2789159688037371,
      1.115663875164143,
      282.7641334552318,
      166.27953759767115
    ],
    [
      155.60919293947518,
      224.52183552645147,
      -0.4737093140113883,
      1.0479024218976019,
      140.9374690335244,
      256.97746719699353
    ],
    [
      20.451493930071592,
      248.97470870241523,
      1.1474716325741166,
      0.07621582799977676,
      140.9374690335244,
      256.97746719699353
    ],
    [
      262.3126395251602,
      171.61470992676914,
      1.1127598632628277,
      -0.29028518169429957,
      282.7641334552318,
      166.27953759767115
    ],
    [
      0.0,
      16.45011468231678,
      1.1499270055617912,
      0.012956924005794856,
      157.83218140900135,
      18.228505458682775
    ],
    [
      114.26160738617182,
      163.61195143312216,
      0.31592929708781187,
      1.1057525397852819,
      140.9374690335244,
      256.97746719699353
    ],
    [
      118.7075843270868,
      170.72551453858614,
      0.2870124927997752,
      1.1136084720299406,
      140.9374690335244,
      256.97746719699353
    ],
    [
      20.89609162323177,
      77.80459646973759,
      1.0545216710034078,
      -0.45878540232245874,
      157.83218140900135,
      18.228505458682775
    ],
    [
      106.25884889252484,
      115.59540046937764,
      0.5382840732838429,
      -1.0162432073322576,
      157.83218140900135,
      18.228505458682775
    ],
    [
      222.2988470569253,
      137.8252851748839,
      1.0405415075307798,
      0.4896665917801333,
      282.7641334552318,
      166.27953759767115
    ],
    [
      2.667586164548993,
      12.448735434561968,
      1.1492030115236658,
      0.0428069889730294,
      157.83218140900135,
      18.228505458682775
    ],
    [
      50.23953943513334,
      107.59264197479934,
      0.8846518536309106,
      -0.7347728205829293,
      157.83218140900135,
      18.228505458682775
    ],
    [
      260.5342487487942,
      32.01103397551924,
      -1.1397823950997181,
      -0.1529578105908624,
      157.83218140900135,
      18.228505458682775
    ],
    [
      44.90436710603535,
      77.35999877564609,
      1.018784760949391,
      -0.5334581622370136,
      157.83218140900135,
      18.228505458682775
    ],
    [
      127.59953821077943,
      133.3793082330376,
      0.29203306930895057,
      -1.1123024257952483,
      157.83218140900135,
      18.228505458682775
    ],
    [
      134.7131013162434,
      184.50804305635393,
      0.0984106844042599,
      1.1457815399084963,
      140.9374690335244,
      256.97746719699353
    ],
    [
      253.86528333835304,
      252.53149025514722,
      0.3653477167783816,
      -1.090422416242817,
      282.7641334552318,
      166.27953759767115
    ],
    [
      149.82942291535437,
      220.07585858553648,
      -0.2693976859167979,
      1.1180003966111436,
      140.9374690335244,
      256.97746719699353
    ],
    [
      124.04275665804744,
      232.52459402009845,
      0.6536966504149471,
      0.9461398888305462,
      140.9374690335244,
      256.97746719699353
    ],
    [
      40.90298785828054,
      15.116321600042284,
      1.1495928806366422,
      0.03059752914120161,
      157.83218140900135,
      18.228505458682775
    ],
    [
      257.42206489108503,
      124.04275665711612,
      0.5916701187384579,
      0.9861168645713444,
      282.7641334552318,
      166.27953759767115
    ],
    [
      232.07999632693827,
      122.70896357484162,
      0.8720642279644527,
      0.7496692486055186,
      282.7641334552318,
      166.27953759767115
    ],
    [
      59.131493316963315,
      9.336551575921476,
      1.1453613879995403,
      0.10318571063750208,
      157.83218140900135,
      18.228505458682775
    ],
    [
      40.01379247009754,
      68.02344719879329,
      1.0592777747147508,
      -0.447694757614343,
      157.83218140900135,
      18.228505458682775
    ],
    [
      22.674482399597764,
      233.85838710237294,
      1.128636301907905,
      0.22063566804949786,
      140.9374690335244,
      256.97746719699353
    ],
    [
      267.6478118561208,
      106.25884889252484,
      0.280859207846518,
      1.1151762665013214,
      282.7641334552318,
      166.27953759767115
    ],
    [
      57.35310254059732,
      136.9360897867009,
      0.6571337506684981,
      0.943755918515138,
      140.9374690335244,
      256.97746719699353
    ],
    [
      180.06206611543894,
      54.240918681025505,
      -0.6040595843868477,
      -0.9785765266500053,
      157.83218140900135,
      18.228505458682775
    ],
    [
      253.86528333835304,
      17.339310070499778,
      -1.1499507061874281,
      0.010647691723338104,
      157.83218140900135,
      18.228505458682775
    ],
    [
      123.59815896302462,
      49.79494174011052,
      0.8454447891617899,
      -0.7795659744237025,
      157.83218140900135,
