{
  "scene_id": "37_Millennium_Park_simplified_obstacle_anchored",
  "scene_index": 42,
  "scenario": "Raised voices at the north promenade draw a circle of onlookers, while others peel off down the paths.",
  "category": "Aggressive",
  "crowd_size_label": "50-100",
  "crowd_size": 99,
  "ungrouped_agents": 47,
  "event_center_px": [
    610.662565452337,
    147.6447740655053
  ],
  "event_center_m": [
    271.4991684798151,
    201.1160903694108
  ],
  "goal_location_raw": {
    "type": "gaussian_mixture_truncated_to_walkable",
    "components": [
      {
        "weight": 0.25,
        "mean_px": [
          220,
          90
        ],
        "sigma_px": [
          22,
          18
        ],
        "support_radius_px": 70
      },
      {
        "weight": 0.25,
        "mean_px": [
          740,
          380
        ],
        "sigma_px": [
          26,
          22
        ],
        "support_radius_px": 80
      },
      {
        "weight": 0.25,
        "mean_px": [
          620,
          700
        ],
        "sigma_px": [
          26,
          22
        ],
        "support_radius_px": 85
      },
      {
        "weight": 0.25,
        "mean_px": [
          220,
          700
        ],
        "sigma_px": [
          26,
          22
        ],
        "support_radius_px": 85
      }
    ]
  },
  "goals_px": [
    [
      245.71913016947602,
      90.56326173390703
    ],
    [
      376.0,
      12.0
    ],
    [
      374.0,
      382.0
    ],
    [
      567.0,
      131.0
    ]
  ],
  "goals_m": [
    [
      109.24615867249668,
      226.49439912848175
    ],
    [
      167.16873298585415,
      261.4234441379085
    ],
    [
      166.27953759767115,
      96.92229731660336
    ],
    [
      252.08689256198704,
      208.5163185382262
    ]
  ],
  "initial_state": [
    [
      181.3958591967821,
      65.8004587283358,
      -0.5461299533946947,
      1.1243851982328426,
      166.27953759767115,
      96.92229731660336
    ],
    [
      135.1576990094036,
      20.45149392914027,
      -0.15596898761842728,
      1.2402312989524507,
      109.24615867249668,
      226.49439912848175
    ],
    [
      244.08413406834006,
      247.64091562014073,
      0.2504952951744365,
      -1.2246436653555481,
      252.08689256198704,
      208.5163185382262
    ],
    [
      219.63126089051366,
      48.01655096374452,
      -0.2984069648195803,
      1.2138588399592294,
      167.16873298585415,
      261.4234441379085
    ],
    [
      244.08413406834006,
      1.7783907763659954,
      -0.791300979917855,
      0.9676480554318511,
      166.27953759767115,
      96.92229731660336
    ],
    [
      64.91126334108412,
      5.779770023189485,
      0.9295230067184558,
      0.8357553350000713,
      166.27953759767115,
      96.92229731660336
    ],
    [
      33.34482705779374,
      219.63126089144498,
      1.2449210548977456,
      0.11256805529227082,
      109.24615867249668,
      226.49439912848175
    ],
    [
      145.38344597443938,
      132.4901128448546,
      0.6331863107972359,
      -1.0777639332520763,
      166.27953759767115,
      96.92229731660336
    ],
    [
      67.57884950563312,
      88.47494112793356,
      1.2454469400054728,
      0.10659230568387275,
      166.27953759767115,
      96.92229731660336
    ],
    [
      170.72551453858614,
      134.2685036212206,
      -0.14776611222775704,
      -1.2412353427441123,
      166.27953759767115,
      96.92229731660336
    ],
    [
      130.7117220684886,
      127.1549405157566,
      0.9524241472079387,
      -0.8095605251092908,
      166.27953759767115,
      96.92229731660336
    ],
    [
      49.79494174011052,
      160.49976757448167,
      0.836641599635644,
      0.9287253812398534,
      109.24615867249668,
      226.49439912848175
    ],
    [
      27.120459340512753,
      2.2229884704574943,
      1.0334124284428485,
      0.703248713287024,
      166.27953759767115,
      96.92229731660336
    ],
    [
      278.3181565143168,
      232.07999632600695,
      -0.9299009725539769,
      -0.8353347719586248,
      252.08689256198704,
      208.5163185382262
    ],
    [
      24.45287317596376,
      58.24229792878032,
      1.2059547765469825,
      0.328896757240806,
      166.27953759767115,
      96.92229731660336
    ],
    [
      18.228505458682775,
      249.86390409059823,
      1.210728491310099,
      -0.3108641509244375,
      109.24615867249668,
      226.49439912848175
    ],
    [
      56.46390715241432,
      76.91540108155459,
      1.2297576491674018,
      0.22404491584114383,
      166.27953759767115,
      96.92229731660336
    ],
    [
      139.1590782571584,
      249.41930639650673,
      1.1489312875146684,
      0.4923991232424019,
      167.16873298585415,
      261.4234441379085
    ],
    [
      193.3999969381839,
      134.2685036212206,
      -0.7344984888144206,
      -1.011440541964446,
      166.27953759767115,
      96.92229731660336
    ],
    [
      16.894712375476956,
      257.8666625851765,
      1.1835722407315208,
      -0.4020656053056109,
      109.24615867249668,
      226.49439912848175
    ],
    [
      134.7131013162434,
      210.29470931459218,
      -1.054699641695628,
      0.6709013830713975,
      109.24615867249668,
      226.49439912848175
    ],
    [
      278.3181565143168,
      256.97746719699353,
      -0.59502901609668,
      -1.0992908941690624,
      252.08689256198704,
      208.5163185382262
    ],
    [
      136.93608978576958,
      173.83769839722663,
      -0.5817861234619288,
      1.1063565910442896,
      109.24615867249668,
      226.49439912848175
    ],
    [
      16.894712375476956,
      205.4041346795857,
      1.2186265329236299,
      0.27829727496785384,
      109.24615867249668,
      226.49439912848175
    ],
    [
      168.94712376222014,
      128.9333312921226,
      -0.10380684981417566,
      -1.2456821978063495,
      166.27953759767115,
      96.92229731660336
    ],
    [
      248.97470870241523,
      246.75172023195773,
      0.10140881365369676,
      -1.2458797102904233,
      252.08689256198704,
      208.5163185382262
    ],
    [
      78.69379185698926,
      24.00827548187226,
      0.9606761951870841,
      0.7997507411693143,
      166.27953759767115,
      96.92229731660336
    ],
    [
      17.783907763659954,
      95.14390654023737,
      1.2499103685643567,
      0.014968986449121487,
      166.27953759767115,
      96.92229731660336
    ],
    [
      129.8225266803056,
      232.96919171418995,
      -1.192360565213262,
      -0.37520165581232545,
      109.24615867249668,
      226.49439912848175
    ],
    [
      185.39723844453692,
      18.228505458682775,
      -0.29508923545478927,
      1.214669643614554,
      166.27953759767115,
      96.92229731660336
    ],
    [
      27.565057035535574,
      156.05379063356668,
      0.9466141914800781,
      0.816346478211622,
      109.24615867249668,
      226.49439912848175
    ],
    [
      163.16735373996198,
      265.424823384732,
      0.8838834763803223,
      -0.8838834765860466,
      167.16873298585415,
      261.4234441379085
    ],
    [
      103.14666503481567,
      249.86390409059823,
      0.31567763629323203,
      -1.209482380997887,
      109.24615867249668,
      226.49439912848175
    ],
    [
      18.67310315184295,
      56.90850484650582,
      1.2064565214532315,
      0.32705146665772455,
      166.27953759767115,
      96.92229731660336
    ],
    [
      137.3806874807924,
      11.55954004637897,
      0.4008303369070532,
      1.1839911490441886,
      166.27953759767115,
      96.92229731660336
    ],
    [
      11.114942353218794,
      111.14942352753133,
      0.8099820721904196,
      0.9520656714376974,
      109.24615867249668,
      226.49439912848175
    ],
    [
      180.50666380859911,
      28.898850116878748,
      -0.2559007706704899,
      1.2235255598352859,
      166.27953759767115,
