{
  "scene_id": "37_Millennium_Park_simplified_obstacle_anchored",
  "scene_index": 43,
  "scenario": "A vendor dispute escalates; some approach while others retreat toward the south edge.",
  "category": "Aggressive",
  "crowd_size_label": "50-100",
  "crowd_size": 51,
  "ungrouped_agents": 29,
  "event_center_px": [
    208.4486935690313,
    94.81332036001132
  ],
  "event_center_m": [
    92.67580850236118,
    224.60483286343515
  ],
  "goal_location_raw": {
    "type": "gaussian_mixture_truncated_to_walkable",
    "components": [
      {
        "weight": 0.3,
        "mean_px": [
          620,
          700
        ],
        "sigma_px": [
          24,
          20
        ],
        "support_radius_px": 85
      },
      {
        "weight": 0.3,
        "mean_px": [
          220,
          700
        ],
        "sigma_px": [
          24,
          20
        ],
        "support_radius_px": 85
      },
      {
        "weight": 0.2,
        "mean_px": [
          740,
          380
        ],
        "sigma_px": [
          26,
          22
        ],
        "support_radius_px": 80
      },
      {
        "weight": 0.2,
        "mean_px": [
          600,
          120
        ],
        "sigma_px": [
          22,
          18
        ],
        "support_radius_px": 70
      }
    ]
  },
  "goals_px": [
    [
      155.0,
      38.0
    ],
    [
      250.0,
      135.0
    ],
    [
      51.0,
      34.0
    ],
    [
      563.5593164591584,
      65.80566171485196
    ]
  ],
  "goals_m": [
    [
      68.91264258697629,
      249.86390409059823
    ],
    [
      111.14942352846265,
      206.7379277618602
    ],
    [
      22.674482399597764,
      251.64229486696422
    ],
    [
      250.55717259272933,
      237.50157100893557
    ]
  ],
  "initial_state": [
    [
      145.38344597443938,
      47.57195326965302,
      -0.2523300173957203,
      1.1731707302524534,
      111.14942352846265,
      206.7379277618602
    ],
    [
      110.70482583343983,
      182.28505458589643,
      -0.6311631627484492,
      1.020604263164413,
      68.91264258697629,
      249.86390409059823
    ],
    [
      23.119080094620585,
      108.48183736298233,
      -0.003726690110829507,
      1.1999942132280548,
      22.674482399597764,
      251.64229486696422
    ],
    [
      212.0731000918895,
      11.55954004637897,
      0.20149077099053747,
      1.1829630041576273,
      250.55717259272933,
      237.50157100893557
    ],
    [
      197.8459738790989,
      72.91402183379978,
      -0.6524563696379684,
      1.0071249603295722,
      111.14942352846265,
      206.7379277618602
    ],
    [
      117.81838893890381,
      0.44459769409149885,
      -0.03877284850644591,
      1.199373447354366,
      111.14942352846265,
      206.7379277618602
    ],
    [
      81.3613780234009,
      91.14252729248255,
      0.29944809058235544,
      1.1620373664588335,
      111.14942352846265,
      206.7379277618602
    ],
    [
      62.688274869695306,
      27.56505703460425,
      0.31330801785668183,
      1.158377350411651,
      111.14942352846265,
      206.7379277618602
    ],
    [
      104.92505581118166,
      182.28505458589643,
      0.29601513675132873,
      1.1629166087102256,
      111.14942352846265,
      206.7379277618602
    ],
    [
      157.83218140900135,
      95.14390654023737,
      -0.4631038629713658,
      1.1070387581747074,
      111.14942352846265,
      206.7379277618602
    ],
    [
      143.1604575049132,
      90.25333190429956,
      -0.31798247893960774,
      1.1571029094628626,
      111.14942352846265,
      206.7379277618602
    ],
    [
      79.13838955201209,
      40.90298785828054,
      0.22743694597098976,
      1.1782497339729763,
      111.14942352846265,
      206.7379277618602
    ],
    [
      50.684137128293514,
      208.9609162323177,
      0.48847132827154177,
      1.096082004895909,
      68.91264258697629,
      249.86390409059823
    ],
    [
      262.757237220183,
      161.38896296266466,
      -0.18992324635044833,
      1.184875166629678,
      250.55717259272933,
      237.50157100893557
    ],
    [
      32.45563166961074,
      232.96919171418995,
      -0.5568083935828774,
      1.0629978423476012,
      22.674482399597764,
      251.64229486696422
    ],
    [
      149.82942291535437,
      53.35172329284251,
      -0.29342285428453,
      1.1635733877085361,
      111.14942352846265,
      206.7379277618602
    ],
    [
      261.868041832,
      69.35724028106779,
      -0.08054055238825539,
      1.197294124023414,
      250.55717259272933,
      237.50157100893557
    ],
    [
      136.93608978576958,
      111.59402122162282,
      -0.313908663944459,
      1.1582147256448627,
      111.14942352846265,
      206.7379277618602
    ],
    [
      57.35310254059732,
      106.70344658661634,
      0.5683594928414014,
      1.0568668255258393,
      111.14942352846265,
      206.7379277618602
    ],
    [
      161.38896296173334,
      2.667586164548993,
      -0.28685968027061637,
      1.1652087898033725,
      111.14942352846265,
      206.7379277618602
    ],
    [
      151.1632159985602,
      106.25884889252484,
      -0.44396726821252025,
      1.1148511401778767,
      111.14942352846265,
      206.7379277618602
    ],
    [
      168.50252606905997,
      126.26574512757361,
      -0.6964640286724261,
      0.9772092185225097,
      111.14942352846265,
      206.7379277618602
    ],
    [
      220.96505397371948,
      42.681378634646535,
      0.18020641622307498,
      1.18639186087567,
      250.55717259272933,
      237.50157100893557
    ],
    [
      32.45563166961074,
      242.75034098513424,
      -0.8879280880751322,
      0.8072073527955749,
      22.674482399597764,
      251.64229486696422
    ],
    [
      46.68275788240135,
      237.41516865603626,
      1.047007219139664,
      0.5863240427182118,
      68.91264258697629,
      249.86390409059823
    ],
    [
      109.81563044525683,
      68.46804489288479,
      0.011575024186388833,
      1.199944173207689,
      111.14942352846265,
      206.7379277618602
    ],
    [
      240.97195020876825,
      194.2891923263669,
      0.2598636817637871,
      1.171525017616,
      250.55717259272933,
      237.50157100893557
    ],
    [
      99.58988348022103,
      98.25609039887786,
      0.1271490347515758,
      1.1932447875275813,
      111.14942352846265,
      206.7379277618602
    ],
    [
      245.41792714968324,
      240.52735251467675,
      1.0340839145119645,
      -0.6088271164687166,
      250.55717259272933,
      237.50157100893557
    ],
    [
      236.52597326785326,
      83.13976879883558,
      0.10862990476012324,
      1.1950730286437756,
      250.55717259272933,
      237.50157100893557
    ],
    [
      154.71999755129218,
      174.72689378540963,
      -0.9670581754638965,
      0.7104917207599535,
      111.14942352846265,
      206.7379277618602
    ],
    [
      154.71999755129218,
      116.48459585756063,
      -0.5216988789980346,
      1.080661963637193,
      111.14942352846265,
      206.7379277618602
    ],
    [
      264.09103030338883,
      226.74482399690896,
      -0.9394195102938876,
      0.7466531883539992,
      250.55717259272933,
      237.50157100893557
    ],
    [
      237.41516865603626,
      120.48597510438412,
      0.13392980403546192,
      1.192502749510886,
      250.55717259272933,
      237.50157100893557
    ],
    [
      159.61057218536735,
      6.668965411372483,
      -0.2824974928147237,
      1.1662740529366993,
      111.14942352846265,
      206.7379277618602
    ],
    [
      87.14114804565907,
      94.25471115112305,
      0.2504844764068106,
      1.173566157947308,
      111.14942352846265,
      206.7379277618602
    ],
    [
      31.56643628142774,
      215.62988164369017,
      -0.2876573165823206,
      1.1650121322186555,
      22.674482399597764,
      251.64229486696422
    ],
    [
