{
  "scene_id": "37_Millennium_Park_simplified_obstacle_anchored",
  "scene_index": 44,
  "scenario": "A heated debate about access lines turns pushy near the east corridor; small surges and withdrawals occur.",
  "category": "Aggressive",
  "crowd_size_label": "50-100",
  "crowd_size": 86,
  "ungrouped_agents": 37,
  "event_center_px": [
    22.0,
    404.0
  ],
  "event_center_m": [
    9.781149270012975,
    87.14114804565907
  ],
  "goal_location_raw": {
    "type": "gaussian_mixture_truncated_to_walkable",
    "components": [
      {
        "weight": 0.25,
        "mean_px": [
          220,
          90
        ],
        "sigma_px": [
          22,
          18
        ],
        "support_radius_px": 70
      },
      {
        "weight": 0.25,
        "mean_px": [
          600,
          120
        ],
        "sigma_px": [
          22,
          18
        ],
        "support_radius_px": 70
      },
      {
        "weight": 0.25,
        "mean_px": [
          220,
          700
        ],
        "sigma_px": [
          24,
          20
        ],
        "support_radius_px": 85
      },
      {
        "weight": 0.25,
        "mean_px": [
          620,
          700
        ],
        "sigma_px": [
          24,
          20
        ],
        "support_radius_px": 85
      }
    ]
  },
  "goals_px": [
    [
      230.02573273770946,
      88.3729639552681
    ],
    [
      586.9330079328279,
      99.84145460171806
    ],
    [
      116.0,
      542.0
    ],
    [
      573.0,
      179.0
    ]
  ],
  "goals_m": [
    [
      102.26891036145389,
      227.46820047032088
    ],
    [
      260.94906192459166,
      222.36933597456664
    ],
    [
      51.57333251647651,
      25.786666258238256
    ],
    [
      254.75447872653604,
      187.17562922090292
    ]
  ],
  "initial_state": [
    [
      114.70620508119464,
      152.49700907990336,
      -0.20457199896199302,
      1.2331465027484343,
      102.26891036145389,
      227.46820047032088
    ],
    [
      193.84459463320673,
      10.670344658195972,
      -1.243003518310772,
      0.13206912382174005,
      51.57333251647651,
      25.786666258238256
    ],
    [
      232.07999632693827,
      78.69379185792059,
      0.2557437613968383,
      1.223558387861649,
      254.75447872653604,
      187.17562922090292
    ],
    [
      252.97608795017004,
      88.91953882202506,
      0.07454846731944398,
      1.2477750302119057,
      260.94906192459166,
      222.36933597456664
    ],
    [
      18.228505458682775,
      175.61608917359263,
      1.0638097609053874,
      0.65636026129133,
      102.26891036145389,
      227.46820047032088
    ],
    [
      248.53011100925505,
      153.38620446808636,
      0.2264530368340946,
      1.2293164857385654,
      254.75447872653604,
      187.17562922090292
    ],
    [
      127.59953821077943,
      191.6216061618179,
      -0.7213699458281163,
      1.0208454345570344,
      102.26891036145389,
      227.46820047032088
    ],
    [
      107.59264197573066,
      150.71861830353737,
      -0.08649835505151043,
      1.2470036225181476,
      102.26891036145389,
      227.46820047032088
    ],
    [
      21.785287011414766,
      238.74896173831075,
      1.2378995987648007,
      -0.17350672430181266,
      102.26891036145389,
      227.46820047032088
    ],
    [
      48.90574635192752,
      144.93884828034788,
      0.6787217532536669,
      1.049684134232898,
      102.26891036145389,
      227.46820047032088
    ],
    [
      255.64367411471903,
      149.82942291535437,
      -0.02975347243137808,
      1.2496458421802055,
      254.75447872653604,
      187.17562922090292
    ],
    [
      8.00275849364698,
      4.00137924682349,
      1.118033988749895,
      0.5590169943749475,
      51.57333251647651,
      25.786666258238256
    ],
    [
      124.48735435120761,
      9.781149270012975,
      -1.2209304289644565,
      0.26800911855507514,
      51.57333251647651,
      25.786666258238256
    ],
    [
      257.8666625842452,
      105.36965350434184,
      -0.0475199722670514,
      1.2490964143074539,
      254.75447872653604,
      187.17562922090292
    ],
    [
      262.757237220183,
      242.75034098513424,
      -0.11046443463896749,
      -1.2451094765842452,
      260.94906192459166,
      222.36933597456664
    ],
    [
      229.85700785554945,
      29.343447810970247,
      0.1947746087466662,
      1.2347318946992432,
      254.75447872653604,
      187.17562922090292
    ],
    [
      274.7613749615848,
      51.12873482238501,
      -0.1818674881182955,
      1.2366989192061026,
      254.75447872653604,
      187.17562922090292
    ],
    [
      103.59126272797585,
      175.17149147950113,
      -0.03159686968884691,
      1.2496005913194288,
      102.26891036145389,
      227.46820047032088
    ],
    [
      106.25884889252484,
      136.9360897867009,
      -0.05503667720010584,
      1.2487877978915278,
      102.26891036145389,
      227.46820047032088
    ],
    [
      146.27264136262238,
      88.03034343384206,
      -1.0445675385006168,
      -0.686570213096055,
      51.57333251647651,
      25.786666258238256
    ],
    [
      240.08275482058525,
      130.2671243743971,
      0.3120615163324818,
      1.2104204269691883,
      254.75447872653604,
      187.17562922090292
    ],
    [
      83.1397687997669,
      210.29470931459218,
      0.9301502533517545,
      0.8350571873768091,
      102.26891036145389,
      227.46820047032088
    ],
    [
      272.0937887970358,
      29.343447810970247,
      -0.13650268640018026,
      1.242524453121762,
      254.75447872653604,
      187.17562922090292
    ],
    [
      15.560919294133782,
      197.84597388003021,
      1.1828763147548291,
      0.40410843098360916,
      102.26891036145389,
      227.46820047032088
    ],
    [
      211.62850239686668,
      92.47632037475705,
      0.5180583302473295,
      1.1375920035150338,
      254.75447872653604,
      187.17562922090292
    ],
    [
      19.117700846865773,
      209.85011162050068,
      1.2228524668956822,
      0.2590981362479181,
      102.26891036145389,
      227.46820047032088
    ],
    [
      91.58712498657405,
      43.125976328738034,
      -1.1469445316361067,
      -0.4970092970458722,
      51.57333251647651,
      25.786666258238256
    ],
    [
      146.7172390576452,
      165.83493990357965,
      -0.7311648384209062,
      1.0138530362221787,
      102.26891036145389,
      227.46820047032088
    ],
    [
      31.121838588267565,
      55.574711764231324,
      0.7075081283354341,
      -1.0305009695964826,
      51.57333251647651,
      25.786666258238256
    ],
    [
      256.53286950290203,
      229.85700785554945,
      0.6350224484111283,
      -1.076683096372343,
      260.94906192459166,
      222.36933597456664
    ],
    [
      25.78666625916958,
      120.04137741029263,
      0.3298591061067238,
      -1.2056919051393158,
      51.57333251647651,
      25.786666258238256
    ],
    [
      29.34344781190157,
      77.35999877564609,
      0.4947866844421144,
      -1.1479051079678928,
      51.57333251647651,
      25.786666258238256
    ],
    [
      282.31953576020896,
      196.51218079775572,
      -1.183930719522612,
      -0.4010087921363693,
      254.75447872653604,
      187.17562922090292
    ],
    [
      9.781149270012975,
      82.69517110474408,
      0.7398868786353736,
      -1.0075055368697503,
      51.57333251647651,
      25.786666258238256
    ],
    [
      12.448735434561968,
      218.29746780917048,
      1.2435351136983437,
      0.12696621991398957,
      102.26891036145389,
      227.46820047032088
    ],
    [
      44.45976941101253,
      115.15080277435482,
      0.09918873025713106,
      -1.2460584239071528,
      51.57333251647651,
      25.786666258238256
    ],
    [
      84.9181595761329,
      92.47632037475705,
      -0.5590169943936835,
      -1.1180339887405268,
