{
  "scene_id": "37_Millennium_Park_simplified_obstacle_anchored",
  "scene_index": 45,
  "scenario": "A loud confrontation draws a ring of people; movement is edgy but most avoid close contact and drift away.",
  "category": "Aggressive",
  "crowd_size_label": "0-50",
  "crowd_size": 15,
  "ungrouped_agents": 7,
  "event_center_px": [
    151.4216322930111,
    353.7960701235505
  ],
  "event_center_m": [
    67.32170855626464,
    109.46169950440526
  ],
  "goal_location_raw": {
    "type": "gaussian_mixture_truncated_to_walkable",
    "components": [
      {
        "weight": 0.4,
        "mean_px": [
          220,
          700
        ],
        "sigma_px": [
          24,
          20
        ],
        "support_radius_px": 85
      },
      {
        "weight": 0.3,
        "mean_px": [
          620,
          700
        ],
        "sigma_px": [
          24,
          20
        ],
        "support_radius_px": 85
      },
      {
        "weight": 0.3,
        "mean_px": [
          740,
          380
        ],
        "sigma_px": [
          24,
          20
        ],
        "support_radius_px": 80
      }
    ]
  },
  "goals_px": [
    [
      345.0,
      202.0
    ],
    [
      599.0,
      187.0
    ],
    [
      631.0,
      330.0
    ]
  ],
  "goals_m": [
    [
      153.38620446808636,
      176.94988225679845
    ],
    [
      266.314018772915,
      183.61884766817093
    ],
    [
      280.54114498384297,
      120.04137741029263
    ]
  ],
  "initial_state": [
    [
      103.14666503481567,
      210.73930700868368,
      0.9127623331598621,
      -0.6138932506263325,
      153.38620446808636,
      176.94988225679845
    ],
    [
      110.26022814027965,
      89.36413651611656,
      1.0825720751000352,
      0.1950325670589505,
      280.54114498384297,
      120.04137741029263
    ],
    [
      270.3153980206698,
      157.38758371584117,
      -0.1658777886705262,
      1.0874210588478488,
      266.314018772915,
      183.61884766817093
    ],
    [
      268.092409549281,
      7.5581607995554805,
      0.12100036268701894,
      1.093324705762021,
      280.54114498384297,
      120.04137741029263
    ],
    [
      88.91953882202506,
      7.5581607995554805,
      0.391258215690613,
      1.0280646908899256,
      153.38620446808636,
      176.94988225679845
    ],
    [
      80.02758494019508,
      174.28229609131813,
      1.0992734477406239,
      0.039973579930274214,
      153.38620446808636,
      176.94988225679845
    ],
    [
      228.07861707918346,
      67.1342518106103,
      0.7745286344938556,
      0.7810924364946082,
      280.54114498384297,
      120.04137741029263
    ],
    [
      240.97195020876825,
      152.05241138581187,
      0.688636876645585,
      0.8577757586478028,
      266.314018772915,
      183.61884766817093
    ],
    [
      125.37654973939061,
      18.673103152774274,
      0.19168456070103623,
      1.0831698985795584,
      153.38620446808636,
      176.94988225679845
    ],
    [
      141.38206672854722,
      104.03586042206734,
      0.17869208074368106,
      1.0853889350272068,
      153.38620446808636,
      176.94988225679845
    ],
    [
      253.86528333835304,
      28.45425242278725,
      0.3076062425857225,
      1.0561147662646773,
      280.54114498384297,
      120.04137741029263
    ],
    [
      33.78942475281656,
      120.93057279847562,
      0.9961382077956852,
      0.4665926177830087,
      153.38620446808636,
      176.94988225679845
    ],
    [
      160.05516988039017,
      147.60643444489688,
      -0.24378321396552252,
      1.0726461413665926,
      153.38620446808636,
      176.94988225679845
    ],
    [
      108.03723966889083,
      214.74068625550717,
      0.8450434075628034,
      -0.7042028396240999,
      153.38620446808636,
      176.94988225679845
    ],
    [
      240.97195020876825,
      144.0496528921649,
      0.9404336386034357,
      -0.5706001852287667,
      280.54114498384297,
      120.04137741029263
    ]
  ],
  "groups": [
    [
      2,
      8
    ],
    [
      0,
      4
    ],
    [
      1,
      5,
      12,
      14
    ]
  ],
  "towards_event": "random",
  "assets": {
    "obstacle_png": "downloads/maps/simplified_obstacles/37_Millennium_Park_simplified_obstacle.png",
    "homography": "downloads/google_maps/homographies/37_Millennium_Park_simplified_obstacle_anchored.txt",
    "anchored_obstacles": "preprocess/pysfm_obstacles_meter_close_shape/37_Millennium_Park_simplified_obstacle_anchored.npz"
  }
}