{
  "scene_id": "37_Millennium_Park_simplified_obstacle_anchored",
  "scene_index": 46,
  "scenario": "Small scuffle breaks out near the north corridor; friends step in and the rest disperse.",
  "category": "Aggressive",
  "crowd_size_label": "0-50",
  "crowd_size": 15,
  "ungrouped_agents": 10,
  "event_center_px": [
    584.4360354176026,
    117.23364603239473
  ],
  "event_center_m": [
    259.8389137033373,
    214.63680776860565
  ],
  "goal_location_raw": {
    "type": "gaussian_mixture_truncated_to_walkable",
    "components": [
      {
        "weight": 0.35,
        "mean_px": [
          220,
          700
        ],
        "sigma_px": [
          24,
          20
        ],
        "support_radius_px": 85
      },
      {
        "weight": 0.35,
        "mean_px": [
          620,
          700
        ],
        "sigma_px": [
          24,
          20
        ],
        "support_radius_px": 85
      },
      {
        "weight": 0.3,
        "mean_px": [
          220,
          90
        ],
        "sigma_px": [
          22,
          18
        ],
        "support_radius_px": 70
      }
    ]
  },
  "goals_px": [
    [
      100.0,
      305.0
    ],
    [
      266.0,
      284.0
    ],
    [
      224.58103166270783,
      79.71187129254365
    ]
  ],
  "goals_m": [
    [
      44.45976941101253,
      131.1563197625801
    ],
    [
      118.26298663392663,
      140.4928713394329
    ],
    [
      99.84820881858468,
      231.31890229694545
    ]
  ],
  "initial_state": [
    [
      93.81011345796287,
      227.18942169100046,
      0.9905099569927428,
      0.677414219734303,
      99.84820881858468,
      231.31890229694545
    ],
    [
      96.03310192748904,
      25.342068564146757,
      0.22746046224641622,
      1.1782451943948875,
      118.26298663392663,
      140.4928713394329
    ],
    [
      68.91264258697629,
      73.35861952789128,
      -0.467567988999971,
      1.105160701283991,
      44.45976941101253,
      131.1563197625801
    ],
    [
      212.51769778504968,
      112.92781430389732,
      -1.1517563077469561,
      0.33683439189770864,
      118.26298663392663,
      140.4928713394329
    ],
    [
      265.86942107975483,
      21.785287011414766,
      -0.9351159450116443,
      0.7520360160158416,
      118.26298663392663,
      140.4928713394329
    ],
    [
      39.124597081914544,
      44.45976941101253,
      0.07370672269884122,
      1.1977342439076357,
      44.45976941101253,
      131.1563197625801
    ],
    [
      113.37241199798882,
      82.69517110474408,
      0.10117690621056559,
      1.1957270732276903,
      118.26298663392663,
      140.4928713394329
    ],
    [
      8.891953881829977,
      181.39585919771343,
      0.6933803092990197,
      -0.9793996868880426,
      44.45976941101253,
      131.1563197625801
    ],
    [
      201.40275543183088,
      32.45563166961074,
      -0.731842031330004,
      0.9510032813711914,
      118.26298663392663,
      140.4928713394329
    ],
    [
      257.42206489108503,
      161.83356065675616,
      -1.1861335204149994,
      -0.1818990702228032,
      118.26298663392663,
      140.4928713394329
    ],
    [
      150.2740206103772,
      3.112183858640492,
      -0.27231683669127427,
      1.1686930907875077,
      118.26298663392663,
      140.4928713394329
    ],
    [
      234.74758249148726,
      1.3337930822744966,
      -0.7702435943345776,
      0.920176507734549,
      118.26298663392663,
      140.4928713394329
    ],
    [
      114.26160738617182,
      140.4928713394329,
      1.2,
      0.0,
      118.26298663392663,
      140.4928713394329
    ],
    [
      145.38344597443938,
      126.71034282166511,
      -1.0697822220187596,
      0.5436598177653057,
      118.26298663392663,
      140.4928713394329
    ],
    [
      128.9333312921226,
      203.6257439032197,
      -0.8690693437159485,
      0.8274771754031228,
      99.84820881858468,
      231.31890229694545
    ]
  ],
  "groups": [
    [
      1,
      5,
      6
    ],
    [
      2,
      14
    ]
  ],
  "towards_event": "random",
  "assets": {
    "obstacle_png": "downloads/maps/simplified_obstacles/37_Millennium_Park_simplified_obstacle.png",
    "homography": "downloads/google_maps/homographies/37_Millennium_Park_simplified_obstacle_anchored.txt",
    "anchored_obstacles": "preprocess/pysfm_obstacles_meter_close_shape/37_Millennium_Park_simplified_obstacle_anchored.npz"
  }
}