{
  "scene_id": "37_Millennium_Park_simplified_obstacle_anchored",
  "scene_index": 49,
  "scenario": "Labor rally assembles at the east corridor and marches across open paths to the west seating zones.",
  "category": "Demonstrator",
  "crowd_size_label": "50-100",
  "crowd_size": 57,
  "ungrouped_agents": 29,
  "event_center_px": [
    354.0,
    71.0
  ],
  "event_center_m": [
    157.38758371584117,
    235.19218018464744
  ],
  "goal_location_raw": {
    "type": "gaussian_mixture_truncated_to_walkable",
    "components": [
      {
        "weight": 0.35,
        "mean_px": [
          220,
          700
        ],
        "sigma_px": [
          26,
          22
        ],
        "support_radius_px": 85
      },
      {
        "weight": 0.35,
        "mean_px": [
          220,
          90
        ],
        "sigma_px": [
          24,
          20
        ],
        "support_radius_px": 70
      },
      {
        "weight": 0.3,
        "mean_px": [
          600,
          120
        ],
        "sigma_px": [
          24,
          20
        ],
        "support_radius_px": 70
      }
    ]
  },
  "goals_px": [
    [
      296.0,
      476.0
    ],
    [
      224.40414803099205,
      59.91227852701329
    ],
    [
      638.7716012807301,
      96.92238103237995
    ]
  ],
  "goals_m": [
    [
      131.6009174566716,
      55.130114070139825
    ],
    [
      99.76956676319242,
      240.12175558507442
    ],
    [
      283.9963809940964,
      223.66714935190976
    ]
  ],
  "initial_state": [
    [
      147.6064344458282,
      136.0468943985179,
      -0.1746383330208951,
      -0.8828937946546476,
      131.6009174566716,
      55.130114070139825
    ],
    [
      68.46804489381611,
      259.6450533615425,
      0.7636384138955026,
      -0.4762944182154155,
      99.76956676319242,
      240.12175558507442
    ],
    [
      271.2045934088528,
      165.83493990357965,
      0.19437120654293075,
      0.878760396278215,
      283.9963809940964,
      223.66714935190976
    ],
    [
      236.97057096101344,
      126.26574512757361,
      0.39130413821459287,
      0.8104819994399227,
      283.9963809940964,
      223.66714935190976
    ],
    [
      108.03723966889083,
      104.03586042206734,
      0.39065566064570734,
      -0.810794767376718,
      131.6009174566716,
      55.130114070139825
    ],
    [
      248.53011100925505,
      158.72137679811567,
      0.43135402285579966,
      0.7898947442324947,
      283.9963809940964,
      223.66714935190976
    ],
    [
      136.04689439758658,
      169.39172145631164,
      -0.4107344237896109,
      0.8008103602690317,
      99.76956676319242,
      240.12175558507442
    ],
    [
      68.02344719879329,
      225.41103091463447,
      0.8165882958897368,
      0.378396029334209,
      99.76956676319242,
      240.12175558507442
    ],
    [
      76.91540108062327,
      104.92505581025034,
      0.6654562362155889,
      -0.6059438898790731,
      131.6009174566716,
      55.130114070139825
    ],
    [
      113.81700969301164,
      109.37103275116533,
      0.28039560224578053,
      -0.8552065868789986,
      131.6009174566716,
      55.130114070139825
    ],
    [
      237.41516865603626,
      34.678620140999556,
      -0.8836465230352545,
      0.17078882377868135,
      131.6009174566716,
      55.130114070139825
    ],
    [
      20.89609162323177,
      108.03723966889083,
      0.8120311447080998,
      -0.38807914144418165,
      131.6009174566716,
      55.130114070139825
    ],
    [
      11.55954004637897,
      51.12873482238501,
      0.899500416281053,
      0.029983347214951342,
      131.6009174566716,
      55.130114070139825
    ],
    [
      265.86942107975483,
      81.80597571656108,
      -0.8827467383935795,
      -0.17538014669710228,
      131.6009174566716,
      55.130114070139825
    ],
    [
      145.38344597443938,
      151.16321599762887,
      -0.12785661083955796,
      -0.8908718690499896,
      131.6009174566716,
      55.130114070139825
    ],
    [
      23.56367778778076,
      126.71034282166511,
      0.7502672231968999,
      -0.49709062935888615,
      131.6009174566716,
      55.130114070139825
    ],
    [
      152.94160677492619,
      247.19631792604923,
      -0.8921381411700839,
      -0.11869935580948841,
      99.76956676319242,
      240.12175558507442
    ],
    [
      47.571953270584345,
      25.786666258238256,
      0.849682573717265,
      0.29671454956102966,
      131.6009174566716,
      55.130114070139825
    ],
    [
      250.75309947878122,
      162.72275604493916,
      0.4309757618033181,
      0.7901011914546449,
      283.9963809940964,
      223.66714935190976
    ],
    [
      19.117700846865773,
      158.27677910402417,
      0.6317064252980862,
      0.6410514739372444,
      99.76956676319242,
      240.12175558507442
    ],
    [
      199.1797669623047,
      108.48183736298233,
      -0.7063944889855658,
      -0.5576798597141746,
      131.6009174566716,
      55.130114070139825
    ],
    [
      168.05792837403715,
      80.47218263428658,
      -0.7389983220610951,
      -0.5136939555716867,
      131.6009174566716,
      55.130114070139825
    ],
    [
      256.9774671960622,
      187.62022691499442,
      0.539791844774201,
      0.7201560694150019,
      283.9963809940964,
      223.66714935190976
    ],
    [
      46.68275788240135,
      264.0910303024575,
      0.8202649111262911,
      -0.37035857702364333,
      99.76956676319242,
      240.12175558507442
    ],
    [
      21.34068931825459,
      99.58988348115236,
      0.8346973248282246,
      -0.3365715019495939,
      131.6009174566716,
      55.130114070139825
    ],
    [
      165.83493990451097,
      79.58298724610358,
      -0.7323601240968309,
      -0.5231143743321095,
      131.6009174566716,
      55.130114070139825
    ],
    [
      250.30850178562105,
      172.94850300904363,
      0.4979548793640253,
      0.7496938962787139,
      283.9963809940964,
      223.66714935190976
    ],
    [
      14.671723905950785,
      165.39034220948815,
      0.6762514569697837,
      0.5938720122604236,
      99.76956676319242,
      240.12175558507442
    ],
    [
      27.120459340512753,
      248.53011100832373,
      0.8940318818449232,
      -0.10347460676332786,
      99.76956676319242,
      240.12175558507442
    ],
    [
      99.14528578706086,
      48.46114865783602,
      0.88158142676691,
      0.18114686853384776,
      131.6009174566716,
      55.130114070139825
    ],
    [
      104.03586042299867,
      22.674482399597764,
      0.5826107613365534,
      0.6859771867743428,
      131.6009174566716,
      55.130114070139825
    ],
    [
      125.37654973939061,
      148.94022752717137,
      0.059584625664803686,
      -0.8980254296980599,
      131.6009174566716,
      55.130114070139825
    ],
    [
      23.119080094620585,
      244.97332945559174,
      0.8982025970264987,
      -0.056851514446434596,
      99.76956676319242,
      240.12175558507442
    ],
    [
      33.34482705779374,
      83.13976879883558,
      0.8655191860769026,
      -0.24673171367454164,
      131.6009174566716,
      55.130114070139825
    ],
    [
      97.81149270385504,
      201.4027554327622,
      0.045456171147744306,
      0.8988513428284941,
      99.76956676319242,
      240.12175558507442
    ],
    [
      237.41516865603626,
      79.58298724610358,
      -0.8768899380191492,
      -0.20264263273253424,
      131.6009174566716,
      55.130114070139825
    ],
    [
      134.2685036212206,
      36.90160861145705,
      -0.1303192620989486,
      0.8905149577216465,
      131.6009174566716,
      55.130114070139825
    ],
    [
      37.790803998708725,
      224.96643322054297,
      0.8742429715529653,
      0.2137737745614301,
      99.76956676319242,
      240.12175558507442
    ],
    [
      172.05930762179196,
      40.90298785828054,
      -0.8490352333753064,
