{
  "scene_id": "37_Millennium_Park_simplified_obstacle_anchored",
  "scene_index": 51,
  "scenario": "Peace vigil forms at the north promenade and marches slowly to the edges to lay candles.",
  "category": "Demonstrator",
  "crowd_size_label": "50-100",
  "crowd_size": 73,
  "ungrouped_agents": 30,
  "event_center_px": [
    582.9829009219953,
    92.63804787302541
  ],
  "event_center_m": [
    259.1928534563631,
    225.57195399608463
  ],
  "goal_location_raw": {
    "type": "gaussian_mixture_truncated_to_walkable",
    "components": [
      {
        "weight": 0.25,
        "mean_px": [
          220,
          700
        ],
        "sigma_px": [
          24,
          20
        ],
        "support_radius_px": 85
      },
      {
        "weight": 0.25,
        "mean_px": [
          620,
          700
        ],
        "sigma_px": [
          24,
          20
        ],
        "support_radius_px": 85
      },
      {
        "weight": 0.25,
        "mean_px": [
          740,
          380
        ],
        "sigma_px": [
          24,
          20
        ],
        "support_radius_px": 80
      },
      {
        "weight": 0.25,
        "mean_px": [
          220,
          90
        ],
        "sigma_px": [
          22,
          18
        ],
        "support_radius_px": 70
      }
    ]
  },
  "goals_px": [
    [
      341.0,
      181.0
    ],
    [
      223.0,
      500.0
    ],
    [
      335.0,
      586.0
    ],
    [
      241.08935312123225,
      112.34210262091706
    ]
  ],
  "goals_m": [
    [
      151.60781369172037,
      186.28643383271992
    ],
    [
      99.14528578706086,
      44.45976941101253
    ],
    [
      148.94022752717137,
      6.224367717280984
    ],
    [
      107.18777047283947,
      216.8115766895935
    ]
  ],
  "initial_state": [
    [
      134.2685036212206,
      183.17424997407943,
      0.7874169655964273,
      0.14133125022766505,
      151.60781369172037,
      186.28643383271992
    ],
    [
      11.55954004637897,
      72.02482644561678,
      0.7630999442179687,
      -0.2401634342162292,
      99.14528578706086,
      44.45976941101253
    ],
    [
      239.63815712556243,
      18.228505458682775,
      -0.79308381279147,
      -0.10496697522623277,
      148.94022752717137,
      6.224367717280984
    ],
    [
      240.52735251374543,
      201.8473531268537,
      -0.7950091869444631,
      0.08922103268794757,
      107.18777047283947,
      216.8115766895935
    ],
    [
      156.05379063263535,
      10.225746964104474,
      -0.6972604296996395,
      -0.3922089917060472,
      148.94022752717137,
      6.224367717280984
    ],
    [
      208.0717208441347,
      39.56919477600604,
      -0.696840256420273,
      -0.3929550318193268,
      148.94022752717137,
      6.224367717280984
    ],
    [
      147.16183675080538,
      259.6450533615425,
      -0.5458265385400564,
      -0.5848704042994316,
      107.18777047283947,
      216.8115766895935
    ],
    [
      138.71448056213558,
      163.61195143312216,
      0.39544177960006643,
      0.6954320951370683,
      151.60781369172037,
      186.28643383271992
    ],
    [
      96.47769962251186,
      169.39172145631164,
      0.17624567425282034,
      0.7803444510645083,
      107.18777047283947,
      216.8115766895935
    ],
    [
      22.674482399597764,
      46.238160187378526,
      0.7997837545574977,
      -0.01859962219810549,
      99.14528578706086,
      44.45976941101253
    ],
    [
      161.38896296173334,
      137.3806874807924,
      -0.15689290810480158,
      0.7844645405538854,
      151.60781369172037,
      186.28643383271992
    ],
    [
      51.57333251647651,
      135.6022967044264,
      0.452024971575814,
      0.6600556227106051,
      107.18777047283947,
      216.8115766895935
    ],
    [
      94.25471115112305,
      28.45425242278725,
      0.2337748285074917,
      0.7650812568324314,
      99.14528578706086,
      44.45976941101253
    ],
    [
      11.114942353218794,
      140.0482736453414,
      0.6249962770474541,
      0.4993792683690644,
      107.18777047283947,
      216.8115766895935
    ],
    [
      136.93608978576958,
      139.1590782571584,
      0.23779924033582467,
      0.7638399840907157,
      151.60781369172037,
      186.28643383271992
    ],
    [
      115.15080277435482,
      204.5149392914027,
      -0.4348467491408027,
      0.6714970623626554,
      107.18777047283947,
      216.8115766895935
    ],
    [
      142.7158598098904,
      229.85700785554945,
      -0.750974822296386,
      -0.2757477402933911,
      107.18777047283947,
      216.8115766895935
    ],
    [
      46.68275788240135,
      115.15080277435482,
      0.47676159628286724,
      -0.6424160492311913,
      99.14528578706086,
      44.45976941101253
    ],
    [
      115.59540046937764,
      187.17562922090292,
      -0.21834114915056527,
      0.7696279247711915,
      107.18777047283947,
      216.8115766895935
    ],
    [
      82.2505734115839,
      28.898850116878748,
      0.5884360841111053,
      0.5419806038189819,
      99.14528578706086,
      44.45976941101253
    ],
    [
      196.51218079775572,
      84.91815957520157,
      -0.4138695993423122,
      -0.6846254119883618,
      148.94022752717137,
      6.224367717280984
    ],
    [
      97.36689501069486,
      84.02896418701857,
      0.03591879744588001,
      -0.7991932432084506,
      99.14528578706086,
      44.45976941101253
    ],
    [
      61.35448178835213,
      132.9347105389461,
      0.38361228754895377,
      0.7020267892619618,
      107.18777047283947,
      216.8115766895935
    ],
    [
      257.8666625842452,
      183.61884766817093,
      -0.7997480226717306,
      0.020077356216820497,
      151.60781369172037,
      186.28643383271992
    ],
    [
      171.61470992676914,
      96.03310192842036,
      -0.6517963454546731,
      -0.4638550679381789,
      99.14528578706086,
      44.45976941101253
    ],
    [
      207.1825254559517,
      120.93057279847562,
      -0.5182390717737331,
      0.6094491484013246,
      151.60781369172037,
      186.28643383271992
    ],
    [
      246.30712253786623,
      255.1990764196962,
      -0.6468575172838014,
      -0.47071791163438514,
      151.60781369172037,
      186.28643383271992
    ],
    [
      66.2450564224273,
      227.18942169100046,
      0.775476284187121,
      -0.19656177823609483,
      107.18777047283947,
      216.8115766895935
    ],
    [
      200.0689623504877,
      88.03034343384206,
      -0.42399915200532096,
      -0.6783986432023349,
      148.94022752717137,
      6.224367717280984
    ],
    [
      24.89747087098658,
      208.5163185382262,
      0.7959660734690821,
      0.08023721010984824,
      107.18777047283947,
      216.8115766895935
    ],
    [
      50.684137128293514,
      51.57333251647651,
      0.791518024262251,
      -0.11618613199509975,
      99.14528578706086,
      44.45976941101253
    ],
    [
      4.89057463593781,
      256.0882718078792,
      0.7468436244270784,
      -0.28674832284186963,
      107.18777047283947,
      216.8115766895935
    ],
    [
      87.14114804565907,
      184.50804305635393,
      0.4218318547114736,
      0.6797483992998279,
      107.18777047283947,
      216.8115766895935
    ],
    [
      256.53286950290203,
      10.225746964104474,
      -0.7994473323321001,
      -0.02973151235791413,
      148.94022752717137,
      6.224367717280984
    ],
    [
      127.59953821077943,
      214.74068625550717,
      -0.7959142105380546,
      0.08075004311816521,
      107.18777047283947,
      216.8115766895935
    ],
    [
      10.225746965035796,
      162.72275604493916,
      0.6986486561893468,
      0.38973074706112154,
      107.18777047283947,
      216.8115766895935
    ],
    [
      197.8459738790989,
      53.35172329284251,
      -0.5760623133166022,
      -0.5551145928331599,
      148.94022752717137,
