{
  "scene_id": "37_Millennium_Park_simplified_obstacle_anchored",
  "scene_index": 53,
  "scenario": "Health care march: participants form lines at the west plaza and continue to the north and south corners.",
  "category": "Demonstrator",
  "crowd_size_label": "50-100",
  "crowd_size": 74,
  "ungrouped_agents": 38,
  "event_center_px": [
    166.0,
    366.0
  ],
  "event_center_m": [
    73.8032172229141,
    104.03586042206734
  ],
  "goal_location_raw": {
    "type": "gaussian_mixture_truncated_to_walkable",
    "components": [
      {
        "weight": 0.3,
        "mean_px": [
          220,
          90
        ],
        "sigma_px": [
          22,
          18
        ],
        "support_radius_px": 70
      },
      {
        "weight": 0.3,
        "mean_px": [
          620,
          700
        ],
        "sigma_px": [
          24,
          20
        ],
        "support_radius_px": 85
      },
      {
        "weight": 0.4,
        "mean_px": [
          220,
          700
        ],
        "sigma_px": [
          24,
          20
        ],
        "support_radius_px": 85
      }
    ]
  },
  "goals_px": [
    [
      215.70201325811263,
      112.63626405798742
    ],
    [
      354.0,
      433.0
    ],
    [
      228.0,
      111.0
    ]
  ],
  "goals_m": [
    [
      95.90061770938337,
      216.68079319316894
    ],
    [
      157.38758371584117,
      74.24781491607428
    ],
    [
      101.36827425844967,
      217.4082724209875
    ]
  ],
  "initial_state": [
    [
      235.19218018464744,
      101.36827425751835,
      -0.8026364744236347,
      -0.2797761425225497,
      157.38758371584117,
      74.24781491607428
    ],
    [
      112.92781430482864,
      161.83356065675616,
      -0.17309524985019034,
      0.8321887012446758,
      101.36827425844967,
      217.4082724209875
    ],
    [
      183.61884766817093,
      137.3806874807924,
      -0.6305342613581558,
      0.5700232848345099,
      95.90061770938337,
      216.68079319316894
    ],
    [
      103.59126272797585,
      92.92091806884855,
      0.8030011711257345,
      -0.2787276792331516,
      157.38758371584117,
      74.24781491607428
    ],
    [
      131.6009174566716,
      220.07585858553648,
      -0.8467103725215739,
      -0.07470973875190358,
      101.36827425844967,
      217.4082724209875
    ],
    [
      17.783907763659954,
      12.004137740470469,
      0.7763314569075063,
      0.3461350444781179,
      157.38758371584117,
      74.24781491607428
    ],
    [
      191.6216061618179,
      129.3779289862141,
      -0.4484033841575624,
      -0.722104151127831,
      157.38758371584117,
      74.24781491607428
    ],
    [
      73.35861952789128,
      167.61333067994565,
      0.35484250052161875,
      0.7723903157235756,
      95.90061770938337,
      216.68079319316894
    ],
    [
      139.60367595031857,
      161.83356065675616,
      -0.4817872298740371,
      0.700272136480027,
      101.36827425844967,
      217.4082724209875
    ],
    [
      119.15218202210963,
      152.05241138581187,
      -0.22317765127856498,
      0.8201778684954765,
      101.36827425844967,
      217.4082724209875
    ],
    [
      49.35034404695034,
      134.7131013153121,
      0.4197561227336707,
      0.7391243450378262,
      95.90061770938337,
      216.68079319316894
    ],
    [
      126.26574512757361,
      58.24229792878032,
      0.7558946319798877,
      0.38874581070924724,
      157.38758371584117,
      74.24781491607428
    ],
    [
      187.62022691592574,
      115.15080277435482,
      -0.5052324019264862,
      -0.6835497202424952,
      157.38758371584117,
      74.24781491607428
    ],
    [
      188.95401999726892,
      119.59677971620113,
      -0.485605188218139,
      -0.6976299887301476,
      157.38758371584117,
      74.24781491607428
    ],
    [
      48.46114865876734,
      125.82114743348211,
      0.3934055591432133,
      0.7534799705600779,
      95.90061770938337,
      216.68079319316894
    ],
    [
      165.83493990451097,
      55.130114070139825,
      -0.3435392711044884,
      0.7774836134665455,
      157.38758371584117,
      74.24781491607428
    ],
    [
      172.05930762179196,
      90.25333190429956,
      -0.5743659342413953,
      -0.6265810191691167,
      157.38758371584117,
      74.24781491607428
    ],
    [
      16.45011468231678,
      76.91540108155459,
      0.8498477854258829,
      -0.016085447047632977,
      157.38758371584117,
      74.24781491607428
    ],
    [
      133.8239059280604,
      157.38758371584117,
      -0.40430531487033766,
      0.7476879110749332,
      101.36827425844967,
      217.4082724209875
    ],
    [
      262.757237220183,
      43.125976328738034,
      -0.8151862908940897,
      0.24077232220157002,
      157.38758371584117,
      74.24781491607428
    ],
    [
      22.674482399597764,
      122.70896357484162,
      0.5224580579255194,
      0.6704756354325596,
      95.90061770938337,
      216.68079319316894
    ],
    [
      66.2450564224273,
      256.5328695019707,
      0.507439355445775,
      -0.6819129713862147,
      95.90061770938337,
      216.68079319316894
    ],
    [
      197.40137618593872,
      125.82114743348211,
      -0.5210475374426197,
      -0.6715723815978303,
      157.38758371584117,
      74.24781491607428
    ],
    [
      136.93608978576958,
      74.69241261016577,
      0.8497992205003654,
      -0.018473896096151497,
      157.38758371584117,
      74.24781491607428
    ],
    [
      149.3848252221942,
      101.36827425751835,
      0.2405648482688211,
      -0.8152475414114408,
      157.38758371584117,
      74.24781491607428
    ],
    [
      232.07999632693827,
      87.58574573975056,
      -0.8367634391816938,
      -0.14942204271399773,
      157.38758371584117,
      74.24781491607428
    ],
    [
      246.30712253786623,
      261.4234441379085,
      -0.8133237195805052,
      -0.24699094551770895,
      101.36827425844967,
      217.4082724209875
    ],
    [
      14.227126210927963,
      232.96919171418995,
      0.8335843253963727,
      -0.1662443155523644,
      95.90061770938337,
      216.68079319316894
    ],
    [
      159.16597449220717,
      45.34896479919553,
      -0.052208928578904606,
      0.848395089434541,
      157.38758371584117,
      74.24781491607428
    ],
    [
      259.200455667451,
      74.24781491607428,
      -0.85,
      0.0,
      157.38758371584117,
      74.24781491607428
    ],
    [
      14.227126210927963,
      180.95126150362194,
      0.7787429107740406,
      0.3406750341882636,
      95.90061770938337,
      216.68079319316894
    ],
    [
      122.26436588168144,
      75.1370103051886,
      0.8497277386215438,
      -0.021512094670607537,
      157.38758371584117,
      74.24781491607428
    ],
    [
      26.675861647352576,
      234.74758249055594,
      0.822451005092001,
      -0.2146493517883469,
      95.90061770938337,
      216.68079319316894
    ],
    [
      114.70620508119464,
      105.81425119843334,
      0.6834017458764147,
      -0.505432541228865,
      157.38758371584117,
      74.24781491607428
    ],
    [
      41.34758555330336,
      196.51218079775572,
      0.7972586840603092,
      0.2947517441685868,
      95.90061770938337,
      216.68079319316894
    ],
    [
      246.30712253786623,
      47.57195326965302,
      -0.814152342438448,
      0.24424570272982893,
      157.38758371584117,
      74.24781491607428
    ],
    [
      25.78666625916958,
      164.94574451539665,
      0.6839612534406919,
      0.5046751467942896,
      95.90061770938337,
      216.68079319316894
    ],
    [
      78.69379185698926,
      81.80597571656108,
      0.8461064280991731,
      -0.08126445920117054,
      157.38758371584117,
      74.24781491607428
    ],
    [
      284.0979265384376,
      261.868041832,
      -0.825904988330084,
      -0.20095011881430672,
      101.36827425844967,
