{
  "scene_id": "37_Millennium_Park_simplified_obstacle_anchored",
  "scene_index": 54,
  "scenario": "Pop-up awareness rally gathers at the north promenade and processes toward east corridor on a short loop.",
  "category": "Demonstrator",
  "crowd_size_label": "0-50",
  "crowd_size": 6,
  "ungrouped_agents": 2,
  "event_center_px": [
    622.8355345675047,
    133.0565944947042
  ],
  "event_center_m": [
    276.91124247945845,
    207.6019613686949
  ],
  "goal_location_raw": {
    "type": "gaussian_mixture_truncated_to_walkable",
    "components": [
      {
        "weight": 0.4,
        "mean_px": [
          740,
          380
        ],
        "sigma_px": [
          24,
          20
        ],
        "support_radius_px": 80
      },
      {
        "weight": 0.3,
        "mean_px": [
          220,
          700
        ],
        "sigma_px": [
          24,
          20
        ],
        "support_radius_px": 85
      },
      {
        "weight": 0.3,
        "mean_px": [
          220,
          90
        ],
        "sigma_px": [
          22,
          18
        ],
        "support_radius_px": 70
      }
    ]
  },
  "goals_px": [
    [
      439.0,
      384.0
    ],
    [
      367.0,
      577.0
    ],
    [
      225.16250061629012,
      88.05143060782532
    ]
  ],
  "goals_m": [
    [
      195.1783877145499,
      96.03310192842036
    ],
    [
      163.16735373996198,
      10.225746964104474
    ],
    [
      100.10672857426107,
      227.61115345545113
    ]
  ],
  "initial_state": [
    [
      118.26298663392663,
      203.1811462091282,
      -0.536848832631893,
      0.7223526361146431,
      100.10672857426107,
      227.61115345545113
    ],
    [
      210.2947093155235,
      110.26022813934833,
      -0.6553799934614559,
      -0.6168282290641878,
      195.1783877145499,
      96.03310192842036
    ],
    [
      104.03586042299867,
      31.56643628142774,
      0.8465549771667957,
      -0.30552360078089874,
      163.16735373996198,
      10.225746964104474
    ],
    [
      147.16183675080538,
      10.225746964104474,
      0.9,
      0.0,
      163.16735373996198,
      10.225746964104474
    ],
    [
      150.71861830353737,
      175.61608917359263,
      -0.6277602446887108,
      0.6449163319287005,
      100.10672857426107,
      227.61115345545113
    ],
    [
      70.69103336334229,
      46.238160187378526,
      0.8386527795804708,
      -0.3265907458914755,
      163.16735373996198,
      10.225746964104474
    ]
  ],
  "groups": [
    [
      2,
      3
    ],
    [
      0,
      5
    ]
  ],
  "towards_event": true,
  "assets": {
    "obstacle_png": "downloads/maps/simplified_obstacles/37_Millennium_Park_simplified_obstacle.png",
    "homography": "downloads/google_maps/homographies/37_Millennium_Park_simplified_obstacle_anchored.txt",
    "anchored_obstacles": "preprocess/pysfm_obstacles_meter_close_shape/37_Millennium_Park_simplified_obstacle_anchored.npz"
  }
}