{
  "scene_id": "37_Millennium_Park_simplified_obstacle_anchored",
  "scene_index": 57,
  "scenario": "A loud crack from a stage rig prompts a quick retreat from the east corridor to safer corners.",
  "category": "Escaping",
  "crowd_size_label": "50-100",
  "crowd_size": 83,
  "ungrouped_agents": 45,
  "event_center_px": [
    31.0,
    359.0
  ],
  "event_center_m": [
    13.782528517767787,
    107.14804428070784
  ],
  "goal_location_raw": {
    "type": "gaussian_mixture_truncated_to_walkable",
    "components": [
      {
        "weight": 0.4,
        "mean_px": [
          220,
          700
        ],
        "sigma_px": [
          24,
          20
        ],
        "support_radius_px": 90
      },
      {
        "weight": 0.3,
        "mean_px": [
          620,
          700
        ],
        "sigma_px": [
          24,
          20
        ],
        "support_radius_px": 90
      },
      {
        "weight": 0.15,
        "mean_px": [
          220,
          90
        ],
        "sigma_px": [
          22,
          18
        ],
        "support_radius_px": 70
      },
      {
        "weight": 0.15,
        "mean_px": [
          760,
          60
        ],
        "sigma_px": [
          22,
          18
        ],
        "support_radius_px": 70
      }
    ]
  },
  "goals_px": [
    [
      54.0,
      299.0
    ],
    [
      71.0,
      512.0
    ],
    [
      224.7890022060743,
      129.75836443982854
    ],
    [
      233.0,
      59.0
    ]
  ],
  "goals_m": [
    [
      24.008275482803583,
      133.8239059271291
    ],
    [
      31.56643628142774,
      39.124597081914544
    ],
    [
      99.9406720418483,
      209.06834684498608
    ],
    [
      103.59126272797585,
      240.52735251467675
    ]
  ],
  "initial_state": [
    [
      275.205972654745,
      197.84597388003021,
      -1.297343205672427,
      0.08306989042722185,
      99.9406720418483,
      209.06834684498608
    ],
    [
      191.17700846865773,
      29.788045505061746,
      -1.2977815468879788,
      0.07591479801096067,
      31.56643628142774,
      39.124597081914544
    ],
    [
      171.17011223360896,
      81.36137802246958,
      -1.2245153765637753,
      0.4365341825778084,
      24.008275482803583,
      133.8239059271291
    ],
    [
      239.63815712556243,
      101.81287195160985,
      -0.9102712669574614,
      0.9281197231778119,
      103.59126272797585,
      240.52735251467675
    ],
    [
      213.8514908682555,
      26.675861646421254,
      -1.296979034141124,
      0.08857417794344613,
      31.56643628142774,
      39.124597081914544
    ],
    [
      179.17287072725594,
      130.7117220684886,
      -0.9243319002073969,
      0.9141173547521034,
      99.9406720418483,
      209.06834684498608
    ],
    [
      8.891953881829977,
      233.85838710237294,
      1.254337735187966,
      -0.3415213698782608,
      99.9406720418483,
      209.06834684498608
    ],
    [
      117.37379124574363,
      230.30160554964095,
      -1.0440274366952302,
      0.7746010014372476,
      103.59126272797585,
      240.52735251467675
    ],
    [
      279.65194959565997,
      124.48735435120761,
      -1.17623662494388,
      0.5535949802343136,
      99.9406720418483,
      209.06834684498608
    ],
    [
      185.39723844453692,
      42.236780940555036,
      -1.2997340353325477,
      -0.026295197245338665,
      31.56643628142774,
      39.124597081914544
    ],
    [
      246.75172023288906,
      41.34758555237204,
      -1.2999306369977564,
      -0.01342903550547772,
      31.56643628142774,
      39.124597081914544
    ],
    [
      160.05516988039017,
      76.47080338746309,
      -1.2483381093972208,
      -0.3628387584404016,
      31.56643628142774,
      39.124597081914544
    ],
    [
      44.90436710603535,
      211.18390470277518,
      1.2990406354175137,
      -0.04993423208643816,
      99.9406720418483,
      209.06834684498608
    ],
    [
      64.91126334108412,
      23.56367778778076,
      -1.1780380819988885,
      0.5497511049196535,
      31.56643628142774,
      39.124597081914544
    ],
    [
      98.70068809203804,
      50.684137128293514,
      -1.2811471052099095,
      -0.2205948657885521,
      31.56643628142774,
      39.124597081914544
    ],
    [
      230.30160555057228,
      60.46528639923781,
      -0.8572965608739159,
      0.9772628135326525,
      99.9406720418483,
      209.06834684498608
    ],
    [
      47.571953270584345,
      252.08689256105572,
      1.2731766309873012,
      -0.26271898733785054,
      103.59126272797585,
      240.52735251467675
    ],
    [
      12.89333312958479,
      216.5190770328045,
      0.1731739327488508,
      -1.2884140596160445,
      24.008275482803583,
      133.8239059271291
    ],
    [
      35.56781552918255,
      174.28229609131813,
      -0.35713746625139026,
      -1.2499811319374132,
      24.008275482803583,
      133.8239059271291
    ],
    [
      216.07447933778167,
      69.35724028106779,
      -0.8310054927440088,
      0.9997148948721767,
      99.9406720418483,
      209.06834684498608
    ],
    [
      142.2712621167302,
      28.898850116878748,
      -1.2944893598256382,
      0.11957130633312452,
      31.56643628142774,
      39.124597081914544
    ],
    [
      28.00965472869575,
      248.53011100832373,
      1.292773508855111,
      -0.13688190093085334,
      103.59126272797585,
      240.52735251467675
    ],
    [
      17.783907763659954,
      164.50114682130516,
      0.258500822117961,
      -1.2740397658489073,
      24.008275482803583,
      133.8239059271291
    ],
    [
      264.98022569157183,
      114.70620508026332,
      -1.1285575001866757,
      0.6452580637019593,
      99.9406720418483,
      209.06834684498608
    ],
    [
      8.891953881829977,
      18.228505458682775,
      0.9559627947059084,
      0.8809853206144069,
      31.56643628142774,
      39.124597081914544
    ],
    [
      152.49700907990336,
      22.674482399597764,
      -1.2881367855854706,
      0.17522448921749423,
      31.56643628142774,
      39.124597081914544
    ],
    [
      69.80183797515929,
      81.80597571656108,
      -0.8674228180632534,
      -0.968285936437788,
      31.56643628142774,
      39.124597081914544
    ],
    [
      84.9181595761329,
      252.53149025514722,
      1.0935320179895196,
      -0.7029848687075483,
      103.59126272797585,
      240.52735251467675
    ],
    [
      160.05516988039017,
      125.82114743348211,
      -0.7610671657241582,
      1.0539339491906488,
      99.9406720418483,
      209.06834684498608
    ],
    [
      252.97608795017004,
      53.796320986934006,
      -0.9125462044141774,
      0.9258830513673304,
      99.9406720418483,
      209.06834684498608
    ],
    [
      104.03586042299867,
      151.60781369172037,
      -0.09241605153918678,
      1.296710944435153,
      99.9406720418483,
      209.06834684498608
    ],
    [
      50.23953943513334,
      227.18942169100046,
      1.2213526815934523,
      -0.4453062172982574,
      99.9406720418483,
      209.06834684498608
    ],
    [
      151.60781369172037,
      4.00137924682349,
      -1.2476890099114182,
      0.365064562161633,
      31.56643628142774,
      39.124597081914544
    ],
    [
      238.74896173737943,
      129.3779289862141,
      -1.1274143754491914,
      0.6472532935648222,
      99.9406720418483,
      209.06834684498608
    ],
    [
      28.898850116878748,
      17.339310070499778,
      0.15800354758159355,
      1.2903623053048439,
      31.56643628142774,
      39.124597081914544
    ],
    [
      15.560919294133782,
      50.684137128293514,
      1.0538829969198453,
      -0.7611377199976661,
      31.56643628142774,
      39.124597081914544
    ],
    [
      84.47356188111007,
      170.72551453858614,
      0.4863289655507986,
      1.2056052991200272,
      99.9406720418483,
      209.06834684498608
    ],
    [
