{
  "scene_id": "37_Millennium_Park_simplified_obstacle_anchored",
  "scene_index": 58,
  "scenario": "A sudden swarm of bees appears near the west plaza and the crowd quickly moves to the north and south edges.",
  "category": "Escaping",
  "crowd_size_label": "50-100",
  "crowd_size": 90,
  "ungrouped_agents": 41,
  "event_center_px": [
    231.4651769222167,
    368.70803462733573
  ],
  "event_center_m": [
    102.90888392738998,
    102.83187447115779
  ],
  "goal_location_raw": {
    "type": "gaussian_mixture_truncated_to_walkable",
    "components": [
      {
        "weight": 0.35,
        "mean_px": [
          760,
          700
        ],
        "sigma_px": [
          24,
          20
        ],
        "support_radius_px": 90
      },
      {
        "weight": 0.35,
        "mean_px": [
          220,
          700
        ],
        "sigma_px": [
          24,
          20
        ],
        "support_radius_px": 90
      },
      {
        "weight": 0.15,
        "mean_px": [
          600,
          120
        ],
        "sigma_px": [
          22,
          18
        ],
        "support_radius_px": 70
      },
      {
        "weight": 0.15,
        "mean_px": [
          220,
          90
        ],
        "sigma_px": [
          22,
          18
        ],
        "support_radius_px": 70
      }
    ]
  },
  "goals_px": [
    [
      313.0,
      201.0
    ],
    [
      542.0,
      453.0
    ],
    [
      591.4458159084489,
      134.11067765480635
    ],
    [
      214.3400182397012,
      88.96550761243162
    ]
  ],
  "goals_m": [
    [
      139.1590782571584,
      177.39447995088995
    ],
    [
      240.97195020876825,
      65.3558610342443
    ],
    [
      262.9554459452629,
      207.1333184260875
    ],
    [
      95.29507786594331,
      227.20475692674518
    ]
  ],
  "initial_state": [
    [
      82.2505734115839,
      44.01517171692103,
      0.5297922248072706,
      1.2417005269120904,
      139.1590782571584,
      177.39447995088995
    ],
    [
      275.205972654745,
      262.757237220183,
      -0.29036328308219134,
      -1.318404021473589,
      262.9554459452629,
      207.1333184260875
    ],
    [
      68.91264258697629,
      42.236780940555036,
      1.3379758074220882,
      0.1797796950526149,
      240.97195020876825,
      65.3558610342443
    ],
    [
      77.35999877564609,
      260.089651055634,
      0.6463910480533895,
      -1.1851913824342635,
      95.29507786594331,
      227.20475692674518
    ],
    [
      47.571953270584345,
      76.91540108155459,
      0.9094258947918185,
      0.9977196709908553,
      139.1590782571584,
      177.39447995088995
    ],
    [
      108.03723966889083,
      16.89471237640828,
      1.2683491508011355,
      0.46237477403296856,
      240.97195020876825,
      65.3558610342443
    ],
    [
      92.92091806977987,
      33.34482705779374,
      0.41259867612277706,
      1.2854035679356626,
      139.1590782571584,
      177.39447995088995
    ],
    [
      138.2698828689754,
      149.38482522126287,
      0.04283556322409862,
      1.3493202416488366,
      139.1590782571584,
      177.39447995088995
    ],
    [
      181.3958591967821,
      44.01517171692103,
      1.2709218502583068,
      0.4552555881436299,
      240.97195020876825,
      65.3558610342443
    ],
    [
      221.85424936190248,
      125.37654973939061,
      0.40971820763166267,
      -1.286324605352435,
      240.97195020876825,
      65.3558610342443
    ],
    [
      272.0937887970358,
      56.90850484650582,
      -1.3028597207025732,
      0.353633352740962,
      240.97195020876825,
      65.3558610342443
    ],
    [
      126.26574512757361,
      202.2919508209452,
      0.6208032343600095,
      -1.1987924525155098,
      139.1590782571584,
      177.39447995088995
    ],
    [
      250.75309947878122,
      219.63126089144498,
      0.9431026995296276,
      -0.9659489107297183,
      262.9554459452629,
      207.1333184260875
    ],
    [
      23.56367778778076,
      38.235401693731546,
      0.8626161873275471,
      1.0384571793581507,
      139.1590782571584,
      177.39447995088995
    ],
    [
      123.59815896302462,
      137.3806874807924,
      0.48930245256483323,
      1.2582063065785511,
      139.1590782571584,
      177.39447995088995
    ],
    [
      16.00551698729396,
      23.119080093689263,
      0.8422254574362343,
      1.055062215628219,
      139.1590782571584,
      177.39447995088995
    ],
    [
      94.25471115112305,
      28.898850116878748,
      1.3101581221320278,
      0.32555444246927134,
      240.97195020876825,
      65.3558610342443
    ],
    [
      134.7131013162434,
      181.84045689180493,
      0.9545941546018392,
      -0.9545941546018392,
      139.1590782571584,
      177.39447995088995
    ],
    [
      272.0937887970358,
      158.72137679811567,
      -0.2504068252171183,
      1.3265731875342135,
      262.9554459452629,
      207.1333184260875
    ],
    [
      117.81838893890381,
      233.85838710237294,
      -1.294689281957858,
      -0.3824652444124133,
      95.29507786594331,
      227.20475692674518
    ],
    [
      137.3806874807924,
      93.81011345703155,
      0.028716905010678268,
      1.349694535577072,
      139.1590782571584,
      177.39447995088995
    ],
    [
      202.29195082187653,
      1.7783907763659954,
      0.7016724994677963,
      1.153323763515959,
      240.97195020876825,
      65.3558610342443
    ],
    [
      41.34758555330336,
      20.00689623504877,
      0.7125847748891353,
      1.146613683241309,
      139.1590782571584,
      177.39447995088995
    ],
    [
      52.90712559968233,
      226.30022630281746,
      1.3496927321242629,
      0.02880154250977569,
      95.29507786594331,
      227.20475692674518
    ],
    [
      140.0482736453414,
      167.16873298585415,
      -0.11694998208196529,
      1.3449247940650912,
      139.1590782571584,
      177.39447995088995
    ],
    [
      84.47356188111007,
      104.03586042206734,
      0.8068478829138768,
      1.082356916103646,
      139.1590782571584,
      177.39447995088995
    ],
    [
      104.03586042299867,
      120.48597510438412,
      0.7090331912413564,
      1.1488132719106696,
      139.1590782571584,
      177.39447995088995
    ],
    [
      241.41654790192842,
      255.6436741137877,
      0.5478353444350069,
      -1.2338461960016645,
      262.9554459452629,
      207.1333184260875
    ],
    [
      103.14666503481567,
      248.97470870241523,
      -0.45801507318473383,
      -1.2699299952105956,
      95.29507786594331,
      227.20475692674518
    ],
    [
      278.3181565143168,
      194.2891923263669,
      -1.0357092400017294,
      0.8659136043365065,
      262.9554459452629,
      207.1333184260875
    ],
    [
      132.93471053987741,
      246.75172023195773,
      -1.1980766400155658,
      -0.622183545787746,
      95.29507786594331,
      227.20475692674518
    ],
    [
      249.86390409059823,
      113.37241199798882,
      -0.24582050123689547,
      -1.3274307067307287,
      240.97195020876825,
      65.3558610342443
    ],
    [
      178.28367533907294,
      74.24781491607428,
      1.336620749081647,
      -0.18959159560596808,
      240.97195020876825,
      65.3558610342443
    ],
    [
      97.81149270385504,
      32.01103397551924,
      1.3148060069543226,
      0.30624363516133707,
      240.97195020876825,
      65.3558610342443
    ],
    [
      128.9333312921226,
      209.40551392640918,
      0.4107991085654739,
      -1.285979818038297,
      139.1590782571584,
      177.39447995088995
    ],
    [
      283.2087311502546,
      153.38620446808636,
      -0.4760378924333291,
      1.2632845779821877,
      262.9554459452629,
      207.1333184260875
    ],
    [
      107.59264197573066,
      21.785287011414766,
      1.2832658391803307,
      0.4192001741325998,
      240.97195020876825,
      65.3558610342443
