{
  "scene_id": "37_Millennium_Park_simplified_obstacle_anchored",
  "scene_index": 59,
  "scenario": "Amplifier smoke at the north promenade triggers evacuation to the far corners.",
  "category": "Escaping",
  "crowd_size_label": "0-50",
  "crowd_size": 3,
  "ungrouped_agents": 3,
  "event_center_px": [
    594.6207425446801,
    151.05355791273593
  ],
  "event_center_m": [
    264.36701100692153,
    199.60055293142796
  ],
  "goal_location_raw": {
    "type": "gaussian_mixture_truncated_to_walkable",
    "components": [
      {
        "weight": 0.45,
        "mean_px": [
          220,
          700
        ],
        "sigma_px": [
          22,
          18
        ],
        "support_radius_px": 90
      },
      {
        "weight": 0.35,
        "mean_px": [
          760,
          700
        ],
        "sigma_px": [
          22,
          18
        ],
        "support_radius_px": 90
      },
      {
        "weight": 0.1,
        "mean_px": [
          220,
          90
        ],
        "sigma_px": [
          20,
          16
        ],
        "support_radius_px": 70
      },
      {
        "weight": 0.1,
        "mean_px": [
          760,
          60
        ],
        "sigma_px": [
          20,
          16
        ],
        "support_radius_px": 70
      }
    ]
  },
  "goals_px": [
    [
      278.0,
      443.0
    ],
    [
      484.0,
      517.0
    ],
    [
      219.6484552722975,
      92.87661206989644
    ],
    [
      244.0,
      162.0
    ]
  ],
  "goals_m": [
    [
      123.59815896302462,
      69.80183797515929
    ],
    [
      215.18528394959867,
      36.90160861145705
    ],
    [
      97.65519673004746,
      225.4658889034763
    ],
    [
      108.48183736391366,
      194.7337900204584
    ]
  ],
  "initial_state": [
    [
      236.08137557283044,
      37.34620630554855,
      -1.2497171625713566,
      -0.02658972686203527,
      215.18528394959867,
      36.90160861145705
    ],
    [
      186.28643383271992,
      25.786666258238256,
      -1.0230162806587013,
      0.7182880268438542,
      123.59815896302462,
      69.80183797515929
    ],
    [
      239.63815712556243,
      262.757237220183,
      -1.2089951557856249,
      -0.3175385225242635,
      97.65519673004746,
      225.4658889034763
    ]
  ],
  "groups": [],
  "towards_event": false,
  "assets": {
    "obstacle_png": "downloads/maps/simplified_obstacles/37_Millennium_Park_simplified_obstacle.png",
    "homography": "downloads/google_maps/homographies/37_Millennium_Park_simplified_obstacle_anchored.txt",
    "anchored_obstacles": "preprocess/pysfm_obstacles_meter_close_shape/37_Millennium_Park_simplified_obstacle_anchored.npz"
  }
}