{
  "scene_id": "37_Millennium_Park_simplified_obstacle_anchored",
  "scene_index": 60,
  "scenario": "A minor gas leak smell near the east corridor prompts quick movement away to the distant edges.",
  "category": "Escaping",
  "crowd_size_label": "0-50",
  "crowd_size": 30,
  "ungrouped_agents": 12,
  "event_center_px": [
    152.0,
    521.0
  ],
  "event_center_m": [
    67.57884950563312,
    35.123217835091054
  ],
  "goal_location_raw": {
    "type": "gaussian_mixture_truncated_to_walkable",
    "components": [
      {
        "weight": 0.45,
        "mean_px": [
          220,
          700
        ],
        "sigma_px": [
          22,
          18
        ],
        "support_radius_px": 90
      },
      {
        "weight": 0.35,
        "mean_px": [
          620,
          700
        ],
        "sigma_px": [
          22,
          18
        ],
        "support_radius_px": 90
      },
      {
        "weight": 0.1,
        "mean_px": [
          220,
          90
        ],
        "sigma_px": [
          20,
          16
        ],
        "support_radius_px": 70
      },
      {
        "weight": 0.1,
        "mean_px": [
          760,
          60
        ],
        "sigma_px": [
          20,
          16
        ],
        "support_radius_px": 70
      }
    ]
  },
  "goals_px": [
    [
      160.0,
      542.0
    ],
    [
      377.0,
      526.0
    ],
    [
      190.37522820693866,
      88.02255586130664
    ],
    [
      67.0,
      200.0
    ]
  ],
  "goals_m": [
    [
      71.1356310583651,
      25.786666258238256
    ],
    [
      167.61333068087697,
      32.90022936370224
    ],
    [
      84.64038747735322,
      227.6239911010489
    ],
    [
      29.788045505061746,
      177.83907764498144
    ]
  ],
  "initial_state": [
    [
      85.80735496431589,
      171.61470992676914,
      -0.027079950415014348,
      1.2997179218143915,
      84.64038747735322,
      227.6239911010489
    ],
    [
      220.96505397371948,
      79.13838955201209,
      -0.982395807616012,
      -0.8514096999555991,
      167.61333068087697,
      32.90022936370224
    ],
    [
      228.52321477420628,
      132.4901128448546,
      -1.0760210476674525,
      -0.7295057950260835,
      71.1356310583651,
      25.786666258238256
    ],
    [
      159.16597449220717,
      32.90022936370224,
      -0.8657022568848776,
      0.9698245214596452,
      29.788045505061746,
      177.83907764498144
    ],
    [
      152.49700907990336,
      115.15080277435482,
      0.23498341852952126,
      -1.2785862477815801,
      167.61333068087697,
      32.90022936370224
    ],
    [
      94.25471115112305,
      52.46252790465951,
      -0.8514096999262196,
      -0.9823958076414745,
      71.1356310583651,
      25.786666258238256
    ],
    [
      63.13287256471813,
      182.28505458589643,
      -1.288596270889311,
      -0.17181283610417858,
      29.788045505061746,
      177.83907764498144
    ],
    [
      9.336551576852798,
      140.9374690335244,
      0.6301723233404143,
      1.1370500617368369,
      29.788045505061746,
      177.83907764498144
    ],
    [
      183.61884766817093,
      111.14942352753133,
      -0.260515106981414,
      -1.2736294119697702,
      167.61333068087697,
      32.90022936370224
    ],
    [
      105.81425119936466,
      141.3820667276159,
      -1.172193828103245,
      0.5621046427104657,
      29.788045505061746,
      177.83907764498144
    ],
    [
      141.38206672854722,
      236.97057096194476,
      -1.2827143933326215,
      -0.2112907597064404,
      84.64038747735322,
      227.6239911010489
    ],
    [
      130.26712437532842,
      2.667586164548993,
      1.0104183319273596,
      0.8179576972589307,
      167.61333068087697,
      32.90022936370224
    ],
    [
      268.5370072443038,
      12.004137740470469,
      -1.2730001651696674,
      0.2635727214223806,
      167.61333068087697,
      32.90022936370224
    ],
    [
      276.5397657379508,
      216.5190770328045,
      -1.2978287614694572,
      0.07510330154297133,
      84.64038747735322,
      227.6239911010489
    ],
    [
      36.45701091736555,
      242.75034098513424,
      1.240316916147473,
      -0.3893763571641488,
      84.64038747735322,
      227.6239911010489
    ],
    [
      152.49700907990336,
      144.49425058625638,
      -0.8220575135091007,
      1.007085619241599,
      84.64038747735322,
      227.6239911010489
    ],
    [
      237.41516865603626,
      36.45701091736555,
      -1.2983155841806786,
      -0.06615620812579195,
      167.61333068087697,
      32.90022936370224
    ],
    [
      197.8459738790989,
      22.674482399597764,
      -1.2314653422613089,
      0.41652504223544273,
      167.61333068087697,
      32.90022936370224
    ],
    [
      82.69517110474408,
      208.0717208441347,
      0.12869905274574503,
      1.2936137575885425,
      84.64038747735322,
      227.6239911010489
    ],
    [
      53.79632098786533,
      61.35448178742081,
      0.5696629213489326,
      -1.168539325842395,
      71.1356310583651,
      25.786666258238256
    ],
    [
      131.15631976351142,
      28.00965472869575,
      1.2884586291983398,
      0.17284201122509288,
      167.61333068087697,
      32.90022936370224
    ],
    [
      118.26298663392663,
      208.9609162323177,
      -1.1366361141698502,
      0.6309186508297747,
      84.64038747735322,
      227.6239911010489
    ],
    [
      113.81700969301164,
      120.48597510438412,
      -1.0737348355543581,
      0.7328666337861585,
      29.788045505061746,
      177.83907764498144
    ],
    [
      44.015171717852354,
      177.83907764498144,
      -1.3,
      0.0,
      29.788045505061746,
      177.83907764498144
    ],
    [
      216.96367472596467,
      130.7117220684886,
      -0.5855943440717297,
      -1.160637438734078,
      167.61333068087697,
      32.90022936370224
    ],
    [
      232.07999632693827,
      76.47080338746309,
      -1.0770725200026068,
      -0.7279524618099961,
      167.61333068087697,
      32.90022936370224
    ],
    [
      251.64229486696422,
      104.92505581025034,
      -0.9870335830671636,
      -0.8460287855017682,
      167.61333068087697,
      32.90022936370224
    ],
    [
      123.59815896302462,
      222.29884705599397,
      -1.2880228486838132,
      0.17606005017730458,
      84.64038747735322,
      227.6239911010489
    ],
    [
      84.47356188111007,
      184.50804305635393,
      0.005029963657752078,
      1.2999902689888114,
      84.64038747735322,
      227.6239911010489
    ],
    [
      265.86942107975483,
      181.84045689180493,
      -0.7158692195653125,
      -1.0851411246833063,
      167.61333068087697,
      32.90022936370224
    ]
  ],
  "groups": [
    [
      4,
      12,
      24,
      26
    ],
    [
      15,
      17,
      21,
      25
    ],
    [
      10,
      29
    ],
    [
      6,
      7,
      8,
      19
    ],
    [
      0,
      14,
      16,
      28
    ]
  ],
  "towards_event": false,
  "assets": {
    "obstacle_png": "downloads/maps/simplified_obstacles/37_Millennium_Park_simplified_obstacle.png",
    "homography": "downloads/google_maps/homographies/37_Millennium_Park_simplified_obstacle_anchored.txt",
    "anchored_obstacles": "preprocess/pysfm_obstacles_meter_close_shape/37_Millennium_Park_simplified_obstacle_anchored.npz"
  }
}