{
  "scene_id": "37_Millennium_Park_simplified_obstacle_anchored",
  "scene_index": 63,
  "scenario": "Crowded photo moment at the east corridor: people cluster tightly, nudging and inching forward.",
  "category": "Dense",
  "crowd_size_label": "50-100",
  "crowd_size": 81,
  "ungrouped_agents": 30,
  "event_center_px": [
    54.0,
    599.0
  ],
  "event_center_m": [
    24.008275482803583,
    0.44459769409149885
  ],
  "goal_location_raw": {
    "type": "gaussian_mixture_truncated_to_walkable",
    "components": [
      {
        "weight": 0.4,
        "mean_px": [
          740,
          380
        ],
        "sigma_px": [
          18,
          16
        ],
        "support_radius_px": 55
      },
      {
        "weight": 0.2,
        "mean_px": [
          220,
          90
        ],
        "sigma_px": [
          22,
          18
        ],
        "support_radius_px": 70
      },
      {
        "weight": 0.2,
        "mean_px": [
          620,
          700
        ],
        "sigma_px": [
          24,
          20
        ],
        "support_radius_px": 85
      },
      {
        "weight": 0.2,
        "mean_px": [
          220,
          700
        ],
        "sigma_px": [
          24,
          20
        ],
        "support_radius_px": 85
      }
    ]
  },
  "goals_px": [
    [
      350.0,
      332.0
    ],
    [
      229.40952161449178,
      53.15903654065837
    ],
    [
      74.0,
      243.0
    ],
    [
      97.0,
      35.0
    ]
  ],
  "goals_m": [
    [
      155.60919293947518,
      119.15218202210963
    ],
    [
      101.99494431726635,
      243.12423139996827
    ],
    [
      32.90022936463356,
      158.72137679811567
    ],
    [
      43.125976329669356,
      251.19769717287272
    ]
  ],
  "initial_state": [
    [
      81.3613780234009,
      20.89609162323177,
      0.27129787109667886,
      0.35902293121527745,
      155.60919293947518,
      119.15218202210963
    ],
    [
      53.35172329284251,
      216.5190770328045,
      -0.12727440880381619,
      0.4316262559942793,
      43.125976329669356,
      251.19769717287272
    ],
    [
      18.228505458682775,
      105.81425119843334,
      0.12025178503276032,
      0.43363522481047917,
      32.90022936463356,
      158.72137679811567
    ],
    [
      176.06068686768413,
      39.124597081914544,
      -0.15357203319121623,
      0.4229841966569389,
      101.99494431726635,
      243.12423139996827
    ],
    [
      118.7075843270868,
      158.27677910402417,
      0.30876205293600045,
      -0.32736217659764305,
      155.60919293947518,
      119.15218202210963
    ],
    [
      9.781149270012975,
      94.25471115112305,
      0.15190642366302629,
      0.4235852198199428,
      32.90022936463356,
      158.72137679811567
    ],
    [
      145.8280436694622,
      120.48597510438412,
      0.4458735756199345,
      -0.06080094212999107,
      155.60919293947518,
      119.15218202210963
    ],
    [
      121.81976818665862,
      245.41792714968324,
      -0.4470180396349072,
      -0.05171916705598131,
      101.99494431726635,
      243.12423139996827
    ],
    [
      237.85976634919643,
      109.37103275116533,
      -0.44685147052527247,
      0.05313909379544918,
      155.60919293947518,
      119.15218202210963
    ],
    [
      76.02620569244027,
      8.447356187738478,
      0.26266645717271064,
      0.36538518343843196,
      155.60919293947518,
      119.15218202210963
    ],
    [
      56.9085048455745,
      206.7379277618602,
      -0.13324444698802912,
      0.4298207967826293,
      43.125976329669356,
      251.19769717287272
    ],
    [
      208.9609162323177,
      120.93057279847562,
      -0.4497502081406369,
      -0.014991673604164498,
      155.60919293947518,
      119.15218202210963
    ],
    [
      43.57057402282953,
      244.52873176150024,
      -0.0299335546732723,
      0.44900332103963575,
      43.125976329669356,
      251.19769717287272
    ],
    [
      46.238160187378526,
      215.62988164369017,
      -0.03922512761272193,
      0.44828717287444847,
      43.125976329669356,
      251.19769717287272
    ],
    [
      157.83218140900135,
      85.80735496338457,
      -0.02993355472154838,
      0.4490033210364173,
      155.60919293947518,
      119.15218202210963
    ],
    [
      235.63677787967026,
      56.90850484650582,
      -0.3552084978195694,
      0.27627327608142804,
      155.60919293947518,
      119.15218202210963
    ],
    [
      240.97195020876825,
      104.03586042206734,
      -0.44310605658252017,
      0.07846669752123131,
      155.60919293947518,
      119.15218202210963
    ],
    [
      159.16597449220717,
      64.4666656460613,
      -0.029206581776263996,
      0.4490511948330016,
      155.60919293947518,
      119.15218202210963
    ],
    [
      173.83769839815795,
      20.45149392914027,
      -0.0817260212469599,
      0.4425165052866858,
      155.60919293947518,
      119.15218202210963
    ],
    [
      192.95539924502373,
      13.337930822744966,
      -0.14976905298042112,
      0.4243456501124382,
      155.60919293947518,
      119.15218202210963
    ],
    [
      231.63539863191545,
      122.70896357484162,
      -0.4495083476971364,
      -0.021029630300847577,
      155.60919293947518,
      119.15218202210963
    ],
    [
      59.131493316963315,
      69.80183797515929,
      -0.12732531625768245,
      0.43161124155874486,
      32.90022936463356,
      158.72137679811567
    ],
    [
      49.79494174011052,
      214.74068625550717,
      -0.08097344504936944,
      0.4426548330209857,
      43.125976329669356,
      251.19769717287272
    ],
    [
      217.4082724209875,
      78.24919416382909,
      -0.37525122051175674,
      0.24836771429563256,
      155.60919293947518,
      119.15218202210963
    ],
    [
      37.790803998708725,
      188.06482460908592,
      -0.07397954427141891,
      -0.44387726572713004,
      32.90022936463356,
      158.72137679811567
    ],
    [
      64.02206795290112,
      28.00965472869575,
      0.3189713118951879,
      0.3174229074718187,
      155.60919293947518,
      119.15218202210963
    ],
    [
      135.6022967044264,
      263.2018349142745,
      -0.38631134416573537,
      -0.2307889628402163,
      101.99494431726635,
      243.12423139996827
    ],
    [
      136.93608978576958,
      58.24229792878032,
      0.13189720742904038,
      0.4302361289715459,
      155.60919293947518,
      119.15218202210963
    ],
    [
      139.1590782571584,
      72.46942413970828,
      0.14955760160564113,
      0.4244202207741384,
      155.60919293947518,
      119.15218202210963
    ],
    [
      268.092409549281,
      54.240918681025505,
      -0.3897578639335629,
      0.22491955784668066,
      155.60919293947518,
      119.15218202210963
    ],
    [
      251.64229486696422,
      11.55954004637897,
      -0.29965195549070384,
      0.3357211723597384,
      155.60919293947518,
      119.15218202210963
    ],
    [
      48.46114865876734,
      167.61333067994565,
      -0.3907094139617627,
      -0.2232625222505021,
      32.90022936463356,
      158.72137679811567
    ],
    [
      22.674482399597764,
      28.898850116878748,
      0.035335758864664925,
      0.4486105038287203,
      32.90022936463356,
      158.72137679811567
    ],
    [
      31.121838588267565,
      56.46390715241432,
      0.007824903695354926,
      0.44993196250339723,
      32.90022936463356,
      158.72137679811567
    ],
    [
      222.2988470569253,
      71.13563105743378,
      -0.3651904536528823,
      0.26293712663068725,
      155.60919293947518,
      119.15218202210963
    ],
    [
      140.49287133850157,
      217.4082724209875,
      -0.3741951473361196,
      0.24995597954459856,
      101.99494431726635,
      243.12423139996827
    ],
    [
      100.47907886840403,
      88.91953882202506,
      0.3945655839026374,
      0.21637467504209174,
