{
  "scene_id": "37_Millennium_Park_simplified_obstacle_anchored",
  "scene_index": 64,
  "scenario": "Dense line for merch near the north promenade compresses movement to slow shuffles.",
  "category": "Dense",
  "crowd_size_label": "50-100",
  "crowd_size": 63,
  "ungrouped_agents": 35,
  "event_center_px": [
    614.2030555075011,
    131.02733771026294
  ],
  "event_center_m": [
    273.0732621960342,
    208.50416425522417
  ],
  "goal_location_raw": {
    "type": "gaussian_mixture_truncated_to_walkable",
    "components": [
      {
        "weight": 0.45,
        "mean_px": [
          600,
          120
        ],
        "sigma_px": [
          16,
          14
        ],
        "support_radius_px": 55
      },
      {
        "weight": 0.2,
        "mean_px": [
          220,
          700
        ],
        "sigma_px": [
          24,
          20
        ],
        "support_radius_px": 85
      },
      {
        "weight": 0.2,
        "mean_px": [
          740,
          380
        ],
        "sigma_px": [
          24,
          20
        ],
        "support_radius_px": 80
      },
      {
        "weight": 0.15,
        "mean_px": [
          220,
          90
        ],
        "sigma_px": [
          22,
          18
        ],
        "support_radius_px": 70
      }
    ]
  },
  "goals_px": [
    [
      589.9406470736425,
      103.87749388655124
    ],
    [
      496.0,
      412.0
    ],
    [
      246.0,
      142.0
    ],
    [
      222.8812128118578,
      73.2293055843478
    ]
  ],
  "goals_m": [
    [
      262.2862513512373,
      220.5749222151935
    ],
    [
      220.52045627869666,
      83.58436649292707
    ],
    [
      109.37103275209665,
      203.6257439032197
    ],
    [
      99.09247327782214,
      234.2010360630229
    ]
  ],
  "initial_state": [
    [
      206.2933300677687,
      3.556781552731991,
      0.08751666735479817,
      0.4922812538936554,
      220.52045627869666,
      83.58436649292707
    ],
    [
      182.28505458682775,
      116.03999816346914,
      -0.3199002964697349,
      0.38427047807316106,
      109.37103275209665,
      203.6257439032197
    ],
    [
      67.57884950563312,
      6.668965411372483,
      0.06859614241040851,
      0.49527221731731624,
      99.09247327782214,
      234.2010360630229
    ],
    [
      234.74758249148726,
      113.37241199798882,
      0.1244031836494368,
      0.4842766233237823,
      262.2862513512373,
      220.5749222151935
    ],
    [
      226.30022630281746,
      65.3558610342443,
      -0.15112193038207586,
      0.4766153188448678,
      220.52045627869666,
      83.58436649292707
    ],
    [
      223.1880424451083,
      261.4234441379085,
      0.3457300241011051,
      -0.3612073510257637,
      262.2862513512373,
      220.5749222151935
    ],
    [
      27.565057035535574,
      155.60919293854386,
      0.4312078919088666,
      0.25310028438449284,
      109.37103275209665,
      203.6257439032197
    ],
    [
      224.9664332214743,
      45.79356249328703,
      -0.058420623804999676,
      0.4965753021589321,
      220.52045627869666,
      83.58436649292707
    ],
    [
      240.52735251374543,
      173.39310070313513,
      0.20939162256730687,
      0.45404311292941174,
      262.2862513512373,
      220.5749222151935
    ],
    [
      80.47218263335526,
      171.61470992676914,
      0.3350515463988585,
      0.3711340206121417,
      109.37103275209665,
      203.6257439032197
    ],
    [
      259.200455667451,
      76.0262056933716,
      -0.4907194193089358,
      0.09588770261665892,
      220.52045627869666,
      83.58436649292707
    ],
    [
      178.28367533907294,
      36.45701091736555,
      0.3337053515206139,
      0.3723449185452965,
      220.52045627869666,
      83.58436649292707
    ],
    [
      249.41930639743805,
      80.47218263428658,
      -0.4971255701288968,
      0.05353659985485908,
      220.52045627869666,
      83.58436649292707
    ],
    [
      248.97470870241523,
      189.8432153854519,
      0.19873420472932918,
      0.4588079291714574,
      262.2862513512373,
      220.5749222151935
    ],
    [
      131.6009174566716,
      214.29608856141567,
      -0.4507615287341368,
      -0.21636553379238566,
      109.37103275209665,
      203.6257439032197
    ],
    [
      91.58712498657405,
      217.4082724209875,
      0.20401984870286385,
      0.45648209311566706,
      99.09247327782214,
      234.2010360630229
    ],
    [
      43.125976329669356,
      104.92505581025034,
      0.27864343288679555,
      0.41516001410186637,
      109.37103275209665,
      203.6257439032197
    ],
    [
      252.08689256198704,
      70.24643566925079,
      -0.4605731081482698,
      0.1946083555519706,
      220.52045627869666,
      83.58436649292707
    ],
    [
      92.47632037475705,
      245.41792714968324,
      0.25402279893226515,
      -0.4306650875362641,
      99.09247327782214,
      234.2010360630229
    ],
    [
      273.427581878379,
      209.85011162050068,
      -0.360222749201487,
      0.3467557799918014,
      262.2862513512373,
      220.5749222151935
    ],
    [
      206.73792776279151,
      115.15080277435482,
      0.20007079718316895,
      -0.4582266645607731,
      220.52045627869666,
      83.58436649292707
    ],
    [
      211.62850239686668,
      74.69241261016577,
      0.3535533905747586,
      0.3535533906117889,
      220.52045627869666,
      83.58436649292707
    ],
    [
      139.60367595031857,
      212.96229547914118,
      -0.4777373455908193,
      -0.14753653319716478,
      109.37103275209665,
      203.6257439032197
    ],
    [
      243.63953637331724,
      73.35861952789128,
      -0.4572676688783563,
      0.20225300739062918,
      220.52045627869666,
      83.58436649292707
    ],
    [
      41.79218324646354,
      85.80735496338457,
      0.24877417005216806,
      0.4337181254165601,
      109.37103275209665,
      203.6257439032197
    ],
    [
      218.74206550233066,
      9.781149270012975,
      0.012044696486952415,
      0.49985490423375584,
      220.52045627869666,
      83.58436649292707
    ],
    [
      12.89333312958479,
      71.58022875152528,
      0.2949742121033991,
      0.4037204654138541,
      109.37103275209665,
      203.6257439032197
    ],
    [
      66.2450564224273,
      175.17149147950113,
      0.41734425960527455,
      0.2753611609768618,
      109.37103275209665,
      203.6257439032197
    ],
    [
      89.36413651704788,
      100.47907886933535,
      0.09520830149533481,
      0.4908516877085923,
      109.37103275209665,
      203.6257439032197
    ],
    [
      181.84045689180493,
      97.36689501069486,
      0.4709933131721995,
      -0.16782520355141664,
      220.52045627869666,
      83.58436649292707
    ],
    [
      243.63953637331724,
      127.5995382098481,
      -0.23250457340143107,
      -0.4426529378050242,
      220.52045627869666,
      83.58436649292707
    ],
    [
      107.59264197573066,
      63.132872563786805,
      0.49199682077536516,
      0.08910178644075127,
      220.52045627869666,
      83.58436649292707
    ],
    [
      93.36551576294005,
      167.61333067994565,
      0.2030692330376872,
      0.4569057743052559,
      109.37103275209665,
      203.6257439032197
    ],
    [
      249.86390409059823,
      14.227126210927963,
      -0.1948199954199627,
      0.4604836255335967,
      220.52045627869666,
      83.58436649292707
    ],
    [
      262.757237220183,
      123.15356126893312,
      -0.3648883592225265,
      -0.3418427786335298,
      220.52045627869666,
      83.58436649292707
    ],
    [
      95.14390653930604,
      36.45701091736555,
      0.4680280359100356,
      0.17592543193692717,
      220.52045627869666,
      83.58436649292707
    ],
    [
      32.45563166961074,
      131.6009174566716,
      0.36496590790762656,
      0.3417599831243586,
      109.37103275209665,
