{
  "scene_id": "37_Millennium_Park_simplified_obstacle_anchored",
  "scene_index": 66,
  "scenario": "Crowd bunching near east corridor due to giveaways; motion is cramped and slow.",
  "category": "Dense",
  "crowd_size_label": "50-100",
  "crowd_size": 90,
  "ungrouped_agents": 42,
  "event_center_px": [
    181.0,
    414.0
  ],
  "event_center_m": [
    80.47218263335526,
    82.69517110474408
  ],
  "goal_location_raw": {
    "type": "gaussian_mixture_truncated_to_walkable",
    "components": [
      {
        "weight": 0.45,
        "mean_px": [
          740,
          380
        ],
        "sigma_px": [
          16,
          14
        ],
        "support_radius_px": 55
      },
      {
        "weight": 0.2,
        "mean_px": [
          620,
          700
        ],
        "sigma_px": [
          24,
          20
        ],
        "support_radius_px": 85
      },
      {
        "weight": 0.2,
        "mean_px": [
          220,
          700
        ],
        "sigma_px": [
          24,
          20
        ],
        "support_radius_px": 85
      },
      {
        "weight": 0.15,
        "mean_px": [
          600,
          120
        ],
        "sigma_px": [
          22,
          18
        ],
        "support_radius_px": 70
      }
    ]
  },
  "goals_px": [
    [
      473.0,
      514.0
    ],
    [
      595.0,
      346.0
    ],
    [
      332.0,
      101.0
    ],
    [
      615.9787166864628,
      122.3881197543642
    ]
  ],
  "goals_m": [
    [
      210.2947093155235,
      38.235401693731546
    ],
    [
      264.535627996549,
      112.92781430389732
    ],
    [
      147.6064344458282,
      221.85424936190248
    ],
    [
      273.86271706037223,
      212.3451406378299
    ]
  ],
  "initial_state": [
    [
      82.69517110474408,
      49.79494174011052,
      0.448164720380331,
      -0.04060028825537725,
      210.2947093155235,
      38.235401693731546
    ],
    [
      43.125976329669356,
      229.41241016145796,
      0.4488271454171728,
      -0.03246834668830584,
      147.6064344458282,
      221.85424936190248
    ],
    [
      169.39172145724297,
      81.36137802246958,
      0.4271066467894475,
      0.14170360711101926,
      264.535627996549,
      112.92781430389732
    ],
    [
      248.97470870241523,
      172.94850300904363,
      0.24033772131746692,
      0.3804441873809187,
      273.86271706037223,
      212.3451406378299
    ],
    [
      243.63953637331724,
      28.00965472869575,
      -0.4302243936857457,
      0.1319354807386266,
      210.2947093155235,
      38.235401693731546
    ],
    [
      47.12735557556152,
      183.17424997407943,
      0.4199576120777221,
      0.1616650984534927,
      147.6064344458282,
      221.85424936190248
    ],
    [
      279.65194959565997,
      130.7117220684886,
      -0.29144178903413254,
      -0.3428726929992883,
      264.535627996549,
      112.92781430389732
    ],
    [
      148.94022752717137,
      147.16183675080538,
      -0.00803443338158847,
      0.4499282697055574,
      147.6064344458282,
      221.85424936190248
    ],
    [
      84.9181595761329,
      80.47218263428658,
      0.4264516426421607,
      -0.1436627874148449,
      210.2947093155235,
      38.235401693731546
    ],
    [
      76.02620569244027,
      31.121838587336242,
      0.4493697751731738,
      0.023807670209646126,
      210.2947093155235,
      38.235401693731546
    ],
    [
      223.1880424451083,
      15.560919294133782,
      -0.22243600102503736,
      0.3911805535146009,
      210.2947093155235,
      38.235401693731546
    ],
    [
      240.52735251374543,
      195.6229854086414,
      0.4022289812806297,
      0.20177176863463045,
      273.86271706037223,
      212.3451406378299
    ],
    [
      271.649191102013,
      127.5995382098481,
      -0.19632307792362613,
      -0.40491634824318196,
      264.535627996549,
      112.92781430389732
    ],
    [
      36.01241322234273,
      155.16459524445236,
      0.38627859062779923,
      0.2308437792590502,
      147.6064344458282,
      221.85424936190248
    ],
    [
      42.23678094148636,
      234.30298479646444,
      0.44689197612687365,
      -0.052797364265820566,
      147.6064344458282,
      221.85424936190248
    ],
    [
      62.24367717653513,
      264.9802256906405,
      0.4016519816894137,
      -0.2029179282492479,
      147.6064344458282,
      221.85424936190248
    ],
    [
      98.25609039887786,
      43.57057402282953,
      0.44949066197604765,
      -0.021404317235887108,
      210.2947093155235,
      38.235401693731546
    ],
    [
      71.1356310583651,
      8.891953881829977,
      0.4403175286310548,
      0.09284650763620732,
      210.2947093155235,
      38.235401693731546
    ],
    [
      111.14942352846265,
      113.81700969208032,
      0.1438806995206879,
      0.426378170531088,
      147.6064344458282,
      221.85424936190248
    ],
    [
      39.56919477507472,
      75.5816079992801,
      0.43960500782841166,
      -0.09616359546201542,
      210.2947093155235,
      38.235401693731546
    ],
    [
      157.38758371584117,
      28.898850116878748,
      0.4431526014674433,
      0.07820340026263153,
      210.2947093155235,
      38.235401693731546
    ],
    [
      90.25333190523088,
      38.235401693731546,
      0.45,
      0.0,
      210.2947093155235,
      38.235401693731546
    ],
    [
      229.41241016238928,
      37.79080399964005,
      -0.44987836193859243,
      0.010462287486434338,
      210.2947093155235,
      38.235401693731546
    ],
    [
      17.783907763659954,
      191.6216061618179,
      0.4382727879617555,
      0.10206352596412718,
      147.6064344458282,
      221.85424936190248
    ],
    [
      265.86942107975483,
      133.3793082330376,
      -0.029285611824552728,
      -0.4490460476833769,
      264.535627996549,
      112.92781430389732
    ],
    [
      160.94436526857316,
      92.03172268066555,
      0.3042001615722055,
      -0.33160558152637315,
      210.2947093155235,
      38.235401693731546
    ],
    [
      267.6478118561208,
      112.48321660980582,
      -0.4454772721501911,
      0.06363961028812598,
      264.535627996549,
      112.92781430389732
    ],
    [
      43.57057402282953,
      68.46804489288479,
      0.44277919459935655,
      -0.08029062728578681,
      210.2947093155235,
      38.235401693731546
    ],
    [
      272.538386490196,
      230.74620324373245,
      0.032303096459254416,
      -0.44883906910956867,
      273.86271706037223,
      212.3451406378299
    ],
    [
      149.82942291535437,
      127.1549405157566,
      -0.010560471072040388,
      0.44987606787951795,
      147.6064344458282,
      221.85424936190248
    ],
    [
      58.686895621940494,
      145.38344597443938,
      0.34118333834230663,
      0.2934176709702385,
      147.6064344458282,
      221.85424936190248
    ],
    [
      104.92505581118166,
      110.70482583343983,
      0.16131535846506997,
      0.42009207933890635,
      147.6064344458282,
      221.85424936190248
    ],
    [
      124.93195204623044,
      198.7351692682132,
      0.315093900101738,
      0.32127221186818494,
      147.6064344458282,
      221.85424936190248
    ],
    [
      157.38758371584117,
      28.00965472869575,
      0.4418232615169027,
      0.08539441189308936,
      210.2947093155235,
      38.235401693731546
    ],
    [
      187.17562922090292,
      128.0441359039396,
      0.44164747737665044,
      -0.08629893236211585,
      264.535627996549,
      112.92781430389732
    ],
    [
      49.35034404695034,
      200.9581577386707,
      0.4401562918038806,
      0.09360789916164698,
      147.6064344458282,
      221.85424936190248
    ],
    [
      102.25746964663267,
      11.55954004637897,
      0.43687954958002656,
      0.10787149372634602,
      210.2947093155235,
      38.235401693731546
    ],
    [
      38.67999938689172,
