{
  "scene_id": "37_Millennium_Park_simplified_obstacle_anchored",
  "scene_index": 68,
  "scenario": "Packed photo op near west plaza slows to near standstill; exits toward edges are sparse.",
  "category": "Dense",
  "crowd_size_label": "50-100",
  "crowd_size": 50,
  "ungrouped_agents": 19,
  "event_center_px": [
    186.63486787029547,
    373.9408605669413
  ],
  "event_center_m": [
    82.97743189521134,
    100.50537212472409
  ],
  "goal_location_raw": {
    "type": "gaussian_mixture_truncated_to_walkable",
    "components": [
      {
        "weight": 0.4,
        "mean_px": [
          200,
          330
        ],
        "sigma_px": [
          16,
          14
        ],
        "support_radius_px": 55
      },
      {
        "weight": 0.2,
        "mean_px": [
          620,
          700
        ],
        "sigma_px": [
          24,
          20
        ],
        "support_radius_px": 85
      },
      {
        "weight": 0.2,
        "mean_px": [
          220,
          700
        ],
        "sigma_px": [
          24,
          20
        ],
        "support_radius_px": 85
      },
      {
        "weight": 0.2,
        "mean_px": [
          740,
          380
        ],
        "sigma_px": [
          24,
          20
        ],
        "support_radius_px": 80
      }
    ]
  },
  "goals_px": [
    [
      226.2769881110506,
      327.0649453691537
    ],
    [
      59.0,
      559.0
    ],
    [
      243.0,
      337.0
    ],
    [
      45.0,
      497.0
    ]
  ],
  "goals_m": [
    [
      100.60222714394331,
      121.34629593137652
    ],
    [
      26.231263952329755,
      18.228505458682775
    ],
    [
      108.03723966889083,
      116.92919355165213
    ],
    [
      20.00689623504877,
      45.79356249328703
    ]
  ],
  "initial_state": [
    [
      17.339310070499778,
      233.85838710237294,
      0.2676875987843373,
      -0.3617227521971429,
      100.60222714394331,
      121.34629593137652
    ],
    [
      268.092409549281,
      200.9581577386707,
      -0.39842905627726544,
      -0.2091752545451007,
      108.03723966889083,
      116.92919355165213
    ],
    [
      243.19493868015707,
      55.574711764231324,
      -0.4434780230554095,
      -0.07633638101760959,
      26.231263952329755,
      18.228505458682775
    ],
    [
      248.08551331423223,
      85.80735496338457,
      -0.4432306610908196,
      -0.07775976510377956,
      20.00689623504877,
      45.79356249328703
    ],
    [
      74.24781491607428,
      232.07999632600695,
      0.10418900103652345,
      -0.43777237471431574,
      100.60222714394331,
      121.34629593137652
    ],
    [
      192.95539924502373,
      108.48183736298233,
      -0.4477898878004135,
      0.04454454381507496,
      108.03723966889083,
      116.92919355165213
    ],
    [
      152.0524113867432,
      83.58436649292707,
      -0.358691466670301,
      0.271735959596643,
      108.03723966889083,
      116.92919355165213
    ],
    [
      225.8556286096573,
      22.229884705506265,
      -0.350744396599842,
      0.28191908103889096,
      108.03723966889083,
      116.92919355165213
    ],
    [
      44.45976941101253,
      147.60643444489688,
      0.4076144151570672,
      -0.1906580408903912,
      100.60222714394331,
      121.34629593137652
    ],
    [
      66.68965411745012,
      24.45287317596376,
      -0.44476726394348787,
      -0.06842573290965742,
      26.231263952329755,
      18.228505458682775
    ],
    [
      189.8432153854519,
      3.556781552731991,
      -0.2633139765756312,
      0.36491882623390093,
      108.03723966889083,
      116.92919355165213
    ],
    [
      152.49700907990336,
      4.4459769409149885,
      -0.16541323136310193,
      0.418495475351905,
      108.03723966889083,
      116.92919355165213
    ],
    [
      123.59815896302462,
      19.562298540957272,
      -0.4499577841361277,
      -0.006163805261843948,
      26.231263952329755,
      18.228505458682775
    ],
    [
      44.015171717852354,
      80.47218263428658,
      -0.25614449047777227,
      -0.3699864862368387,
      20.00689623504877,
      45.79356249328703
    ],
    [
      223.1880424451083,
      20.00689623504877,
      -0.3442789700954774,
      0.2897792103481501,
      108.03723966889083,
      116.92919355165213
    ],
    [
      259.6450533606112,
      13.337930822744966,
      -0.37154854765976086,
      0.25387334781721843,
      108.03723966889083,
      116.92919355165213
    ],
    [
      95.58850423432887,
      216.5190770328045,
      0.02367327201576111,
      -0.44937687545318544,
      100.60222714394331,
      121.34629593137652
    ],
    [
      239.63815712556243,
      32.01103397551924,
      -0.37811471887414433,
      0.24398618684410578,
      108.03723966889083,
      116.92919355165213
    ],
    [
      68.46804489381611,
      209.40551392640918,
      0.15426189908043353,
      -0.42273309131424547,
      100.60222714394331,
      121.34629593137652
    ],
    [
      255.1990764196962,
      144.93884828034788,
      -0.4420640402661618,
      -0.08413907714942735,
      108.03723966889083,
      116.92919355165213
    ],
    [
      247.19631792604923,
      11.55954004637897,
      -0.358758328195651,
      0.2716476798175562,
      108.03723966889083,
      116.92919355165213
    ],
    [
      77.35999877564609,
      57.35310254059732,
      -0.4411292906907972,
      -0.08890977952190737,
      20.00689623504877,
      45.79356249328703
    ],
    [
      27.565057035535574,
      89.80873421020806,
      -0.07615805640196889,
      -0.44350868136382016,
      20.00689623504877,
      45.79356249328703
    ],
    [
      35.56781552918255,
      3.556781552731991,
      -0.24159397149315912,
      0.3796476694754791,
      26.231263952329755,
      18.228505458682775
    ],
    [
      64.02206795290112,
      109.37103275116533,
      0.4276663520146654,
      0.14000532616464392,
      100.60222714394331,
      121.34629593137652
    ],
    [
      88.03034343384206,
      204.0703415973112,
      0.06761186338530963,
      -0.44489171258809285,
      100.60222714394331,
      121.34629593137652
    ],
    [
      143.1604575049132,
      99.14528578706086,
      -0.401470721172075,
      0.2032763145119815,
      108.03723966889083,
      116.92919355165213
    ],
    [
      160.49976757355034,
      8.447356187738478,
      -0.1959156182759262,
      0.4051136513567046,
      108.03723966889083,
      116.92919355165213
    ],
    [
      68.91264258697629,
      185.84183613862842,
      0.19844490797535327,
      -0.4038806983487247,
      100.60222714394331,
      121.34629593137652
    ],
    [
      135.1576990094036,
      43.125976328738034,
      -0.15521361134329714,
      0.4223845816951323,
      108.03723966889083,
      116.92919355165213
    ],
    [
      113.37241199798882,
      138.2698828689754,
      -0.27105154997092057,
      -0.3592089325982325,
      100.60222714394331,
      121.34629593137652
    ],
    [
      45.34896479919553,
      4.4459769409149885,
      -0.3650293704339695,
      0.26316070892247545,
      26.231263952329755,
      18.228505458682775
    ],
    [
      251.64229486696422,
      9.781149270012975,
      -0.36066886481478055,
      0.2691058712722886,
      108.03723966889083,
      116.92919355165213
    ],
    [
      135.1576990094036,
      62.24367717560381,
      -0.19993400767748554,
      0.40314562204496174,
      108.03723966889083,
      116.92919355165213
    ],
    [
      133.3793082330376,
      92.03172268066555,
      -0.3210013941756478,
      0.3153697907810613,
      108.03723966889083,
      116.92919355165213
    ],
    [
      138.2698828689754,
      46.238160187378526,
      -0.17694957468653563,
      0.4137497408074768,
      108.03723966889083,
      116.92919355165213
    ],
    [
      36.90160861052573,
      150.27402060944587,
      0.40973055903708944,
      -0.1860668401170777,
