{
  "scene_id": "37_Millennium_Park_simplified_obstacle_anchored",
  "scene_index": 70,
  "scenario": "Limited seating announcement triggers a fast surge from west and south edges to the east corridor.",
  "category": "Rushing",
  "crowd_size_label": "50-100",
  "crowd_size": 66,
  "ungrouped_agents": 28,
  "event_center_px": [
    133.0,
    130.0
  ],
  "event_center_m": [
    59.131493316963315,
    208.9609162323177
  ],
  "goal_location_raw": {
    "type": "gaussian_mixture_truncated_to_walkable",
    "components": [
      {
        "weight": 0.4,
        "mean_px": [
          740,
          380
        ],
        "sigma_px": [
          20,
          16
        ],
        "support_radius_px": 60
      },
      {
        "weight": 0.2,
        "mean_px": [
          220,
          700
        ],
        "sigma_px": [
          26,
          22
        ],
        "support_radius_px": 85
      },
      {
        "weight": 0.2,
        "mean_px": [
          620,
          700
        ],
        "sigma_px": [
          26,
          22
        ],
        "support_radius_px": 85
      },
      {
        "weight": 0.2,
        "mean_px": [
          220,
          90
        ],
        "sigma_px": [
          24,
          20
        ],
        "support_radius_px": 70
      }
    ]
  },
  "goals_px": [
    [
      80.0,
      31.0
    ],
    [
      265.0,
      369.0
    ],
    [
      98.0,
      588.0
    ],
    [
      260.95911633633614,
      94.6318524530365
    ]
  ],
  "goals_m": [
    [
      35.56781552918255,
      252.97608794923872
    ],
    [
      117.81838893890381,
      102.70206733979285
    ],
    [
      43.57057402282953,
      5.335172329097986
    ],
    [
      116.0218213815242,
      224.68551307730377
    ]
  ],
  "initial_state": [
    [
      180.95126150362194,
      3.556781552731991,
      -0.8056803329774389,
      1.2652585510690546,
      117.81838893890381,
      102.70206733979285
    ],
    [
      72.9140218347311,
      8.447356187738478,
      -1.491633877048469,
      -0.1582035930102498,
      43.57057402282953,
      5.335172329097986
    ],
    [
      251.19769717380404,
      241.86114559695125,
      -1.4880362247850683,
      -0.18907192739114143,
      116.0218213815242,
      224.68551307730377
    ],
    [
      7.558160800486803,
      1.3337930822744966,
      0.16593637375530187,
      1.490793453119828,
      35.56781552918255,
      252.97608794923872
    ],
    [
      90.25333190523088,
      223.18804244417697,
      1.497473602463129,
      0.08702189337229581,
      116.0218213815242,
      224.68551307730377
    ],
    [
      243.19493868015707,
      198.2905715741217,
      -1.4686995591191305,
      0.3048304529460132,
      116.0218213815242,
      224.68551307730377
    ],
    [
      186.28643383271992,
      71.58022875152528,
      -1.365549716192635,
      0.620704416454575,
      117.81838893890381,
      102.70206733979285
    ],
    [
      229.41241016238928,
      90.69792959839106,
      -1.4913961625701009,
      0.16042906928352357,
      117.81838893890381,
      102.70206733979285
    ],
    [
      124.48735435120761,
      24.45287317596376,
      -0.12737912503713147,
      1.4945817336314449,
      117.81838893890381,
      102.70206733979285
    ],
    [
      131.6009174566716,
      78.69379185792059,
      -0.746801277846139,
      1.3008796452429308,
      117.81838893890381,
      102.70206733979285
    ],
    [
      40.01379247009754,
      0.44459769409149885,
      0.8822575465125693,
      1.2131041264547826,
      43.57057402282953,
      5.335172329097986
    ],
    [
      147.6064344458282,
      174.28229609131813,
      -0.7964957863060653,
      1.2710603692967077,
      116.0218213815242,
      224.68551307730377
    ],
    [
      96.47769962251186,
      179.17287072725594,
      0.5918690093094016,
      1.3782928120755429,
      116.0218213815242,
      224.68551307730377
    ],
    [
      8.891953881829977,
      18.228505458682775,
      1.405969737411934,
      -0.5227323382782212,
      43.57057402282953,
      5.335172329097986
    ],
    [
      217.4082724209875,
      67.1342518106103,
      -1.412612867392854,
      0.5045045954955607,
      117.81838893890381,
      102.70206733979285
    ],
    [
      185.39723844453692,
      134.2685036212206,
      -1.3590461997741365,
      -0.6348176327729699,
      117.81838893890381,
      102.70206733979285
    ],
    [
      261.4234441369772,
      237.85976635012776,
      -1.4938805724615098,
      -0.13535447987440796,
      116.0218213815242,
      224.68551307730377
    ],
    [
      240.52735251374543,
      4.890574635006487,
      -1.1729598593929293,
      0.9349680038658645,
      117.81838893890381,
      102.70206733979285
    ],
    [
      46.238160187378526,
      222.74344475008547,
      -0.4992301765890309,
      1.4144855003791612,
      35.56781552918255,
      252.97608794923872
    ],
    [
      16.894712375476956,
      87.58574573975056,
      0.46275704706642706,
      -1.4268342284198121,
      43.57057402282953,
      5.335172329097986
    ],
    [
      242.75034098513424,
      148.49562983307987,
      -1.4083684640375638,
      -0.5162347038939492,
      117.81838893890381,
      102.70206733979285
    ],
    [
      116.92919355072081,
      97.36689501069486,
      0.24659848095803594,
      1.4795908857482156,
      117.81838893890381,
      102.70206733979285
    ],
    [
      209.4055139273405,
      56.46390715241432,
      -1.3390306492801558,
      0.6760154734089785,
      117.81838893890381,
      102.70206733979285
    ],
    [
      84.0289641879499,
      256.97746719699353,
      1.0557138282483811,
      -1.0655835550744708,
      116.0218213815242,
      224.68551307730377
    ],
    [
      227.63401938602328,
      20.89609162323177,
      -1.2029157377327468,
      0.8960991730354855,
      117.81838893890381,
      102.70206733979285
    ],
    [
      161.38896296173334,
      114.70620508026332,
      -1.4461192926008009,
      -0.3984206214138004,
      117.81838893890381,
      102.70206733979285
    ],
    [
      44.90436710603535,
      116.92919355165213,
      1.4722358880363933,
      -0.2872655391405186,
      117.81838893890381,
      102.70206733979285
    ],
    [
      268.092409549281,
      261.868041832,
      -1.457077028609135,
      -0.3562675016045854,
      116.0218213815242,
      224.68551307730377
    ],
    [
      194.2891923263669,
      44.90436710510403,
      -1.1966522444291339,
      0.9044464638123786,
      117.81838893890381,
      102.70206733979285
    ],
    [
      8.891953881829977,
      180.95126150362194,
      0.5209715337496081,
      1.4066231410802899,
      35.56781552918255,
      252.97608794923872
    ],
    [
      256.53286950290203,
      248.97470870241523,
      -1.4780788007284575,
      -0.2555054966867156,
      116.0218213815242,
      224.68551307730377
    ],
    [
      66.2450564224273,
      32.90022936370224,
      -0.9529058086847388,
      -1.1584345125102602,
      43.57057402282953,
      5.335172329097986
    ],
    [
      56.0193094573915,
      167.16873298585415,
      1.0828527248720945,
      1.0379932447935678,
      116.0218213815242,
      224.68551307730377
    ],
    [
      77.80459646880627,
      75.1370103051886,
      1.2352614015204284,
      0.8509578543698781,
      117.81838893890381,
      102.70206733979285
    ],
    [
      69.80183797515929,
      38.679999387823045,
      -0.9274263859057592,
      -1.17893184651437,
      43.57057402282953,
      5.335172329097986
    ],
    [
      83.58436649292707,
      8.447356187738478,
      -1.49548344444413,
      -0.11631537900690675,
      43.57057402282953,
      5.335172329097986
    ],
    [
      51.128734823316336,
      91.14252729248255,
      1.4779620305971921,
      0.256180085316998,
      117.81838893890381,
      102.70206733979285
    ],
    [
      216.96367472596467,
