{
  "scene_id": "37_Millennium_Park_simplified_obstacle_anchored",
  "scene_index": 72,
  "scenario": "Flash sale alert sends people sprinting from south edges to the west plaza.",
  "category": "Rushing",
  "crowd_size_label": "50-100",
  "crowd_size": 100,
  "ungrouped_agents": 54,
  "event_center_px": [
    229.19414372055599,
    312.79392164155263
  ],
  "event_center_m": [
    101.89918780140579,
    127.69116017315537
  ],
  "goal_location_raw": {
    "type": "gaussian_mixture_truncated_to_walkable",
    "components": [
      {
        "weight": 0.4,
        "mean_px": [
          200,
          330
        ],
        "sigma_px": [
          20,
          16
        ],
        "support_radius_px": 60
      },
      {
        "weight": 0.2,
        "mean_px": [
          620,
          700
        ],
        "sigma_px": [
          26,
          22
        ],
        "support_radius_px": 85
      },
      {
        "weight": 0.2,
        "mean_px": [
          220,
          700
        ],
        "sigma_px": [
          26,
          22
        ],
        "support_radius_px": 85
      },
      {
        "weight": 0.2,
        "mean_px": [
          740,
          380
        ],
        "sigma_px": [
          26,
          22
        ],
        "support_radius_px": 80
      }
    ]
  },
  "goals_px": [
    [
      222.7629825703791,
      320.81485823454165
    ],
    [
      89.0,
      513.0
    ],
    [
      320.0,
      119.0
    ],
    [
      352.0,
      359.0
    ]
  ],
  "goals_m": [
    [
      99.03990838490427,
      124.12507025897503
    ],
    [
      39.56919477507472,
      38.679999387823045
    ],
    [
      142.2712621167302,
      213.85149086732417
    ],
    [
      156.49838832765818,
      107.14804428070784
    ]
  ],
  "initial_state": [
    [
      277.4289611261338,
      255.1990764196962,
      -1.4821934564147654,
      -0.45343418239172323,
      142.2712621167302,
      213.85149086732417
    ],
    [
      96.03310192748904,
      174.72689378540963,
      0.09194024187633196,
      -1.547270820484805,
      99.03990838490427,
      124.12507025897503
    ],
    [
      184.95264075137675,
      19.562298540957272,
      -0.4789142052584429,
      1.474157788027345,
      156.49838832765818,
      107.14804428070784
    ],
    [
      223.1880424451083,
      120.04137741029263,
      -1.4171144842162267,
      -0.627922398568946,
      39.56919477507472,
      38.679999387823045
    ],
    [
      138.2698828689754,
      159.16597449220717,
      -1.1559963310605899,
      -1.0325562854268309,
      99.03990838490427,
      124.12507025897503
    ],
    [
      156.05379063263535,
      246.75172023195773,
      -0.5988963101861109,
      -1.4296234502992256,
      142.2712621167302,
      213.85149086732417
    ],
    [
      255.64367411471903,
      208.9609162323177,
      -1.5485598719167077,
      0.06680062192307502,
      142.2712621167302,
      213.85149086732417
    ],
    [
      20.00689623504877,
      120.04137741029263,
      1.5479349897813957,
      0.07998291949204307,
      99.03990838490427,
      124.12507025897503
    ],
    [
      120.04137741029263,
      233.41378940828145,
      1.1636059512486452,
      -1.0239732370617582,
      142.2712621167302,
      213.85149086732417
    ],
    [
      35.12321783415973,
      26.231263952329755,
      0.5213214153125526,
      1.4596999629843515,
      39.56919477507472,
      38.679999387823045
    ],
    [
      167.61333068087697,
      89.80873421020806,
      -0.8364824778345021,
      1.3049126653825733,
      156.49838832765818,
      107.14804428070784
    ],
    [
      179.61746842041612,
      86.25195265747607,
      -1.1499041986786296,
      1.0393364873135453,
      156.49838832765818,
      107.14804428070784
    ],
    [
      110.70482583343983,
      213.85149086732417,
      1.55,
      0.0,
      142.2712621167302,
      213.85149086732417
    ],
    [
      212.51769778504968,
      43.125976328738034,
      -1.0206821421901964,
      1.1664938768009165,
      156.49838832765818,
      107.14804428070784
    ],
    [
      160.49976757355034,
      48.01655096374452,
      -0.10464789420202568,
      1.5464633258629452,
      156.49838832765818,
      107.14804428070784
    ],
    [
      215.18528394959867,
      23.56367778778076,
      -0.8906771532800679,
      1.268540188021221,
      156.49838832765818,
      107.14804428070784
    ],
    [
      30.677240893244743,
      142.2712621157989,
      1.498120661677871,
      -0.39766126672566193,
      99.03990838490427,
      124.12507025897503
    ],
    [
      33.78942475281656,
      178.72827303316444,
      1.1886995116330779,
      -0.9947328641616714,
      99.03990838490427,
      124.12507025897503
    ],
    [
      164.05654912814498,
      133.8239059271291,
      -0.4225339873413798,
      -1.4912964257790586,
      156.49838832765818,
      107.14804428070784
    ],
    [
      257.42206489108503,
      169.83631915040314,
      -1.3166733301972489,
      -0.8178455487115441,
      156.49838832765818,
      107.14804428070784
    ],
    [
      128.48873359896243,
      120.48597510438412,
      -1.538299264522225,
      0.1900930634462533,
      99.03990838490427,
      124.12507025897503
    ],
    [
      47.571953270584345,
      174.28229609131813,
      1.1100592450741549,
      -1.081789476943364,
      99.03990838490427,
      124.12507025897503
    ],
    [
      273.8721795734018,
      256.0882718078792,
      -1.4758516379858766,
      -0.47366860003002714,
      142.2712621167302,
      213.85149086732417
    ],
    [
      180.50666380859911,
      122.26436588075012,
      -1.3116609021161718,
      -0.8258605680499526,
      156.49838832765818,
      107.14804428070784
    ],
    [
      141.8266644217074,
      188.50942230317742,
      0.02718879865445533,
      1.5497615201145392,
      142.2712621167302,
      213.85149086732417
    ],
    [
      140.9374690335244,
      138.2698828689754,
      0.6931810730249348,
      -1.3863621460498696,
      156.49838832765818,
      107.14804428070784
    ],
    [
      262.757237220183,
      153.83080216217786,
      -1.4190882844306132,
      -0.6234488278854803,
      156.49838832765818,
      107.14804428070784
    ],
    [
      50.23953943513334,
      22.229884705506265,
      -0.8434962129735093,
      1.3003899948474489,
      39.56919477507472,
      38.679999387823045
    ],
    [
      198.7351692672819,
      78.69379185792059,
      -1.2854992740162614,
      0.8660205635570468,
      156.49838832765818,
      107.14804428070784
    ],
    [
      130.26712437532842,
      141.8266644217074,
      -1.3484200614932662,
      -0.7643712041688223,
      99.03990838490427,
      124.12507025897503
    ],
    [
      263.20183491520584,
      198.7351692682132,
      -1.5380307089072782,
      0.19225383860452616,
      142.2712621167302,
      213.85149086732417
    ],
    [
      268.5370072443038,
      71.13563105743378,
      -1.4756442699919043,
      0.4743142296411312,
      156.49838832765818,
      107.14804428070784
    ],
    [
      13.782528517767787,
      28.898850116878748,
      1.4492461657752078,
      0.5497140629325928,
      39.56919477507472,
      38.679999387823045
    ],
    [
      133.8239059280604,
      239.19355943240225,
      0.49015303734231064,
      -1.4704591119728925,
      142.2712621167302,
      213.85149086732417
    ],
    [
      212.9622954800725,
      42.681378634646535,
      -1.0212513196861164,
      1.1659956012092696,
      156.49838832765818,
      107.14804428070784
    ],
    [
      138.71448056213558,
      177.39447995088995,
      0.1505049447166763,
      1.5426756825774595,
      142.2712621167302,
      213.85149086732417
    ],
    [
      139.1590782571584,
      18.228505458682775,
      0.29666232967857825,
      1.5213452803849883,
      156.49838832765818,
      107.14804428070784
    ],
    [
