{
  "scene_id": "37_Millennium_Park_simplified_obstacle_anchored",
  "scene_index": 74,
  "scenario": "A rare performance begins at the north promenade; latecomers rush from west and south corners.",
  "category": "Rushing",
  "crowd_size_label": "50-100",
  "crowd_size": 90,
  "ungrouped_agents": 45,
  "event_center_px": [
    595.2026238441706,
    114.42874248291409
  ],
  "event_center_m": [
    264.62571408972144,
    215.88386141881347
  ],
  "goal_location_raw": {
    "type": "gaussian_mixture_truncated_to_walkable",
    "components": [
      {
        "weight": 0.4,
        "mean_px": [
          600,
          120
        ],
        "sigma_px": [
          18,
          16
        ],
        "support_radius_px": 60
      },
      {
        "weight": 0.2,
        "mean_px": [
          220,
          700
        ],
        "sigma_px": [
          24,
          20
        ],
        "support_radius_px": 85
      },
      {
        "weight": 0.2,
        "mean_px": [
          620,
          700
        ],
        "sigma_px": [
          24,
          20
        ],
        "support_radius_px": 85
      },
      {
        "weight": 0.2,
        "mean_px": [
          200,
          330
        ],
        "sigma_px": [
          26,
          22
        ],
        "support_radius_px": 80
      }
    ]
  },
  "goals_px": [
    [
      614.2552761712454,
      109.84003997336161
    ],
    [
      323.0,
      393.0
    ],
    [
      49.0,
      261.0
    ],
    [
      238.32802645792074,
      353.3913038529875
    ]
  ],
  "goals_m": [
    [
      273.09647938236594,
      217.92398797348142
    ],
    [
      143.6050551980734,
      92.03172268066555
    ],
    [
      21.785287011414766,
      150.71861830353737
    ],
    [
      105.96009100601077,
      109.64165765512735
    ]
  ],
  "initial_state": [
    [
      133.8239059280604,
      221.85424936190248,
      -0.3735408611588544,
      -1.5043161984917606,
      105.96009100601077,
      109.64165765512735
    ],
    [
      156.94298602081835,
      180.06206611543894,
      -0.23219833810138504,
      -1.5325090315502077,
      143.6050551980734,
      92.03172268066555
    ],
    [
      120.04137741029263,
      237.85976635012776,
      -1.1596417247176893,
      -1.0284605341449822,
      21.785287011414766,
      150.71861830353737
    ],
    [
      206.2933300677687,
      77.35999877564609,
      0.6653245277144995,
      1.3999440248886659,
      273.09647938236594,
      217.92398797348142
    ],
    [
      264.09103030338883,
      192.9553992440924,
      0.5258813616780085,
      1.4580633708586481,
      273.09647938236594,
      217.92398797348142
    ],
    [
      72.0248264465481,
      217.85287011507899,
      -0.9286845255467622,
      -1.2409855164384416,
      21.785287011414766,
      150.71861830353737
    ],
    [
      16.00551698729396,
      103.59126272797585,
      0.18868066825278718,
      1.538473140951015,
      21.785287011414766,
      150.71861830353737
    ],
    [
      275.205972654745,
      124.04275665711612,
      -0.03481941397606827,
      1.5496088565861914,
      273.09647938236594,
      217.92398797348142
    ],
    [
      189.8432153854519,
      40.45839016418904,
      -1.0346947744180306,
      1.154082632999917,
      143.6050551980734,
      92.03172268066555
    ],
    [
      258.311260279268,
      190.2878130795434,
      0.7311793812889135,
      1.3667028617728003,
      273.09647938236594,
      217.92398797348142
    ],
    [
      49.35034404695034,
      59.131493316963315,
      1.1565509693896698,
      1.031935005319528,
      105.96009100601077,
      109.64165765512735
    ],
    [
      245.41792714968324,
      212.96229547914118,
      1.5256802659424724,
      0.2734953859093547,
      273.09647938236594,
      217.92398797348142
    ],
    [
      14.227126210927963,
      143.6050551980734,
      1.1287099887391743,
      1.0623152833883234,
      21.785287011414766,
      150.71861830353737
    ],
    [
      278.3181565143168,
      200.0689623504877,
      -0.4350719500450806,
      1.4876869288543106,
      273.09647938236594,
      217.92398797348142
    ],
    [
      29.34344781190157,
      245.41792714968324,
      -0.123316780461472,
      -1.545086719785209,
      21.785287011414766,
      150.71861830353737
    ],
    [
      190.28781308047473,
      60.90988409332931,
      -1.2896779562355327,
      0.8597853041312927,
      143.6050551980734,
      92.03172268066555
    ],
    [
      17.339310070499778,
      233.41378940828145,
      0.08321315598153463,
      -1.5477647013262683,
      21.785287011414766,
      150.71861830353737
    ],
    [
      193.3999969381839,
      87.58574573975056,
      -1.5438584432378728,
      0.1378445038553681,
      143.6050551980734,
      92.03172268066555
    ],
    [
      236.08137557283044,
      124.04275665711612,
      -1.4647284138295942,
      -0.5070213740270141,
      143.6050551980734,
      92.03172268066555
    ],
    [
      88.47494112886488,
      201.8473531268537,
      -1.2300898600030228,
      -0.9430688926678388,
      21.785287011414766,
      150.71861830353737
    ],
    [
      48.90574635192752,
      113.37241199798882,
      -0.910778126115011,
      1.254186272046712,
      21.785287011414766,
      150.71861830353737
    ],
    [
      100.92367656342685,
      244.08413406740874,
      -1.0022197073547796,
      -1.1823940367701877,
      21.785287011414766,
      150.71861830353737
    ],
    [
      180.06206611543894,
      114.70620508026332,
      -1.316197708369219,
      -0.8186107698311915,
      143.6050551980734,
      92.03172268066555
    ],
    [
      71.1356310583651,
      171.17011223267764,
      -1.431911571563404,
      -0.593404795416099,
      21.785287011414766,
      150.71861830353737
    ],
    [
      48.01655096374452,
      16.00551698822528,
      0.8156289150667101,
      1.318047598877636,
      105.96009100601077,
      109.64165765512735
    ],
    [
      255.1990764196962,
      59.576091011054814,
      -1.4883316225192476,
      0.4328613882170879,
      143.6050551980734,
      92.03172268066555
    ],
    [
      89.36413651704788,
      45.79356249328703,
      0.3899323278884056,
      1.500150918963665,
      105.96009100601077,
      109.64165765512735
    ],
    [
      198.7351692672819,
      106.70344658661634,
      -1.4978644581552945,
      -0.39862521871445433,
      143.6050551980734,
      92.03172268066555
    ],
    [
      58.24229792878032,
      260.089651055634,
      -0.4901530373260987,
      -1.4704591119782964,
      21.785287011414766,
      150.71861830353737
    ],
    [
      97.36689501069486,
      97.36689501069486,
      0.8889264883743722,
      1.2697675764746899,
      105.96009100601077,
      109.64165765512735
    ],
    [
      246.75172023288906,
      235.63677787873894,
      1.2862964397668588,
      -0.8648360937444182,
      273.09647938236594,
      217.92398797348142
    ],
    [
      150.71861830353737,
      31.56643628142774,
      -0.1811039337212115,
      1.5393834367014292,
      143.6050551980734,
      92.03172268066555
    ],
    [
      144.49425058625638,
      28.898850116878748,
      -0.02182882089385282,
      1.5498462835321392,
      143.6050551980734,
      92.03172268066555
    ],
    [
      116.03999816253781,
      175.17149147950113,
      -0.23565196389457008,
      -1.5319817727090073,
      105.96009100601077,
      109.64165765512735
    ],
    [
      102.70206733979285,
      191.6216061618179,
      0.0615510688601847,
      -1.5487774100632306,
      105.96009100601077,
      109.64165765512735
    ],
    [
      229.85700785554945,
      15.116321600042284,
      -1.1568379776028204,
      1.031613248061412,
      143.6050551980734,
      92.03172268066555
    ],
    [
      98.25609039887786,
      50.239539434202015,
      0.1993535675299748,
      1.5371265904645175,
