{
  "scene_id": "37_Millennium_Park_simplified_obstacle_anchored",
  "scene_index": 75,
  "scenario": "A sudden countdown draws a burst of movement toward the east corridor station.",
  "category": "Rushing",
  "crowd_size_label": "0-50",
  "crowd_size": 18,
  "ungrouped_agents": 11,
  "event_center_px": [
    120.0,
    520.0
  ],
  "event_center_m": [
    53.35172329284251,
    35.56781552918255
  ],
  "goal_location_raw": {
    "type": "gaussian_mixture_truncated_to_walkable",
    "components": [
      {
        "weight": 0.45,
        "mean_px": [
          740,
          380
        ],
        "sigma_px": [
          16,
          14
        ],
        "support_radius_px": 55
      },
      {
        "weight": 0.2,
        "mean_px": [
          220,
          700
        ],
        "sigma_px": [
          22,
          18
        ],
        "support_radius_px": 85
      },
      {
        "weight": 0.2,
        "mean_px": [
          620,
          700
        ],
        "sigma_px": [
          22,
          18
        ],
        "support_radius_px": 85
      },
      {
        "weight": 0.15,
        "mean_px": [
          220,
          90
        ],
        "sigma_px": [
          20,
          16
        ],
        "support_radius_px": 70
      }
    ]
  },
  "goals_px": [
    [
      21.0,
      185.0
    ],
    [
      254.0,
      109.0
    ],
    [
      221.0,
      144.0
    ],
    [
      226.88272475416875,
      89.36888146295357
    ]
  ],
  "goals_m": [
    [
      9.336551576852798,
      184.50804305635393
    ],
    [
      112.92781430482864,
      218.29746780917048
    ],
    [
      98.25609039887786,
      202.7365485150367
    ],
    [
      100.87153626047075,
      227.02541784290224
    ]
  ],
  "initial_state": [
    [
      138.71448056213558,
      5.779770023189485,
      -0.301824258380459,
      1.4693202908328344,
      98.25609039887786,
      202.7365485150367
    ],
    [
      134.7131013162434,
      62.688274869695306,
      -0.20797176680056295,
      1.4855126200116415,
      112.92781430482864,
      218.29746780917048
    ],
    [
      81.3613780234009,
      2.2229884704574943,
      -0.5512145908954527,
      1.3950492732459159,
      9.336551576852798,
      184.50804305635393
    ],
    [
      177.83907764405012,
      265.8694210788235,
      -1.3391244061373153,
      -0.6758297306921195,
      100.87153626047075,
      227.02541784290224
    ],
    [
      125.82114743441343,
      164.50114682130516,
      -0.8772023630749182,
      1.2167645681132315,
      98.25609039887786,
      202.7365485150367
    ],
    [
      29.34344781190157,
      42.681378634646535,
      -0.20952429389084468,
      1.485294438914232,
      9.336551576852798,
      184.50804305635393
    ],
    [
      43.125976329669356,
      19.562298540957272,
      -0.30102636508866654,
      1.4694839664050456,
      9.336551576852798,
      184.50804305635393
    ],
    [
      134.7131013162434,
      253.86528333742172,
      -0.7834681186468584,
      -1.2791316222593954,
      112.92781430482864,
      218.29746780917048
    ],
    [
      23.119080094620585,
      115.15080277435482,
      -0.29236032939393647,
      1.4712326253168357,
      9.336551576852798,
      184.50804305635393
    ],
    [
      213.40689317323267,
      80.02758494019508,
      -1.026438886910995,
      1.093811323509186,
      98.25609039887786,
      202.7365485150367
    ],
    [
      223.1880424451083,
      40.01379247009754,
      -0.913466047586048,
      1.1897814000510867,
      98.25609039887786,
      202.7365485150367
    ],
    [
      228.52321477420628,
      20.00689623504877,
      -0.870732462132324,
      1.2214028734979219,
      98.25609039887786,
      202.7365485150367
    ],
    [
      194.73379002138972,
      135.1576990094036,
      -1.0520490100248259,
      1.069201983025557,
      112.92781430482864,
      218.29746780917048
    ],
    [
      85.36275726929307,
      196.95677849184722,
      1.3687639867889705,
      0.613583856102459,
      98.25609039887786,
      202.7365485150367
    ],
    [
      58.686895621940494,
      112.48321660980582,
      -0.8478471604220724,
      1.2373985584944847,
      9.336551576852798,
      184.50804305635393
    ],
    [
      219.18666319735348,
      103.59126272797585,
      -1.0193671719311572,
      1.100404729537762,
      112.92781430482864,
      218.29746780917048
    ],
    [
      90.25333190523088,
      98.70068809296936,
      0.11504474832198648,
      1.4955817282527661,
      98.25609039887786,
      202.7365485150367
    ],
    [
      20.89609162323177,
      169.39172145631164,
      -0.9111751613207724,
      1.1915367494928826,
      9.336551576852798,
      184.50804305635393
    ]
  ],
  "groups": [
    [
      1,
      5
    ],
    [
      3,
      9,
      14
    ],
    [
      12,
      16
    ]
  ],
  "towards_event": true,
  "assets": {
    "obstacle_png": "downloads/maps/simplified_obstacles/37_Millennium_Park_simplified_obstacle.png",
    "homography": "downloads/google_maps/homographies/37_Millennium_Park_simplified_obstacle_anchored.txt",
    "anchored_obstacles": "preprocess/pysfm_obstacles_meter_close_shape/37_Millennium_Park_simplified_obstacle_anchored.npz"
  }
}