{
  "scene_id": "37_Millennium_Park_simplified_obstacle_anchored",
  "scene_index": 76,
  "scenario": "A malfunctioning device creates a blast near the north promenade; people flee to distant corners.",
  "category": "Violent",
  "crowd_size_label": "50-100",
  "crowd_size": 81,
  "ungrouped_agents": 25,
  "event_center_px": [
    600.0,
    120.0
  ],
  "event_center_m": [
    266.7586164679378,
    213.40689317323267
  ],
  "goal_location_raw": {
    "type": "gaussian_mixture_truncated_to_walkable",
    "components": [
      {
        "weight": 0.35,
        "mean_px": [
          220,
          700
        ],
        "sigma_px": [
          30,
          26
        ],
        "support_radius_px": 95
      },
      {
        "weight": 0.35,
        "mean_px": [
          760,
          700
        ],
        "sigma_px": [
          30,
          26
        ],
        "support_radius_px": 95
      },
      {
        "weight": 0.15,
        "mean_px": [
          220,
          90
        ],
        "sigma_px": [
          24,
          20
        ],
        "support_radius_px": 70
      },
      {
        "weight": 0.15,
        "mean_px": [
          760,
          60
        ],
        "sigma_px": [
          24,
          20
        ],
        "support_radius_px": 70
      }
    ]
  },
  "goals_px": [
    [
      258.0,
      299.0
    ],
    [
      527.0,
      349.0
    ],
    [
      192.93322852051733,
      70.12288002666736
    ],
    [
      467.0,
      544.0
    ]
  ],
  "goals_m": [
    [
      114.70620508119464,
      133.8239059271291
    ],
    [
      234.30298479646444,
      111.59402122162282
    ],
    [
      85.77766851708293,
      235.58214570302516
    ],
    [
      207.6271231509745,
      24.89747087005526
    ]
  ],
  "initial_state": [
    [
      1.7783907763659954,
      9.781149270012975,
      0.8751603943935762,
      0.9612982284831698,
      114.70620508119464,
      133.8239059271291
    ],
    [
      60.90988409332931,
      232.96919171418995,
      1.292882546508452,
      0.13584815395809066,
      85.77766851708293,
      235.58214570302516
    ],
    [
      123.59815896302462,
      175.61608917359263,
      1.1253634727138464,
      -0.6508126107271064,
      234.30298479646444,
      111.59402122162282
    ],
    [
      17.339310070499778,
      21.785287011414766,
      1.2998261659766197,
      0.021258839162128545,
      207.6271231509745,
      24.89747087005526
    ],
    [
      226.74482399784029,
      46.238160187378526,
      -0.8674228180632534,
      -0.968285936437788,
      207.6271231509745,
      24.89747087005526
    ],
    [
      233.41378940828145,
      18.228505458682775,
      -1.2585909850950816,
      0.32549766855907286,
      207.6271231509745,
      24.89747087005526
    ],
    [
      212.0731000918895,
      25.342068564146757,
      -1.2935483472729858,
      -0.12935483472729858,
      207.6271231509745,
      24.89747087005526
    ],
    [
      16.894712375476956,
      104.03586042206734,
      1.2436075651674503,
      0.3787350312002913,
      114.70620508119464,
      133.8239059271291
    ],
    [
      10.225746965035796,
      20.45149392914027,
      0.8809853206144069,
      0.9559627947059082,
      114.70620508119464,
      133.8239059271291
    ],
    [
      264.09103030338883,
      124.04275665711612,
      -1.1994696659862827,
      -0.5012709051787819,
      234.30298479646444,
      111.59402122162282
    ],
    [
      221.85424936190248,
      20.89609162323177,
      -1.2514462222000686,
      0.35196924999376933,
      207.6271231509745,
      24.89747087005526
    ],
    [
      23.56367778778076,
      116.48459585756063,
      1.2770946314423524,
      0.24295946645710753,
      114.70620508119464,
      133.8239059271291
    ],
    [
      32.45563166961074,
      58.24229792878032,
      0.9572257769906204,
      0.8796128761362599,
      114.70620508119464,
      133.8239059271291
    ],
    [
      85.80735496431589,
      34.678620140999556,
      0.3637850815682125,
      1.2480626644637716,
      114.70620508119464,
      133.8239059271291
    ],
    [
      192.95539924502373,
      64.4666656460613,
      0.45195468917953974,
      -1.2189081011005816,
      207.6271231509745,
      24.89747087005526
    ],
    [
      68.02344719879329,
      96.03310192842036,
      1.010418331933814,
      0.8179576972509573,
      114.70620508119464,
      133.8239059271291
    ],
    [
      26.231263952329755,
      100.03448117524385,
      1.2144469224936116,
      0.46380887491055595,
      114.70620508119464,
      133.8239059271291
    ],
    [
      240.08275482058525,
      4.4459769409149885,
      -1.099851018662234,
      0.6930568062919849,
      207.6271231509745,
      24.89747087005526
    ],
    [
      144.0496528930962,
      94.69930884521455,
      -0.7800000000079219,
      1.0399999999940586,
      114.70620508119464,
      133.8239059271291
    ],
    [
      69.80183797515929,
      224.96643322054297,
      1.0827539992242814,
      0.7194746535937349,
      85.77766851708293,
      235.58214570302516
    ],
    [
      97.36689501069486,
      160.94436526857316,
      0.7002602121610646,
      -1.0952787933965218,
      114.70620508119464,
      133.8239059271291
    ],
    [
      197.8459738790989,
      24.89747087005526,
      1.3,
      0.0,
      207.6271231509745,
      24.89747087005526
    ],
    [
      155.60919293947518,
      144.49425058625638,
      -1.2579024541125514,
      -0.3281484663039288,
      114.70620508119464,
      133.8239059271291
    ],
    [
      136.4914920926094,
      24.00827548187226,
      1.2998984494003167,
      0.016248730616653034,
      207.6271231509745,
      24.89747087005526
    ],
    [
      115.15080277435482,
      215.62988164369017,
      -1.0753697670267788,
      0.730465511961223,
      85.77766851708293,
      235.58214570302516
    ],
    [
      244.08413406834006,
      200.9581577386707,
      -0.14144383799213786,
      -1.2922823378403243,
      234.30298479646444,
      111.59402122162282
    ],
    [
      252.53149025514722,
      221.40965166781098,
      -0.2128766729991346,
      -1.2824521519701308,
      234.30298479646444,
      111.59402122162282
    ],
    [
      21.34068931825459,
      151.16321599762887,
      1.278145356898846,
      -0.2373698519987784,
      114.70620508119464,
      133.8239059271291
    ],
    [
      106.25884889252484,
      65.8004587283358,
      0.16020732256857337,
      1.2900905448050572,
      114.70620508119464,
      133.8239059271291
    ],
    [
      234.74758249148726,
      2.2229884704574943,
      -0.9973462097937691,
      0.8338468311446674,
      207.6271231509745,
      24.89747087005526
    ],
    [
      249.86390409059823,
      16.89471237640828,
      -1.277274899585633,
      0.24200998096878362,
      207.6271231509745,
      24.89747087005526
    ],
    [
      50.23953943513334,
      146.27264136262238,
      1.2764196409557038,
      -0.24648103412334169,
      114.70620508119464,
      133.8239059271291
    ],
    [
      55.1301140692085,
      184.50804305635393,
      0.6688941158052886,
      1.1147110216738063,
      85.77766851708293,
      235.58214570302516
    ],
    [
      126.26574512757361,
      221.40965166781098,
      -1.2270001083913933,
      0.4295005634542399,
      85.77766851708293,
      235.58214570302516
    ],
    [
      241.41654790192842,
      157.83218140993267,
      -0.197674339518455,
      -1.2848832069475975,
      234.30298479646444,
      111.59402122162282
    ],
    [
      76.91540108062327,
      82.69517110474408,
      0.7727083794276877,
      1.0454289838923716,
      114.70620508119464,
      133.8239059271291
    ],
    [
      268.092409549281,
      240.52735251467675,
      -0.32956044211485025,
      -1.2575332659588232,
      234.30298479646444,
      111.59402122162282
    ],
    [
      59.131493316963315,
