{
  "scene_id": "37_Millennium_Park_simplified_obstacle_anchored",
  "scene_index": 78,
  "scenario": "A violent altercation erupts near the west plaza; the crowd scatters to the far corners.",
  "category": "Violent",
  "crowd_size_label": "50-100",
  "crowd_size": 96,
  "ungrouped_agents": 41,
  "event_center_px": [
    218.0,
    330.0
  ],
  "event_center_m": [
    96.92229731567204,
    120.04137741029263
  ],
  "goal_location_raw": {
    "type": "gaussian_mixture_truncated_to_walkable",
    "components": [
      {
        "weight": 0.35,
        "mean_px": [
          760,
          700
        ],
        "sigma_px": [
          28,
          24
        ],
        "support_radius_px": 95
      },
      {
        "weight": 0.35,
        "mean_px": [
          220,
          700
        ],
        "sigma_px": [
          28,
          24
        ],
        "support_radius_px": 95
      },
      {
        "weight": 0.15,
        "mean_px": [
          600,
          120
        ],
        "sigma_px": [
          24,
          20
        ],
        "support_radius_px": 70
      },
      {
        "weight": 0.15,
        "mean_px": [
          760,
          60
        ],
        "sigma_px": [
          24,
          20
        ],
        "support_radius_px": 70
      }
    ]
  },
  "goals_px": [
    [
      117.0,
      576.0
    ],
    [
      431.0,
      397.0
    ],
    [
      580.0323173098765,
      124.40322999672262
    ],
    [
      581.0,
      257.0
    ]
  ],
  "goals_m": [
    [
      52.01793021149933,
      10.670344658195972
    ],
    [
      191.6216061618179,
      90.25333190429956
    ],
    [
      257.8810307867825,
      211.44922727067024
    ],
    [
      258.311260279268,
      152.49700907990336
    ]
  ],
  "initial_state": [
    [
      95.14390653930604,
      73.35861952789128,
      -0.7368098120938792,
      -1.071032819666224,
      52.01793021149933,
      10.670344658195972
    ],
    [
      61.35448178835213,
      170.72551453858614,
      1.1059877576098012,
      -0.6832211062439769,
      191.6216061618179,
      90.25333190429956
    ],
    [
      11.114942353218794,
      144.93884828034788,
      1.2993927643758396,
      0.0397296348801989,
      258.311260279268,
      152.49700907990336
    ],
    [
      263.646432608366,
      18.673103152774274,
      -0.038862036022742685,
      1.299419001768162,
      257.8810307867825,
      211.44922727067024
    ],
    [
      143.1604575049132,
      264.535627996549,
      1.1798048858431054,
      -0.5459491105778427,
      257.8810307867825,
      211.44922727067024
    ],
    [
      278.3181565143168,
      5.335172329097986,
      -0.9287147425027973,
      0.9096641836732737,
      191.6216061618179,
      90.25333190429956
    ],
    [
      140.0482736453414,
      246.30712253786623,
      1.2465974020638217,
      -0.3687748868452547,
      257.8810307867825,
      211.44922727067024
    ],
    [
      119.5967797152698,
      246.30712253786623,
      1.2605676258587912,
      -0.3177566059686726,
      257.8810307867825,
      211.44922727067024
    ],
    [
      66.2450564224273,
      90.69792959839106,
      -0.22754333512247524,
      -1.279931260123504,
      52.01793021149933,
      10.670344658195972
    ],
    [
      271.649191102013,
      15.116321600042284,
      -0.9477413212418845,
      0.8898237960465472,
      191.6216061618179,
      90.25333190429956
    ],
    [
      65.80045872926712,
      240.52735251467675,
      1.285354915595054,
      -0.19458350638127453,
      257.8810307867825,
      211.44922727067024
    ],
    [
      248.97470870241523,
      209.85011162050068,
      1.2795389514479214,
      0.22973913843216578,
      257.8810307867825,
      211.44922727067024
    ],
    [
      252.97608795017004,
      187.62022691499442,
      0.26209610806376155,
      1.273305002793058,
      257.8810307867825,
      211.44922727067024
    ],
    [
      92.47632037475705,
      27.56505703460425,
      -1.199609619443271,
      -0.500935885058328,
      52.01793021149933,
      10.670344658195972
    ],
    [
      72.9140218347311,
      24.89747087005526,
      -1.0745790218588744,
      -0.731628270217072,
      52.01793021149933,
      10.670344658195972
    ],
    [
      281.8749380670488,
      250.30850178468972,
      -0.6829880718156002,
      -1.1061316801166166,
      257.8810307867825,
      211.44922727067024
    ],
    [
      180.50666380859911,
      113.81700969208032,
      0.5546042784469516,
      -1.1757610702554906,
      191.6216061618179,
      90.25333190429956
    ],
    [
      249.86390409059823,
      56.46390715241432,
      -1.1244660317963469,
      0.652361972631895,
      191.6216061618179,
      90.25333190429956
    ],
    [
      273.8721795734018,
      25.786666258238256,
      -1.0231726897018674,
      0.801946162188115,
      191.6216061618179,
      90.25333190429956
    ],
    [
      27.565057035535574,
      144.93884828034788,
      0.23292373776630698,
      -1.2789630692029277,
      52.01793021149933,
      10.670344658195972
    ],
    [
      154.71999755129218,
      218.29746780917048,
      1.2971449909062465,
      -0.0861096543183966,
      257.8810307867825,
      211.44922727067024
    ],
    [
      247.64091562107205,
      172.05930762086064,
      0.6225077698619045,
      -1.1412642448011583,
      258.311260279268,
      152.49700907990336
    ],
    [
      3.556781552731991,
      11.55954004637897,
      1.299781218443444,
      -0.023849196667312052,
      52.01793021149933,
      10.670344658195972
    ],
    [
      83.58436649292707,
      257.42206489108503,
      1.2570098056795613,
      -0.331551426516961,
      257.8810307867825,
      211.44922727067024
    ],
    [
      220.96505397371948,
      57.79770023468882,
      -0.8718413746659593,
      0.9643093992182022,
      191.6216061618179,
      90.25333190429956
    ],
    [
      255.64367411471903,
      186.73103152681142,
      0.11718984890004569,
      1.2947071249185216,
      257.8810307867825,
      211.44922727067024
    ],
    [
      100.47907886840403,
      260.978846443817,
      1.2400555710172378,
      -0.39020786869194757,
      257.8810307867825,
      211.44922727067024
    ],
    [
      275.205972654745,
      136.9360897867009,
      -0.9562086367068127,
      0.8807184811773274,
      258.311260279268,
      152.49700907990336
    ],
    [
      73.8032172229141,
      82.25057341065258,
      -0.3785101005142854,
      -1.243676044558496,
      52.01793021149933,
      10.670344658195972
    ],
    [
      145.38344597443938,
      55.574711764231324,
      1.0400000000050276,
      0.7799999999932968,
      191.6216061618179,
      90.25333190429956
    ],
    [
      157.83218140900135,
      227.63401938509196,
      1.2833167702667836,
      -0.20760073976754442,
      257.8810307867825,
      211.44922727067024
    ],
    [
      247.64091562107205,
      37.34620630554855,
      -0.9451170983287068,
      0.8926105928380673,
      191.6216061618179,
      90.25333190429956
    ],
    [
      192.95539924502373,
      121.81976818665862,
      -0.054880608523982355,
      -1.2988410675706392,
      191.6216061618179,
      90.25333190429956
    ],
    [
      69.35724028199911,
      71.13563105743378,
      -0.3583508712935814,
      -1.2496338075784965,
      52.01793021149933,
      10.670344658195972
    ],
    [
      29.788045505061746,
      18.228505458682775,
      1.2308045682605977,
      -0.4184735532251039,
      52.01793021149933,
      10.670344658195972
    ],
    [
      84.47356188111007,
      229.41241016145796,
      1.293080635977555,
      -0.13394950115577808,
      257.8810307867825,
      211.44922727067024
    ],
    [
      117.37379124574363,
      109.81563044525683,
      1.257099336832019,
      -0.3312118013243157,
      191.6216061618179,
      90.25333190429956
    ],
    [
      194.73379002138972,
