{
  "scene_id": "37_Millennium_Park_simplified_obstacle_anchored",
  "scene_index": 80,
  "scenario": "Explosive device near the north promenade causes chaotic fleeing to the far south corners.",
  "category": "Violent",
  "crowd_size_label": "50-100",
  "crowd_size": 64,
  "ungrouped_agents": 31,
  "event_center_px": [
    600.0,
    120.0
  ],
  "event_center_m": [
    266.7586164679378,
    213.40689317323267
  ],
  "goal_location_raw": {
    "type": "gaussian_mixture_truncated_to_walkable",
    "components": [
      {
        "weight": 0.45,
        "mean_px": [
          760,
          700
        ],
        "sigma_px": [
          28,
          24
        ],
        "support_radius_px": 95
      },
      {
        "weight": 0.35,
        "mean_px": [
          220,
          700
        ],
        "sigma_px": [
          28,
          24
        ],
        "support_radius_px": 95
      },
      {
        "weight": 0.1,
        "mean_px": [
          220,
          90
        ],
        "sigma_px": [
          22,
          18
        ],
        "support_radius_px": 70
      },
      {
        "weight": 0.1,
        "mean_px": [
          760,
          60
        ],
        "sigma_px": [
          22,
          18
        ],
        "support_radius_px": 70
      }
    ]
  },
  "goals_px": [
    [
      404.0,
      439.0
    ],
    [
      213.0,
      378.0
    ],
    [
      226.82877492953472,
      92.85027688302947
    ],
    [
      325.0,
      203.0
    ]
  ],
  "goals_m": [
    [
      179.61746842041612,
      71.58022875152528
    ],
    [
      94.69930884614587,
      98.70068809296936
    ],
    [
      100.84755029156804,
      225.4775974676013
    ],
    [
      144.49425058625638,
      176.50528456270695
    ]
  ],
  "initial_state": [
    [
      223.63264013826847,
      70.24643566925079,
      -1.3493805918463435,
      0.040890320962445104,
      179.61746842041612,
      71.58022875152528
    ],
    [
      268.5370072443038,
      146.71723905671388,
      -1.3126801380773527,
      0.315231431010967,
      144.49425058625638,
      176.50528456270695
    ],
    [
      37.34620630554855,
      182.72965227998793,
      1.119889082212186,
      0.7538888801023317,
      100.84755029156804,
      225.4775974676013
    ],
    [
      70.24643567018211,
      40.45839016418904,
      0.5226023081571674,
      1.2447436794411937,
      94.69930884614587,
      98.70068809296936
    ],
    [
      26.675861647352576,
      62.688274869695306,
      1.1931136870657522,
      0.631648422570948,
      94.69930884614587,
      98.70068809296936
    ],
    [
      110.26022814027965,
      49.35034404601902,
      -0.4059721832278495,
      1.2875117810898715,
      94.69930884614587,
      98.70068809296936
    ],
    [
      122.70896357484162,
      264.0910303024575,
      -0.6651171155138166,
      -1.174784755881085,
      100.84755029156804,
      225.4775974676013
    ],
    [
      68.46804489381611,
      252.97608794923872,
      1.028995749736284,
      -0.873880854021109,
      100.84755029156804,
      225.4775974676013
    ],
    [
      190.28781308047473,
      54.240918681025505,
      -0.7075315247088713,
      1.1497387275129685,
      179.61746842041612,
      71.58022875152528
    ],
    [
      119.15218202210963,
      153.38620446808636,
      0.9973341334385057,
      0.9098486831767495,
      144.49425058625638,
      176.50528456270695
    ],
    [
      32.01103397645056,
      55.574711764231324,
      1.1122263896456708,
      0.7651486510317826,
      94.69930884614587,
      98.70068809296936
    ],
    [
      82.2505734115839,
      75.1370103051886,
      0.6306133946595099,
      1.1936610685098217,
      94.69930884614587,
      98.70068809296936
    ],
    [
      161.83356065675616,
      91.58712498657405,
      0.8968911823970691,
      -1.009002580243672,
      179.61746842041612,
      71.58022875152528
    ],
    [
      42.681378634646535,
      209.40551392640918,
      1.3012394186594043,
      0.35954968408682575,
      100.84755029156804,
      225.4775974676013
    ],
    [
      208.5163185391575,
      104.03586042206734,
      -0.897748124843597,
      -1.0082402017078103,
      179.61746842041612,
      71.58022875152528
    ],
    [
      207.6271231509745,
      102.70206733979285,
      -0.9031023877102153,
      -1.0034470974157572,
      179.61746842041612,
      71.58022875152528
    ],
    [
      164.94574451632798,
      21.340689317323267,
      0.37844034509066127,
      1.2958714848346888,
      179.61746842041612,
      71.58022875152528
    ],
    [
      11.55954004637897,
      101.36827425751835,
      1.3493056348838488,
      -0.04329322892432968,
      94.69930884614587,
      98.70068809296936
    ],
    [
      4.89057463593781,
      8.891953881829977,
      0.9545941545968897,
      0.954594154606789,
      94.69930884614587,
      98.70068809296936
    ],
    [
      81.3613780234009,
      93.81011345703155,
      1.2674830264183168,
      0.4647437764418849,
      94.69930884614587,
      98.70068809296936
    ],
    [
      184.06344536319375,
      55.130114070139825,
      -0.35222718408026643,
      1.3032405805509921,
      179.61746842041612,
      71.58022875152528
    ],
    [
      56.46390715241432,
      101.36827425751835,
      1.346726386129216,
      -0.09395765484164721,
      94.69930884614587,
      98.70068809296936
    ],
    [
      35.56781552918255,
      162.27815835084766,
      0.9194041341710029,
      -0.9885322645565336,
      94.69930884614587,
      98.70068809296936
    ],
    [
      265.424823384732,
      81.80597571656108,
      -1.340514748081092,
      -0.1597504622124351,
      179.61746842041612,
      71.58022875152528
    ],
    [
      188.95401999726892,
      9.781149270012975,
      -0.2016682899827888,
      1.3348520145751803,
      179.61746842041612,
      71.58022875152528
    ],
    [
      41.34758555330336,
      83.13976879883558,
      1.2959999999974663,
      0.3780000000086874,
      94.69930884614587,
      98.70068809296936
    ],
    [
      43.57057402282953,
      58.24229792878032,
      1.0586485039400175,
      0.8377131639801078,
      94.69930884614587,
      98.70068809296936
    ],
    [
      282.31953576020896,
      2.2229884704574943,
      -1.1187772414253077,
      0.7555378773223609,
      179.61746842041612,
      71.58022875152528
    ],
    [
      86.69655035249889,
      258.7558579733595,
      0.5282845724103725,
      -1.2423427105888254,
      100.84755029156804,
      225.4775974676013
    ],
    [
      158.27677910402417,
      0.8891953881829977,
      0.3901561990989435,
      1.2923924095663304,
      179.61746842041612,
      71.58022875152528
    ],
    [
      45.79356249421835,
      133.8239059271291,
      1.0965159370803403,
      -0.7874978093485872,
      94.69930884614587,
      98.70068809296936
    ],
    [
      250.75309947878122,
      15.560919294133782,
      -1.0606090248232722,
      0.8352296070323584,
      179.61746842041612,
      71.58022875152528
    ],
    [
      137.3806874807924,
      58.24229792878032,
      1.2873365979336655,
      0.40652734670693036,
      179.61746842041612,
      71.58022875152528
    ],
    [
      252.08689256198704,
      38.679999387823045,
      -1.2292528813459156,
      0.5580657252535441,
      179.61746842041612,
      71.58022875152528
    ],
    [
      90.69792959839106,
      237.85976635012776,
      0.8558179671633024,
      -1.0440668594876827,
      100.84755029156804,
      225.4775974676013
    ],
    [
      64.4666656460613,
      232.96919171418995,
      1.3222568706500932,
      -0.272280678746441,
      100.84755029156804,
      225.4775974676013
    ],
    [
      259.200455667451,
      105.81425119843334,
      -1.240127964759072,
      -0.5334628675198698,
      179.61746842041612,
      71.58022875152528
    ],
    [
      242.30574329011142,
      218.74206550326198,
