{
  "scene_id": "37_Millennium_Park_simplified_obstacle_anchored",
  "scene_index": 81,
  "scenario": "A violent clash breaks out near the east corridor; the crowd retreats off the central paths to remote edges.",
  "category": "Violent",
  "crowd_size_label": "0-50",
  "crowd_size": 47,
  "ungrouped_agents": 37,
  "event_center_px": [
    639.0,
    380.0
  ],
  "event_center_m": [
    284.0979265384376,
    97.81149270478636
  ],
  "goal_location_raw": {
    "type": "gaussian_mixture_truncated_to_walkable",
    "components": [
      {
        "weight": 0.45,
        "mean_px": [
          220,
          700
        ],
        "sigma_px": [
          24,
          20
        ],
        "support_radius_px": 95
      },
      {
        "weight": 0.35,
        "mean_px": [
          620,
          700
        ],
        "sigma_px": [
          24,
          20
        ],
        "support_radius_px": 95
      },
      {
        "weight": 0.1,
        "mean_px": [
          220,
          90
        ],
        "sigma_px": [
          20,
          16
        ],
        "support_radius_px": 70
      },
      {
        "weight": 0.1,
        "mean_px": [
          600,
          120
        ],
        "sigma_px": [
          20,
          16
        ],
        "support_radius_px": 70
      }
    ]
  },
  "goals_px": [
    [
      73.0,
      30.0
    ],
    [
      356.0,
      103.0
    ],
    [
      200.97741930225334,
      80.61362140534418
    ],
    [
      602.0493688850692,
      127.76179501275733
    ]
  ],
  "goals_m": [
    [
      32.45563166961074,
      253.42068564333022
    ],
    [
      158.27677910402417,
      220.96505397371948
    ],
    [
      89.35409719124436,
      230.91798627655953
    ],
    [
      267.6697611473501,
      209.9560170089826
    ]
  ],
  "initial_state": [
    [
      158.27677910402417,
      71.58022875152528,
      0.0,
      1.3,
      158.27677910402417,
      220.96505397371948
    ],
    [
      36.01241322234273,
      17.783907764591277,
      0.3156202133443523,
      1.2611042307947689,
      89.35409719124436,
      230.91798627655953
    ],
    [
      132.4901128448546,
      12.893333128653467,
      0.7353753767514409,
      1.0720182159215748,
      267.6697611473501,
      209.9560170089826
    ],
    [
      201.40275543183088,
      25.786666258238256,
      -0.7747706689820065,
      1.0439015329451211,
      32.45563166961074,
      253.42068564333022
    ],
    [
      52.01793021149933,
      259.6450533615425,
      -1.238803514011044,
      -0.39416475447950566,
      32.45563166961074,
      253.42068564333022
    ],
    [
      268.5370072443038,
      12.448735434561968,
      -0.005708189837838801,
      1.2999874678506615,
      267.6697611473501,
      209.9560170089826
    ],
    [
      170.72551453858614,
      85.36275726929307,
      -0.11884451165292641,
      1.294556287710186,
      158.27677910402417,
      220.96505397371948
    ],
    [
      278.762754207477,
      130.7117220684886,
      -0.18022294561605162,
      1.287446965848875,
      267.6697611473501,
      209.9560170089826
    ],
    [
      248.08551331423223,
      38.679999387823045,
      0.14768385786248836,
      1.2915840964206908,
      267.6697611473501,
      209.9560170089826
    ],
    [
      36.45701091736555,
      231.19080093782395,
      -0.23029889785241905,
      1.2794383211581406,
      32.45563166961074,
      253.42068564333022
    ],
    [
      233.85838710330427,
      68.02344719879329,
      0.3012576577418723,
      1.2646121237960204,
      267.6697611473501,
      209.9560170089826
    ],
    [
      265.86942107975483,
      81.80597571656108,
      0.018261493613305244,
      1.2998717313069823,
      267.6697611473501,
      209.9560170089826
    ],
    [
      93.81011345796287,
      238.74896173831075,
      -0.6429318004340664,
      -1.12988437461123,
      89.35409719124436,
      230.91798627655953
    ],
    [
      222.2988470569253,
      130.2671243743971,
      0.6432100936459855,
      1.1297259736024143,
      267.6697611473501,
      209.9560170089826
    ],
    [
      106.70344658754766,
      79.58298724610358,
      0.4454992041840238,
      1.2212823011373748,
      158.27677910402417,
      220.96505397371948
    ],
    [
      69.80183797515929,
      202.7365485150367,
      0.7410495285052788,
      1.0681037385488847,
      89.35409719124436,
      230.91798627655953
    ],
    [
      223.1880424451083,
      112.92781430389732,
      0.5417563922412336,
      1.1817360159806263,
      267.6697611473501,
      209.9560170089826
    ],
    [
      242.75034098513424,
      151.16321599762887,
      0.5073182920244872,
      1.1969244548330347,
      267.6697611473501,
      209.9560170089826
    ],
    [
      259.6450533606112,
      20.45149392914027,
      0.05500016188442183,
      1.2988360105081347,
      267.6697611473501,
      209.9560170089826
    ],
    [
      139.60367595031857,
      201.8473531268537,
      0.9083613810614438,
      0.9299890329440162,
      158.27677910402417,
      220.96505397371948
    ],
    [
      212.9622954800725,
      57.79770023468882,
      0.43984040866868834,
      1.223331686380338,
      267.6697611473501,
      209.9560170089826
    ],
    [
      12.004137741401792,
      68.46804489288479,
      0.5588715104292193,
      1.1737387421528536,
      89.35409719124436,
      230.91798627655953
    ],
    [
      256.53286950290203,
      228.07861707918346,
      0.680640420086193,
      -1.1075778160223735,
      267.6697611473501,
      209.9560170089826
    ],
    [
      177.39447995088995,
      13.337930822744966,
      -0.11919599742585675,
      1.2945239720444173,
      158.27677910402417,
      220.96505397371948
    ],
    [
      251.64229486696422,
      145.82804366853088,
      0.315212515446332,
      1.2612061965063428,
      267.6697611473501,
      209.9560170089826
    ],
    [
      44.90436710603535,
      232.07999632600695,
      -0.6550323332331098,
      1.1229125711377483,
      32.45563166961074,
      253.42068564333022
    ],
    [
      270.75999571383,
      56.46390715241432,
      -0.02616741027722224,
      1.2997366143336055,
      267.6697611473501,
      209.9560170089826
    ],
    [
      100.47907886840403,
      44.01517171692103,
      0.40363683466216327,
      1.2357496937907408,
      158.27677910402417,
      220.96505397371948
    ],
    [
      25.342068564146757,
      140.0482736453414,
      0.7486628816775591,
      1.062781204951543,
      89.35409719124436,
      230.91798627655953
    ],
    [
      250.75309947878122,
      76.91540108155459,
      0.1639800353579261,
      1.289616434450187,
      267.6697611473501,
      209.9560170089826
    ],
    [
      71.1356310583651,
      184.95264075044543,
      0.4790050707633069,
      1.2085338812722792,
      89.35409719124436,
      230.91798627655953
    ],
    [
      66.68965411745012,
      61.79907948151231,
      0.17267556661757527,
      1.2884809461894653,
      89.35409719124436,
      230.91798627655953
    ],
    [
      244.52873176150024,
      250.30850178468972,
      0.6467172279972713,
      -1.1277219635227143,
      267.6697611473501,
      209.9560170089826
    ],
    [
      238.30436404421926,
      79.58298724610358,
      0.2856571826215122,
      1.268227098755085,
      267.6697611473501,
      209.9560170089826
    ],
    [
      165.83493990451097,
      109.37103275116533,
      -0.08784655319036777,
      1.2970285205393797,
      158.27677910402417,
      220.96505397371948
    ],
    [
      256.0882718078792,
      245.86252484377474,
      0.3990644419437155,
      -1.2372338385188755,
      267.6697611473501,
      209.9560170089826
    ],
    [
      66.2450564224273,
      30.677240893244743,
      0.14903895893896907,
      1.2914284295764857,
      89.35409719124436,
      230.91798627655953
    ],
    [
      88.91953882202506,
