{
  "scene_id": "37_Millennium_Park_simplified_obstacle_anchored",
  "scene_index": 82,
  "scenario": "A device explosion near the west plaza prompts rapid evacuation away from mid-park.",
  "category": "Violent",
  "crowd_size_label": "50-100",
  "crowd_size": 72,
  "ungrouped_agents": 44,
  "event_center_px": [
    218.0,
    330.0
  ],
  "event_center_m": [
    96.92229731567204,
    120.04137741029263
  ],
  "goal_location_raw": {
    "type": "gaussian_mixture_truncated_to_walkable",
    "components": [
      {
        "weight": 0.4,
        "mean_px": [
          760,
          700
        ],
        "sigma_px": [
          28,
          24
        ],
        "support_radius_px": 95
      },
      {
        "weight": 0.3,
        "mean_px": [
          220,
          700
        ],
        "sigma_px": [
          28,
          24
        ],
        "support_radius_px": 95
      },
      {
        "weight": 0.15,
        "mean_px": [
          600,
          120
        ],
        "sigma_px": [
          22,
          18
        ],
        "support_radius_px": 70
      },
      {
        "weight": 0.15,
        "mean_px": [
          220,
          90
        ],
        "sigma_px": [
          22,
          18
        ],
        "support_radius_px": 70
      }
    ]
  },
  "goals_px": [
    [
      94.0,
      353.0
    ],
    [
      116.0,
      465.0
    ],
    [
      599.1757400395438,
      111.63674547259428
    ],
    [
      201.99242224796123,
      89.68268479603505
    ]
  ],
  "goals_m": [
    [
      41.79218324646354,
      109.81563044525683
    ],
    [
      51.57333251647651,
      60.02068870514631
    ],
    [
      266.39215238951147,
      217.12517685163766
    ],
    [
      89.80536516010761,
      226.88590160477906
    ]
  ],
  "initial_state": [
    [
      274.7613749615848,
      142.2712621157989,
      -0.15556107180900725,
      1.391330569252912,
      266.39215238951147,
      217.12517685163766
    ],
    [
      230.30160555057228,
      103.14666503388435,
      -1.3609417144876197,
      -0.328386433592343,
      51.57333251647651,
      60.02068870514631
    ],
    [
      139.60367595031857,
      186.28643383271992,
      -1.0850828139536077,
      0.8846441583272451,
      89.80536516010761,
      226.88590160477906
    ],
    [
      202.29195082187653,
      88.03034343384206,
      -1.3872788935215652,
      0.18830101324629558,
      41.79218324646354,
      109.81563044525683
    ],
    [
      283.2087311502546,
      1.3337930822744966,
      -0.10877192708388503,
      1.3957681282643108,
      266.39215238951147,
      217.12517685163766
    ],
    [
      144.0496528930962,
      40.45839016418904,
      -1.3696895843672694,
      0.28974202745859323,
      51.57333251647651,
      60.02068870514631
    ],
    [
      218.29746780917048,
      88.47494112793356,
      0.4902396479351994,
      1.3113600144858661,
      266.39215238951147,
      217.12517685163766
    ],
    [
      88.47494112886488,
      198.2905715741217,
      0.06506590295055399,
      1.398487192745514,
      89.80536516010761,
      226.88590160477906
    ],
    [
      174.28229609131813,
      262.757237220183,
      -1.2886354269773141,
      -0.5471916815330761,
      89.80536516010761,
      226.88590160477906
    ],
    [
      116.92919355072081,
      55.574711764231324,
      -1.3967718090228733,
      0.09501849040565724,
      51.57333251647651,
      60.02068870514631
    ],
    [
      20.00689623504877,
      213.85149086732417,
      1.3762092699121613,
      0.25699814281009187,
      89.80536516010761,
      226.88590160477906
    ],
    [
      182.28505458682775,
      99.14528578706086,
      -1.3412076535152024,
      -0.40144990989193646,
      51.57333251647651,
      60.02068870514631
    ],
    [
      145.38344597443938,
      96.92229731660336,
      -1.3028268160069907,
      -0.5124863778609989,
      51.57333251647651,
      60.02068870514631
    ],
    [
      15.116321599110961,
      169.39172145631164,
      0.5721306293624089,
      -1.2777584055467506,
      41.79218324646354,
      109.81563044525683
    ],
    [
      169.83631915040314,
      99.14528578706086,
      -1.329152596282194,
      -0.43971965591306367,
      51.57333251647651,
      60.02068870514631
    ],
    [
      240.52735251374543,
      169.39172145631164,
      0.6669793905135855,
      1.2309096200087666,
      266.39215238951147,
      217.12517685163766
    ],
    [
      182.28505458682775,
      98.25609039887786,
      -1.343692457780193,
      -0.3930528958099973,
      51.57333251647651,
      60.02068870514631
    ],
    [
      36.01241322234273,
      225.85562860872597,
      1.3997432961050393,
      0.026808674137307444,
      89.80536516010761,
      226.88590160477906
    ],
    [
      81.80597571656108,
      16.00551698822528,
      -0.7926455713303225,
      1.15399869941453,
      51.57333251647651,
      60.02068870514631
    ],
    [
      149.82942291535437,
      257.8666625851765,
      -1.2440638335005112,
      -0.6421099424366612,
      89.80536516010761,
      226.88590160477906
    ],
    [
      184.95264075137675,
      2.2229884704574943,
      -1.284577875435421,
      0.5566504126844966,
      51.57333251647651,
      60.02068870514631
    ],
    [
      124.93195204623044,
      208.9609162323177,
      -1.2470198006672186,
      0.6363502311965398,
      89.80536516010761,
      226.88590160477906
    ],
    [
      197.40137618593872,
      132.4901128448546,
      0.8845645900346071,
      1.0851476793768242,
      266.39215238951147,
      217.12517685163766
    ],
    [
      184.95264075137675,
      99.58988348115236,
      -1.3421818770399678,
      -0.3981806235183583,
      51.57333251647651,
      60.02068870514631
    ],
    [
      106.25884889252484,
      32.90022936370224,
      -1.2542308241313789,
      0.622016912791543,
      51.57333251647651,
      60.02068870514631
    ],
    [
      141.8266644217074,
      265.8694210788235,
      -1.1203354082119952,
      -0.8395526029418655,
      89.80536516010761,
      226.88590160477906
    ],
    [
      156.94298602081835,
      146.71723905671388,
      -0.8988661442214066,
      1.0733311021173946,
      89.80536516010761,
      226.88590160477906
    ],
    [
      247.19631792604923,
      88.03034343384206,
      0.205909920190989,
      1.3847747487468642,
      266.39215238951147,
      217.12517685163766
    ],
    [
      148.4956298340112,
      108.92643505707383,
      -1.3999513914205761,
      0.01166626159456052,
      41.79218324646354,
      109.81563044525683
    ],
    [
      112.03861891664565,
      129.3779289862141,
      -1.348680203000046,
      -0.37558182868152007,
      41.79218324646354,
      109.81563044525683
    ],
    [
      125.82114743441343,
      74.24781491607428,
      -1.3749848997607264,
      -0.26347016041666893,
      51.57333251647651,
      60.02068870514631
    ],
    [
      159.61057218536735,
      14.671723905950785,
      -1.2908887156916713,
      0.5418545226349111,
      51.57333251647651,
      60.02068870514631
    ],
    [
      224.9664332214743,
      81.36137802246958,
      0.40858574139846154,
      1.3390510415685692,
      266.39215238951147,
      217.12517685163766
    ],
    [
      275.6505703497678,
      202.7365485150367,
      -0.7575576316832907,
      1.1773302147988916,
      266.39215238951147,
      217.12517685163766
    ],
    [
      221.40965166687965,
      90.25333190429956,
      0.4678362264010814,
      1.3195185732936068,
      266.39215238951147,
      217.12517685163766
    ],
    [
      258.311260279268,
      264.0910303024575,
      0.2373941215252431,
      -1.3797260710247008,
      266.39215238951147,
      217.12517685163766
    ],
    [
      240.52735251374543,
      58.686895622871816,
      0.22556193926105506,
      1.3817097421516547,
      266.39215238951147,
      217.12517685163766
    ],
    [
