{
  "scene_id": "37_Millennium_Park_simplified_obstacle_anchored",
  "scene_index": 84,
  "scenario": "An explosive confrontation erupts near the east corridor; people rush away toward north-west and southern corners.",
  "category": "Violent",
  "crowd_size_label": "50-100",
  "crowd_size": 80,
  "ungrouped_agents": 44,
  "event_center_px": [
    639.0,
    380.0
  ],
  "event_center_m": [
    284.0979265384376,
    97.81149270478636
  ],
  "goal_location_raw": {
    "type": "gaussian_mixture_truncated_to_walkable",
    "components": [
      {
        "weight": 0.4,
        "mean_px": [
          220,
          700
        ],
        "sigma_px": [
          24,
          20
        ],
        "support_radius_px": 95
      },
      {
        "weight": 0.3,
        "mean_px": [
          620,
          700
        ],
        "sigma_px": [
          24,
          20
        ],
        "support_radius_px": 95
      },
      {
        "weight": 0.15,
        "mean_px": [
          220,
          90
        ],
        "sigma_px": [
          20,
          16
        ],
        "support_radius_px": 70
      },
      {
        "weight": 0.15,
        "mean_px": [
          600,
          120
        ],
        "sigma_px": [
          20,
          16
        ],
        "support_radius_px": 70
      }
    ]
  },
  "goals_px": [
    [
      189.0,
      172.0
    ],
    [
      199.0,
      531.0
    ],
    [
      229.06838740030517,
      108.50033204906784
    ],
    [
      571.692220967488,
      88.04070815702765
    ]
  ],
  "goals_m": [
    [
      84.0289641879499,
      190.2878130795434
    ],
    [
      88.47494112886488,
      30.677240893244743
    ],
    [
      101.84327683225274,
      218.51961902715266
    ],
    [
      254.17304318398237,
      227.6159206321463
    ]
  ],
  "initial_state": [
    [
      20.451493930071592,
      41.34758555237204,
      1.3336913606226255,
      -0.20920648795047098,
      88.47494112886488,
      30.677240893244743
    ],
    [
      101.81287195160985,
      122.70896357484162,
      -0.3435659540142348,
      1.3055506253080686,
      84.0289641879499,
      190.2878130795434
    ],
    [
      222.74344475008547,
      10.225746964104474,
      0.19317039217084075,
      1.336108228995153,
      254.17304318398237,
      227.6159206321463
    ],
    [
      102.25746964663267,
      120.93057279847562,
      -0.005729692878616731,
      1.3499878409154344,
      101.84327683225274,
      218.51961902715266
    ],
    [
      155.16459524445236,
      127.1549405157566,
      -1.0096986199809956,
      0.8961075252493271,
      84.0289641879499,
      190.2878130795434
    ],
    [
      37.790803998708725,
      36.90160861145705,
      1.339933664621949,
      -0.16455325707136248,
      88.47494112886488,
      30.677240893244743
    ],
    [
      21.785287011414766,
      211.62850239686668,
      1.2770270270292043,
      -0.43783783783148733,
      84.0289641879499,
      190.2878130795434
    ],
    [
      29.788045505061746,
      85.36275726929307,
      0.9876707462075551,
      -0.9203295589547319,
      88.47494112886488,
      30.677240893244743
    ],
    [
      196.9567784909159,
      105.81425119843334,
      -1.1097956931668693,
      -0.7686699678199148,
      88.47494112886488,
      30.677240893244743
    ],
    [
      107.59264197573066,
      78.24919416382909,
      -0.5033951879896774,
      -1.2526345375682557,
      88.47494112886488,
      30.677240893244743
    ],
    [
      23.56367778778076,
      32.01103397551924,
      1.349715093031295,
      -0.027733871773023996,
      88.47494112886488,
      30.677240893244743
    ],
    [
      279.65194959565997,
      166.72413529176265,
      -0.5211005839674124,
      1.2453731093085405,
      254.17304318398237,
      227.6159206321463
    ],
    [
      134.7131013162434,
      149.82942291535437,
      -1.055075219830928,
      0.842209166714967,
      84.0289641879499,
      190.2878130795434
    ],
    [
      256.9774671960622,
      82.25057341065258,
      -0.026039686440509326,
      1.3497488413516348,
      254.17304318398237,
      227.6159206321463
    ],
    [
      36.45701091736555,
      117.37379124574363,
      0.7376717893562392,
      1.1306371350649882,
      84.0289641879499,
      190.2878130795434
    ],
    [
      73.35861952789128,
      8.891953881829977,
      0.7696100901203011,
      1.1091439533194158,
      88.47494112886488,
      30.677240893244743
    ],
    [
      88.47494112886488,
      215.18528394959867,
      1.3098708287403644,
      0.32670845109214813,
      101.84327683225274,
      218.51961902715266
    ],
    [
      17.783907763659954,
      17.339310070499778,
      1.3265932325634395,
      0.2503006099011421,
      88.47494112886488,
      30.677240893244743
    ],
    [
      255.1990764196962,
      264.9802256906405,
      -0.037057371099916546,
      -1.3494912935055057,
      254.17304318398237,
      227.6159206321463
    ],
    [
      149.82942291535437,
      247.64091562014073,
      -1.1541034156857832,
      -0.7003893959094527,
      101.84327683225274,
      218.51961902715266
    ],
    [
      196.0675831027329,
      54.685516375117004,
      -1.317595809905937,
      -0.2940089823769303,
      88.47494112886488,
      30.677240893244743
    ],
    [
      40.45839016512036,
      46.682757881470025,
      1.2807224523657097,
      -0.4269074841301834,
      88.47494112886488,
      30.677240893244743
    ],
    [
      54.68551637604833,
      244.08413406740874,
      1.1868256161518451,
      -0.6433855429256969,
      101.84327683225274,
      218.51961902715266
    ],
    [
      60.90988409332931,
      198.7351692682132,
      1.2680076471130637,
      -0.4633104864589102,
      84.0289641879499,
      190.2878130795434
    ],
    [
      45.34896479919553,
      176.94988225679845,
      1.2762535252052642,
      0.44008742245278515,
      84.0289641879499,
      190.2878130795434
    ],
    [
      256.9774671960622,
      243.19493867922574,
      -0.23917313233385082,
      -1.3286445020281439,
      254.17304318398237,
      227.6159206321463
    ],
    [
      124.48735435120761,
      116.92919355165213,
      -0.6519650070413644,
      1.182134353444461,
      84.0289641879499,
      190.2878130795434
    ],
    [
      268.092409549281,
      87.14114804565907,
      -0.1331169165572829,
      1.3434209640043142,
      254.17304318398237,
      227.6159206321463
    ],
    [
      140.49287133850157,
      144.0496528921649,
      -1.0444758323263974,
      0.8553187918466889,
      84.0289641879499,
      190.2878130795434
    ],
    [
      213.40689317323267,
      14.227126210927963,
      -1.3384470810681803,
      0.1762368042721727,
      88.47494112886488,
      30.677240893244743
    ],
    [
      45.79356249421835,
      261.4234441379085,
      1.0719927700489578,
      -0.8205677918141575,
      101.84327683225274,
      218.51961902715266
    ],
    [
      117.81838893890381,
      153.38620446808636,
      -0.9116849040893515,
      0.9956558821478382,
      84.0289641879499,
      190.2878130795434
    ],
    [
      27.120459340512753,
      3.556781552731991,
      1.2347499793658656,
      0.5457952807197904,
      88.47494112886488,
      30.677240893244743
    ],
    [
      259.6450533606112,
      96.92229731660336,
      -0.056473660405281095,
      1.3488182700721507,
      254.17304318398237,
      227.6159206321463
    ],
    [
      159.16597449220717,
      132.9347105389461,
      -1.0731035896367926,
      0.819114574347588,
      84.0289641879499,
      190.2878130795434
    ],
    [
      155.60919293947518,
      184.06344536226243,
      -1.1366247814553516,
      0.7284120442315422,
      101.84327683225274,
      218.51961902715266
    ],
    [
      162.72275604493916,
      114.26160738617182,
      -0.9709083766081154,
      0.9379962282611771,
      84.0289641879499,
