{
  "scene_id": "37_Millennium_Park_simplified_obstacle_anchored",
  "scene_index": 85,
  "scenario": "A violent device goes off near mid-park; visitors flee toward distant edges and corners.",
  "category": "Violent",
  "crowd_size_label": "0-50",
  "crowd_size": 48,
  "ungrouped_agents": 25,
  "event_center_px": [
    360.0,
    260.0
  ],
  "event_center_m": [
    160.05516988039017,
    151.16321599762887
  ],
  "goal_location_raw": {
    "type": "gaussian_mixture_truncated_to_walkable",
    "components": [
      {
        "weight": 0.45,
        "mean_px": [
          760,
          700
        ],
        "sigma_px": [
          24,
          20
        ],
        "support_radius_px": 95
      },
      {
        "weight": 0.35,
        "mean_px": [
          220,
          700
        ],
        "sigma_px": [
          24,
          20
        ],
        "support_radius_px": 95
      },
      {
        "weight": 0.1,
        "mean_px": [
          760,
          60
        ],
        "sigma_px": [
          20,
          16
        ],
        "support_radius_px": 70
      },
      {
        "weight": 0.1,
        "mean_px": [
          220,
          90
        ],
        "sigma_px": [
          20,
          16
        ],
        "support_radius_px": 70
      }
    ]
  },
  "goals_px": [
    [
      611.0,
      228.0
    ],
    [
      244.0,
      187.0
    ],
    [
      29.0,
      146.0
    ],
    [
      214.9692994850148,
      63.12366090742489
    ]
  ],
  "goals_m": [
    [
      271.649191102013,
      165.39034220948815
    ],
    [
      108.48183736391366,
      183.61884766817093
    ],
    [
      12.89333312958479,
      201.8473531268537
    ],
    [
      95.57485485635698,
      238.6939823832363
    ]
  ],
  "initial_state": [
    [
      169.83631915040314,
      45.79356249328703,
      -0.5286908357945491,
      1.1876388340513548,
      108.48183736391366,
      183.61884766817093
    ],
    [
      55.574711764231324,
      102.70206733979285,
      -0.5140331165943302,
      1.1940560937595521,
      12.89333312958479,
      201.8473531268537
    ],
    [
      106.25884889252484,
      150.27402060944587,
      -0.1559477590336057,
      1.2906123726558631,
      95.57485485635698,
      238.6939823832363
    ],
    [
      134.2685036212206,
      58.686895622871816,
      1.0266943839855935,
      0.7974325312479058,
      271.649191102013,
      165.39034220948815
    ],
    [
      153.38620446808636,
      222.29884705599397,
      -0.9849654847595172,
      -0.8484356156081906,
      108.48183736391366,
      183.61884766817093
    ],
    [
      41.79218324646354,
      139.1590782571584,
      -0.5442446052282282,
      1.1805921436634967,
      12.89333312958479,
      201.8473531268537
    ],
    [
      200.51356004364789,
      97.81149270478636,
      0.9424992636776672,
      0.8953743004839123,
      271.649191102013,
      165.39034220948815
    ],
    [
      263.20183491520584,
      172.94850300904363,
      0.968813707535139,
      -0.8668333173638506,
      271.649191102013,
      165.39034220948815
    ],
    [
      125.82114743441343,
      85.80735496338457,
      -0.2269166279212066,
      1.2800425164707885,
      108.48183736391366,
      183.61884766817093
    ],
    [
      102.70206733979285,
      0.44459769409149885,
      0.04099901290231906,
      1.2993533318312749,
      108.48183736391366,
      183.61884766817093
    ],
    [
      24.45287317596376,
      16.89471237640828,
      -0.08109177199807399,
      1.297468352027984,
      12.89333312958479,
      201.8473531268537
    ],
    [
      252.53149025514722,
      92.92091806884855,
      0.3316004054742702,
      1.2569968858709635,
      271.649191102013,
      165.39034220948815
    ],
    [
      215.18528394959867,
      43.125976328738034,
      0.5450477737416026,
      1.180221557310034,
      271.649191102013,
      165.39034220948815
    ],
    [
      81.3613780234009,
      229.85700785554945,
      1.1040162415910304,
      0.6864023151936592,
      95.57485485635698,
      238.6939823832363
    ],
    [
      171.61470992676914,
      106.25884889252484,
      -0.8219476492631406,
      1.007175288552493,
      108.48183736391366,
      183.61884766817093
    ],
    [
      139.1590782571584,
      221.40965166781098,
      -1.2084424212908458,
      0.4792357607949539,
      95.57485485635698,
      238.6939823832363
    ],
    [
      67.57884950563312,
      50.239539434202015,
      0.3811469443328698,
      1.242870470654813,
      108.48183736391366,
      183.61884766817093
    ],
    [
      196.0675831027329,
      104.03586042206734,
      1.009311313496407,
      0.8193233015410694,
      271.649191102013,
      165.39034220948815
    ],
    [
      272.9829841852188,
      58.686895622871816,
      -0.016248730628138752,
      1.299898449400173,
      271.649191102013,
      165.39034220948815
    ],
    [
      272.0937887970358,
      150.71861830353737,
      -0.03937586471290975,
      1.2994035328865743,
      271.649191102013,
      165.39034220948815
    ],
    [
      94.69930884614587,
      29.788045505061746,
      0.11600929660452747,
      1.2948134394967186,
      108.48183736391366,
      183.61884766817093
    ],
    [
      84.47356188111007,
      77.80459646973759,
      0.28764694613326,
      1.2677772810632826,
      108.48183736391366,
      183.61884766817093
    ],
    [
      122.26436588168144,
      124.93195204529911,
      -0.2972167144756348,
      1.265567945483888,
      108.48183736391366,
      183.61884766817093
    ],
    [
      268.092409549281,
      180.50666380953044,
      0.2977511338258293,
      -1.2654423188377388,
      271.649191102013,
      165.39034220948815
    ],
    [
      280.54114498384297,
      189.8432153854519,
      -0.4442659819977714,
      -1.2217314505404027,
      271.649191102013,
      165.39034220948815
    ],
    [
      131.15631976351142,
      12.004137740470469,
      -0.17028179708809862,
      1.2887994838532673,
      108.48183736391366,
      183.61884766817093
    ],
    [
      215.6298816446215,
      266.7586164670065,
      0.6287919451910482,
      -1.1378139960744278,
      271.649191102013,
      165.39034220948815
    ],
    [
      64.91126334108412,
      5.335172329097986,
      0.3086229805546887,
      1.2628348490097747,
      108.48183736391366,
      183.61884766817093
    ],
    [
      147.6064344458282,
      185.39723844453692,
      -1.298659102273517,
      -0.059029959191440474,
      108.48183736391366,
      183.61884766817093
    ],
    [
      231.63539863191545,
      54.685516375117004,
      0.44189974922696607,
      1.222589306199406,
      271.649191102013,
      165.39034220948815
    ],
    [
      272.538386490196,
      152.94160677399486,
      -0.09262116497738848,
      1.296696309780448,
      271.649191102013,
      165.39034220948815
    ],
    [
      98.25609039887786,
      68.46804489288479,
      0.11499149503128227,
      1.294904226601516,
      108.48183736391366,
      183.61884766817093
    ],
    [
      118.7075843270868,
      110.70482583343983,
      -0.18055015688793805,
      1.2874011188622374,
      108.48183736391366,
      183.61884766817093
    ],
    [
      159.16597449220717,
      148.94022752717137,
      -1.0728994396189784,
      0.7340890902780681,
      108.48183736391366,
      183.61884766817093
    ],
    [
      146.7172390576452,
      48.90574635192752,
      -0.3549564096043231,
      1.250602233838085,
      108.48183736391366,
      183.61884766817093
    ],
    [
      38.235401693731546,
      260.978846443817,
      1.2117046441875352,
      -0.47092659221407157,
      95.57485485635698,
      238.6939823832363
    ],
    [
      276.984363431111,
      211.18390470277518,
      -0.15043877051909502,
      -1.2912661136747543,
      271.649191102013,
      165.39034220948815
    ],
    [
      98.70068809203804,
