{"width": 720, "height": 576, "length": 19107, "num_agents": 575, "fps": 25, "sim_fps": 5, "population_probability": {"0": -2.220446049250313e-16, "3": 0.0007327157586224944, "4": 0.005390694509865494, "5": 0.023237556916313393, "6": 0.04762652431046213, "7": 0.10127178520960904, "8": 0.10137645888941225, "9": 0.14073376249542052, "10": 0.10896530067514523, "11": 0.07400429162087194, "12": 0.07180614434500444, "13": 0.07117810226618516, "14": 0.059454650128225255, "15": 0.04914429266760873, "16": 0.04254985084000628, "17": 0.02135343067985555, "18": 0.013084209975401686, "19": 0.019364630763594494, "20": 0.01585806249018684, "21": 0.014183283613335427, "22": 0.008949599623174752, "23": 0.008897262783273146, "24": 0.0008373894384257079}}