{
  "scene_id": "22_Hong_Kong_International_Airport_simplified_obstacle",
  "scene_index": 2,
  "scenario": "An inter-terminal subway is functional within the airport, and passengers form an orderly and ambulatory group moving toward the waiting area to board the subway.",
  "category": "Ambulatory",
  "crowd_size_label": "50-100",
  "crowd_size": 75,
  "ungrouped_agents": 43,
  "event_center_px": [
    373.9541667707304,
    321.43733163977066
  ],
  "event_center_m": [
    206.59056689962745,
    153.89163883496076
  ],
  "goal_location_raw": {
    "type": "gaussian_truncated_to_walkable",
    "mean_px": [
      400,
      100
    ],
    "sigma_px": [
      30,
      30
    ],
    "support_radius_px": 60
  },
  "goals_px": [
    [
      384.56953333245485,
      103.61776396033123
    ]
  ],
  "goals_m": [
    [
      212.45501444488764,
      274.22581870807335
    ]
  ],
  "initial_state": [
    [
      167.39201574027538,
      197.77670506667346,
      0.7616968910294422,
      1.2922143189874045,
      212.45501444488764,
      274.22581870807335
    ],
    [
      237.55302563868463,
      180.09834036789834,
      -0.3864558847142355,
      1.4493625664994034,
      212.45501444488764,
      274.22581870807335
    ],
    [
      350.2526005934924,
      112.6995749543421,
      -0.9735229711528068,
      1.1411630140509335,
      212.45501444488764,
      274.22581870807335
    ],
    [
      219.87466094084084,
      29.83224042924121,
      -0.04551815305987802,
      1.4993092068489466,
      212.45501444488764,
      274.22581870807335
    ],
    [
      299.4273020848632,
      2.762244484387338,
      -0.45765972286310774,
      1.428477363512934,
      212.45501444488764,
      274.22581870807335
    ],
    [
      303.8468932583928,
      250.25935026584193,
      -1.4509395850733524,
      0.38049220815565754,
      212.45501444488764,
      274.22581870807335
    ],
    [
      178.44099367782474,
      233.13343446375802,
      0.9564605531773952,
      1.1555012809233882,
      212.45501444488764,
      274.22581870807335
    ],
    [
      165.18222015351057,
      28.17489373870194,
      0.28301307010082366,
      1.4730592663406679,
      212.45501444488764,
      274.22581870807335
    ],
    [
      33.14693381078541,
      114.3569216444157,
      1.1196122602639627,
      0.9982326315376696,
      212.45501444488764,
      274.22581870807335
    ],
    [
      313.79097340255976,
      66.29386762017384,
      -0.6571416353205293,
      1.348393440776193,
      212.45501444488764,
      274.22581870807335
    ],
    [
      150.2660999391228,
      153.58079331973568,
      0.6872706425570254,
      1.3332888148781772,
      212.45501444488764,
      274.22581870807335
    ],
    [
      319.3154623694718,
      320.9728090604767,
      -1.3742570430158771,
      -0.6011801557946315,
      212.45501444488764,
      274.22581870807335
    ],
    [
      198.8816028609872,
      57.454685270786285,
      0.09374089634188734,
      1.497068015940832,
      212.45501444488764,
      274.22581870807335
    ],
    [
      148.6087532490492,
      32.59448491316289,
      0.3831939331279845,
      1.450228399119913,
      212.45501444488764,
      274.22581870807335
    ],
    [
      88.39182349294424,
      176.2311980901286,
      1.1770934096580303,
      0.9297586272466807,
      212.45501444488764,
      274.22581870807335
    ],
    [
      167.9444646369666,
      15.468569111544639,
      0.2542901820242769,
      1.4782883694753404,
      212.45501444488764,
      274.22581870807335
    ],
    [
      23.75530256330967,
      85.07713011233136,
      1.0593990990587776,
      1.061919746926975,
      212.45501444488764,
      274.22581870807335
    ],
    [
      349.7001516968012,
      116.01426833495498,
      -0.9829210860357518,
      1.1330781696892314,
      212.45501444488764,
      274.22581870807335
    ],
    [
      292.7979153227061,
      208.27323410660028,
      -1.1593962886712215,
      0.9517353864469881,
      212.45501444488764,
      274.22581870807335
    ],
    [
      271.25240834616125,
      271.8048572423868,
      -1.4987301012948706,
      0.06170967081962458,
      212.45501444488764,
      274.22581870807335
    ],
    [
      38.11897388100624,
      145.29405986750498,
      1.2060172066307802,
      0.891920678822108,
      212.45501444488764,
      274.22581870807335
    ],
    [
      271.25240834616125,
      318.76301347324625,
      -1.1956997434594931,
      -0.9057053182414809,
      212.45501444488764,
      274.22581870807335
    ],
    [
      348.59525390155613,
      79.55264114402235,
      -0.8596383379902355,
      1.2292363189628697,
      212.45501444488764,
      274.22581870807335
    ],
    [
      264.62302158400416,
      148.60875324811786,
      -0.5753023735558206,
      1.3852895650300117,
      212.45501444488764,
      274.22581870807335
    ],
    [
      187.28017602674663,
      23.202853667084128,
      0.14968261611306924,
      1.4925130198539467,
      212.45501444488764,
      274.22581870807335
    ],
    [
      57.454685270786285,
      83.97223231894895,
      0.9474318708532238,
      1.1629156676610561,
      212.45501444488764,
      274.22581870807335
    ],
    [
      312.1336267106235,
      187.83262492343783,
      -1.1335051278942774,
      0.9824286869983888,
      212.45501444488764,
      274.22581870807335
    ],
    [
      164.07732236012816,
      218.21731424937025,
      0.9805077107082978,
      1.1351672252322886,
      212.45501444488764,
      274.22581870807335
    ],
    [
      194.46201168559492,
      227.0564965987578,
      0.5346088382414025,
      1.4014968391238625,
      212.45501444488764,
      274.22581870807335
    ],
    [
      260.7558793053031,
      25.965098151005805,
      -0.2864641972806431,
      1.4723920210583719,
      212.45501444488764,
      274.22581870807335
    ],
    [
      237.00057674199343,
      80.10509004071355,
      -0.18816895778700893,
      1.488150678972177,
      212.45501444488764,
      274.22581870807335
    ],
    [
      175.67874919250607,
      106.62263708887622,
      0.32148853630511004,
      1.4651433789989285,
      212.45501444488764,
      274.22581870807335
    ],
    [
      232.02853666990995,
      94.46876135841012,
      -0.16237335841565492,
      1.491185733728975,
      212.45501444488764,
      274.22581870807335
    ],
    [
      293.3503642193973,
      129.82549075596035,
      -0.7331200596971901,
      1.3086385971954169,
      212.45501444488764,
      274.22581870807335
    ],
    [
      325.94484913162887,
      320.4203601637855,
      -1.3893183687917756,
      -0.5655037313208103,
      212.45501444488764,
      274.22581870807335
    ],
    [
      169.049362430349,
      256.33628813084215,
      1.3868301737027664,
      0.5715785766695203,
      212.45501444488764,
      274.22581870807335
    ],
    [
      343.0707649346441,
      260.75587930576876,
      -1.4920867633077062,
      0.15387361944769287,
      212.45501444488764,
      274.22581870807335
    ],
    [
      146.95140655711293,
      192.80466499505565,
      0.9402484741900758,
      1.168731280826878,
      212.45501444488764,
      274.22581870807335
    ],
    [
      127.61569516919553,
      200.53894955059513,
      1.1324795054731611,
      0.9836107816017798,
      212.45501444488764,
      274.22581870807335
    ],
    [
      126.51079737581313,
      94.46876135841012,
      0.6470205741064816,
      1.3532791200203005,
      212.45501444488764,
      274.22581870807335
    ],
    [
      241.4201679173857,
      296.6650576000102,
      -1.1857960992307972,
      -0.9186335564571029,
      212.45501444488764,
      274.22581870807335
    ],
    [
      350.2526005934924,
      186.72772713005543,
      -1.2662877824085181,
      0.8040617215879122,
      212.45501444488764,
      274.22581870807335
    ],
    [
      181.20323816128075,
