{"width": 640, "height": 480, "length": 21622, "num_agents": 406, "fps": 25, "sim_fps": 5, "population_probability": {"0": 0.03505688650448613, "1": 0.03320691887891962, "2": 0.035473129220238646, "3": 0.06368513551012857, "4": 0.07839237813338266, "5": 0.09397835537878087, "6": 0.07469244288224956, "7": 0.08898344278975118, "8": 0.07570992507631116, "9": 0.06951253353066321, "10": 0.056007769864027376, "11": 0.052076588659698456, "12": 0.03427065026362039, "13": 0.04481546572934974, "14": 0.03302192211636296, "15": 0.015909721579872353, "16": 0.014707242623254093, "17": 0.02071963740634539, "18": 0.011192304134677642, "19": 0.017389695680325595, "20": 0.01285727499768754, "21": 0.0070761261677920635, "22": 0.0048561650171122005, "23": 0.00605864397373046, "24": 0.0031449449634631393, "25": 0.002774951438349829, "26": 0.005226158542225511, "27": 0.004162427157524743, "28": 0.0018499676255665527, "29": 0.0031449449634631393, "30": 4.6249190639163815e-05}}