{
  "scene_id": "00_Zurich_HB_simplified_obstacle",
  "scene_index": 3,
  "scenario": "A small group of wheelchair users and companions navigate from the elevator bank toward platforms at Zurich HB, assisted by staff and clear signage.",
  "category": "Disability",
  "crowd_size_label": "0-50",
  "crowd_size": 35,
  "ungrouped_agents": 17,
  "event_center_px": [
    554.3686066623245,
    300.516229314755
  ],
  "event_center_m": [
    224.17252611299045,
    121.10359893646091
  ],
  "goal_location_raw": {
    "type": "gaussian_mixture_truncated_to_walkable",
    "components": [
      {
        "name": "platform_lifts_SE",
        "weight": 0.45,
        "mean_px": [
          540,
          460
        ],
        "sigma_px": [
          18,
          16
        ],
        "support_radius_px": 50
      },
      {
        "name": "accessible_exit_E",
        "weight": 0.3,
        "mean_px": [
          600,
          300
        ],
        "sigma_px": [
          20,
          18
        ],
        "support_radius_px": 55
      },
      {
        "name": "assistance_counter_NE",
        "weight": 0.25,
        "mean_px": [
          440,
          120
        ],
        "sigma_px": [
          18,
          16
        ],
        "support_radius_px": 50
      }
    ]
  },
  "goals_px": [
    [
      563.6540398190871,
      469.68763463726697
    ],
    [
      574.5856751733786,
      322.0874150407798
    ],
    [
      422.1084261703653,
      149.4694927724537
    ]
  ],
  "goals_m": [
    [
      227.92731846915558,
      52.69499711226672
    ],
    [
      232.34779300983064,
      112.38076157309115
    ],
    [
      170.6898822389776,
      182.18304695189
    ]
  ],
  "initial_state": [
    [
      220.78847500868142,
      134.2523327888921,
      0.5607168602933312,
      -1.0609413756578583,
      232.34779300983064,
      112.38076157309115
    ],
    [
      54.590557007701136,
      35.584955679252744,
      1.194196200522997,
      0.11787889826613641,
      227.92731846915558,
      52.69499711226672
    ],
    [
      71.97866035078187,
      39.628700642846525,
      0.6831443753969639,
      0.9865666537865002,
      170.6898822389776,
      182.18304695189
    ],
    [
      13.74873287603259,
      16.174979854375124,
      1.1829268012096992,
      0.2017032051797611,
      227.92731846915558,
      52.69499711226672
    ],
    [
      115.24673146056011,
      164.1760455192998,
      1.1413136100111376,
      0.3706794350963443,
      170.6898822389776,
      182.18304695189
    ],
    [
      77.2355288034305,
      30.732461722567677,
      1.1874545954269757,
      0.1730652587880009,
      227.92731846915558,
      52.69499711226672
    ],
    [
      94.21925765019841,
      239.38970184139907,
      0.9608817512629507,
      -0.7188228294161536,
      170.6898822389776,
      182.18304695189
    ],
    [
      50.546812044107355,
      42.45932211726904,
      1.1980070816612685,
      0.06913054527089113,
      227.92731846915558,
      52.69499711226672
    ],
    [
      165.38916900835466,
      119.29047642461956,
      0.10078111666788742,
      1.195760497141118,
      170.6898822389776,
      182.18304695189
    ],
    [
      206.635367636336,
      20.218724817968905,
      0.6579426625251661,
      1.003549427197931,
      227.92731846915558,
      52.69499711226672
    ],
    [
      4.852493956219405,
      10.109362408518791,
      1.178713726771489,
      0.2250198887220152,
      227.92731846915558,
      52.69499711226672
    ],
    [
      5.256868452532217,
      30.732461722567677,
      1.1942052282197182,
      0.11778740549265142,
      227.92731846915558,
      52.69499711226672
    ],
    [
      148.0010656651575,
      67.53054089099169,
      1.1798474217680657,
      -0.21899785694670212,
      227.92731846915558,
      52.69499711226672
    ],
    [
      152.85355962137692,
      145.17044419050217,
      0.5209447955771567,
      1.0810256796029754,
      170.6898822389776,
      182.18304695189
    ],
    [
      149.6185636506416,
      33.56308319699019,
      1.1657139120609952,
      0.28480006184593815,
      227.92731846915558,
      52.69499711226672
    ],
    [
      235.34595687745605,
      65.50866840966046,
      -0.6012554906277071,
      -1.0385046148140293,
      227.92731846915558,
      52.69499711226672
    ],
    [
      177.9247783953324,
      230.49346292112023,
      -0.1777282587909604,
      -1.1867656323078848,
      170.6898822389776,
      182.18304695189
    ],
    [
      237.36782935925294,
      41.650573124177754,
      -0.7797044392862081,
      0.9121737703734851,
      227.92731846915558,
      52.69499711226672
    ],
    [
      103.1154965700116,
      158.91917706653476,
      1.13464222552823,
      0.3906238856602919,
      170.6898822389776,
      182.18304695189
    ],
    [
      256.37343068781774,
      46.9074415769428,
      -1.1759086069968996,
      0.2392466258709014,
      227.92731846915558,
      52.69499711226672
    ],
    [
      33.15870870091021,
      66.7217918979004,
      0.9190594977376425,
      0.7715760750685782,
      170.6898822389776,
      182.18304695189
    ],
    [
      205.42224414728116,
      35.989330175332725,
      0.9635464566587139,
      0.715246968438481,
      227.92731846915558,
      52.69499711226672
    ],
    [
      118.88610192772467,
      184.3947703372687,
      1.1989078136708302,
      -0.051186466170559546,
      170.6898822389776,
      182.18304695189
    ],
    [
      134.65670728555415,
      161.74979854095727,
      1.0438470318994846,
      0.5919318997947621,
      170.6898822389776,
      182.18304695189
    ],
    [
      196.9303797238972,
      12.131234890781343,
      0.7286077110982971,
      0.9534835097305566,
      227.92731846915558,
      52.69499711226672
    ],
    [
      191.26913677493576,
      236.55908036697656,
      -0.42475247043856296,
      -1.1223124960795623,
      170.6898822389776,
      182.18304695189
    ],
    [
      226.8540924540721,
      85.72739322669804,
      0.2422475659269085,
      1.1752940554612228,
      232.34779300983064,
      112.38076157309115
    ],
    [
      173.4766589354258,
      211.0834870962426,
      -0.11517791854905116,
      -1.1944597302038726,
      170.6898822389776,
      182.18304695189
    ],
    [
      230.89783741754945,
      118.48172743152827,
      0.27746374533769325,
      -1.1674818499759128,
      232.34779300983064,
      112.38076157309115
    ],
    [
      151.23606163600925,
      64.69991941656917,
      1.185562724984957,
      -0.1855829332838644,
      227.92731846915558,
      52.69499711226672
    ],
    [
      131.82608581113163,
      192.48226026445627,
      1.1599595638590088,
      -0.30739845512301717,
      170.6898822389776,
      182.18304695189
    ],
    [
      11.322485897922888,
      211.0834870962426,
      1.1807421529321604,
      -0.2141213868092746,
      170.6898822389776,
      182.18304695189
    ],
    [
      85.32301873050164,
      242.2203233158216,
      0.9815608647887886,
      -0.6903175129714483,
      170.6898822389776,
      182.18304695189
    ],
    [
      177.9247783953324,
      6.065617445856333,
      0.8776134402997857,
      0.8184098297339629,
      227.92731846915558,
      52.69499711226672
    ],
    [
      29.923712730174884,
      242.62469781190157,
      1.1026524648625173,
      -0.47345278722657713,
      170.6898822389776,
      182.18304695189
    ]
  ],
  "groups": [
    [
      4,
      7
    ],
    [
      23,
      30
    ],
    [
      6,
      22
    ],
    [
      5,
      15,
      21,
      33
    ],
    [
      0,
      11,
      20,
      28
    ],
    [
      9,
      10,
      12,
      17
    ]
  ],
  "assets": {
    "obstacle_png": "downloads/google_maps/simplified_obstacles/00_Zurich_HB_simplified_obstacle.png",
    "homography": "downloads/google_maps/homographies/00_Zurich_HB_simplified_obstacle.txt",