{
  "scene_id": "00_Zurich_HB_simplified_obstacle",
  "scene_index": 4,
  "scenario": "Elderly passengers using canes move carefully from the information desk to ticket windows and a nearby lift, keeping speed low and giving way at narrow spots.",
  "category": "Disability",
  "crowd_size_label": "50-100",
  "crowd_size": 77,
  "ungrouped_agents": 35,
  "event_center_px": [
    442.6001564337361,
    149.08066487639996
  ],
  "event_center_m": [
    178.97621534368955,
    182.34027903620154
  ],
  "goal_location_raw": {
    "type": "gaussian_mixture_truncated_to_walkable",
    "components": [
      {
        "name": "ticket_windows_right",
        "weight": 0.4,
        "mean_px": [
          540,
          340
        ],
        "sigma_px": [
          20,
          18
        ],
        "support_radius_px": 55
      },
      {
        "name": "lift_SE_concourse",
        "weight": 0.35,
        "mean_px": [
          560,
          480
        ],
        "sigma_px": [
          18,
          16
        ],
        "support_radius_px": 50
      },
      {
        "name": "rest_seating_south",
        "weight": 0.25,
        "mean_px": [
          420,
          520
        ],
        "sigma_px": [
          22,
          20
        ],
        "support_radius_px": 60
      }
    ]
  },
  "goals_px": [
    [
      569.733519880892,
      364.8036327047587
    ],
    [
      578.0946013332646,
      456.1544147838601
    ],
    [
      399.1077370318879,
      513.552367037703
    ]
  ],
  "goals_m": [
    [
      230.38570515729953,
      95.10741256922483
    ],
    [
      233.7667132585775,
      58.16748607438058
    ],
    [
      161.38899015286006,
      34.957218039780855
    ]
  ],
  "initial_state": [
    [
      228.47159043943975,
      63.89117042347789,
      0.8149096584526202,
      -0.880864489328883,
      233.7667132585775,
      58.16748607438058
    ],
    [
      127.37796635122504,
      168.2197904828936,
      0.9785632340303838,
      -0.6945602904024936,
      230.38570515729953,
      95.10741256922483
    ],
    [
      83.30114624870475,
      27.901840248145163,
      1.195131716887827,
      0.107982310073247,
      161.38899015286006,
      34.957218039780855
    ],
    [
      172.26353544637095,
      25.07121877372265,
      -0.8879260966867413,
      0.8072095433173766,
      161.38899015286006,
      34.957218039780855
    ],
    [
      23.04934629215859,
      39.22432614676654,
      1.1994295527748322,
      -0.03699659349678011,
      161.38899015286006,
      34.957218039780855
    ],
    [
      104.73299455537926,
      164.1760455192998,
      0.4818587743526005,
      -1.099005059851596,
      161.38899015286006,
      34.957218039780855
    ],
    [
      231.7065864102915,
      75.21365632209927,
      0.14397916542529918,
      -1.1913311881770887,
      233.7667132585775,
      58.16748607438058
    ],
    [
      188.03414080420043,
      189.65163879003376,
      0.49057452766404724,
      -1.095142288840677,
      230.38570515729953,
      95.10741256922483
    ],
    [
      81.68364826333709,
      28.71058924123645,
      1.196331632880721,
      0.09375832853111035,
      161.38899015286006,
      34.957218039780855
    ],
    [
      203.8047461619135,
      155.68418109603226,
      0.4821794047147957,
      -1.098864423697885,
      230.38570515729953,
      95.10741256922483
    ],
    [
      231.7065864102915,
      72.38303484767675,
      0.1721068998766048,
      -1.1875938762956233,
      233.7667132585775,
      58.16748607438058
    ],
    [
      252.32968572422396,
      162.55854753404856,
      -0.371245440780731,
      -1.1411296257216006,
      230.38570515729953,
      95.10741256922483
    ],
    [
      16.983728846767917,
      67.93491538707167,
      1.1698816068536988,
      -0.26716479173986946,
      161.38899015286006,
      34.957218039780855
    ],
    [
      229.2803394321818,
      27.49746575206518,
      0.17368617374081116,
      1.1873639345420917,
      233.7667132585775,
      58.16748607438058
    ],
    [
      191.26913677493576,
      209.46598911099136,
      0.38837097321060887,
      -1.1354153368558328,
      230.38570515729953,
      95.10741256922483
    ],
    [
      78.85302678879816,
      18.601226832717657,
      1.1771096766712161,
      0.23326553343129128,
      161.38899015286006,
      34.957218039780855
    ],
    [
      154.8754321031738,
      16.174979854375124,
      0.3931802234408501,
      1.1337589302382596,
      161.38899015286006,
      34.957218039780855
    ],
    [
      232.51533540291712,
      111.60736099351197,
      -0.1536085032035372,
      -1.1901279039429202,
      230.38570515729953,
      95.10741256922483
    ],
    [
      176.30728040996473,
      93.8148831538856,
      1.19965739157829,
      0.02867303317707112,
      230.38570515729953,
      95.10741256922483
    ],
    [
      257.5865541768726,
      156.89730458520353,
      -0.4834843358081684,
      -1.0982908981814128,
      230.38570515729953,
      95.10741256922483
    ],
    [
      45.28994359157514,
      23.858095284551382,
      1.1945536350124613,
      0.11419988213004109,
      161.38899015286006,
      34.957218039780855
    ],
    [
      67.9349153873045,
      12.535609386861324,
      1.1668856398568568,
      0.27996053917624497,
      161.38899015286006,
      34.957218039780855
    ],
    [
      198.54787770926487,
      175.49853141698986,
      0.441854221964898,
      -1.1156903004560876,
      230.38570515729953,
      95.10741256922483
    ],
    [
      157.70605357771274,
      13.74873287603259,
      0.20531203357436204,
      1.1823057848414513,
      161.38899015286006,
      34.957218039780855
    ],
    [
      62.273672438343056,
      195.71725623495877,
      0.6297741929395185,
      -1.0214619258236588,
      161.38899015286006,
      34.957218039780855
    ],
    [
      222.8103474904783,
      105.94611804466695,
      0.6874398527459769,
      -0.9835783897873059,
      230.38570515729953,
      95.10741256922483
    ],
    [
      253.138434716966,
      29.923712730407715,
      -0.6787427580240779,
      0.9896000547846934,
      233.7667132585775,
      58.16748607438058
    ],
    [
      156.4929300886579,
      50.1424375474453,
      0.3682399845675269,
      -1.1421030223958377,
      161.38899015286006,
      34.957218039780855
    ],
    [
      131.82608581113163,
      165.79354350455105,
      0.9751381283726667,
      -0.6993608729360347,
      230.38570515729953,
      95.10741256922483
    ],
    [
      88.55801470135339,
      8.896238920278847,
      1.129844810849011,
      0.40429037015190267,
      161.38899015286006,
      34.957218039780855
    ],
    [
      154.471057606861,
      190.46038778219372,
      0.7474243279396794,
      -0.9388060896713006,
      230.38570515729953,
      95.10741256922483
    ],
    [
      179.9466508771293,
      186.82101731561124,
      0.5782723228817576,
      -1.0514756871126103,
      230.38570515729953,
      95.10741256922483
    ],
    [
      179.13790188438725,
      222.81034749094397,
      0.44692123584813753,
      -1.1136702424631688,
      230.38570515729953,
      95.10741256922483
    ],
    [
      211.89223608898465,
      193.69538375362754,
      0.22124129085074426,
      -1.1794287987083818,
      230.38570515729953,
      95.10741256922483
    ],
    [
      80.47052477428224,
      31.945585211738944,
      1.1991697495468046,
      0.04463083879845852,
      161.38899015286006,
      34.957218039780855
    ],
    [
      57.42117848212365,
      178.73352738842368,
      0.7031635524000167,
      -0.9723996187659621,
      161.38899015286006,
      34.957218039780855
    ],
    [
      188.03414080420043,
      117.268603942357,
      1.0632346833712756,
      -0.5563560083942501,
      230.38570515729953,
      95.10741256922483
    ],
    [
      74.8092818253208,
      4.043744963593781,
