{
  "scene_id": "00_Zurich_HB_simplified_obstacle",
  "scene_index": 5,
  "scenario": "A hearing-impaired traveler group meets their guide on the right-side concourse at Zurich HB, then proceeds together toward quiet waiting zones and signage boards.",
  "category": "Disability",
  "crowd_size_label": "0-50",
  "crowd_size": 50,
  "ungrouped_agents": 26,
  "event_center_px": [
    471.8202051929801,
    255.32251988642733
  ],
  "event_center_m": [
    190.7920578441117,
    139.37878242507577
  ],
  "goal_location_raw": {
    "type": "gaussian_mixture_truncated_to_walkable",
    "components": [
      {
        "name": "quiet_waiting_zone_SE",
        "weight": 0.4,
        "mean_px": [
          570,
          510
        ],
        "sigma_px": [
          20,
          18
        ],
        "support_radius_px": 55
      },
      {
        "name": "signage_board_NE",
        "weight": 0.35,
        "mean_px": [
          450,
          140
        ],
        "sigma_px": [
          18,
          16
        ],
        "support_radius_px": 50
      },
      {
        "name": "east_exit_gate",
        "weight": 0.25,
        "mean_px": [
          600,
          300
        ],
        "sigma_px": [
          20,
          18
        ],
        "support_radius_px": 55
      }
    ]
  },
  "goals_px": [
    [
      583.9923388406463,
      520.753491359929
    ],
    [
      490.26688463919993,
      141.62640258681728
    ],
    [
      565.1200613246539,
      282.5327825970521
    ]
  ],
  "goals_m": [
    [
      236.15160789270885,
      32.04526701942086
    ],
    [
      198.2514245545026,
      185.35459259524941
    ],
    [
      228.52014017710462,
      128.37564614601433
    ]
  ],
  "initial_state": [
    [
      202.18724817654584,
      2.021872482262552,
      0.899084834231982,
      0.7947618894071665,
      236.15160789270885,
      32.04526701942086
    ],
    [
      228.87596493575256,
      32.75433420483023,
      -0.004465393178858842,
      1.1999916917478046,
      228.52014017710462,
      128.37564614601433
    ],
    [
      154.06668311054818,
      169.02853947598487,
      1.1256189960878542,
      0.4159108986864506,
      198.2514245545026,
      185.35459259524941
    ],
    [
      104.73299455537926,
      160.536675051786,
      1.159852638764827,
      0.3078016509869099,
      198.2514245545026,
      185.35459259524941
    ],
    [
      219.17097702331375,
      161.74979854095727,
      -0.7959076813156197,
      0.8980706892125998,
      198.2514245545026,
      185.35459259524941
    ],
    [
      179.9466508771293,
      167.4110414898023,
      0.8569413594499612,
      0.8400306580500813,
      198.2514245545026,
      185.35459259524941
    ],
    [
      55.39930600032676,
      53.7818080149591,
      1.1914160936169873,
      -0.14327488220353954,
      236.15160789270885,
      32.04526701942086
    ],
    [
      233.72845889208838,
      6.065617445856333,
      0.11144155852665892,
      1.1948141190298802,
      236.15160789270885,
      32.04526701942086
    ],
    [
      244.64657029358204,
      162.96292203012854,
      -0.5070933169711603,
      -1.087592004330294,
      228.52014017710462,
      128.37564614601433
    ],
    [
      193.29100925673265,
      220.38410051260144,
      0.16824958067996734,
      -1.1881464886961604,
      198.2514245545026,
      185.35459259524941
    ],
    [
      39.628700642613694,
      65.50866840966046,
      0.9574476289100468,
      0.7233906537235115,
      198.2514245545026,
      185.35459259524941
    ],
    [
      140.3179502345156,
      174.6897824248299,
      1.180169752355316,
      0.2172541268321309,
      198.2514245545026,
      185.35459259524941
    ],
    [
      188.03414080420043,
      181.1597743658349,
      1.1100835724054336,
      0.45575702109302757,
      198.2514245545026,
      185.35459259524941
    ],
    [
      27.497465751948766,
      40.84182413201779,
      1.1989350131734655,
      -0.05054536760913076,
      236.15160789270885,
      32.04526701942086
    ],
    [
      147.1923166725319,
      1.2131234891712666,
      1.1338313516234904,
      0.3929713298392758,
      236.15160789270885,
      32.04526701942086
    ],
    [
      40.841824131668545,
      187.22539181169122,
      1.1999152583002894,
      -0.014260887004317175,
      198.2514245545026,
      185.35459259524941
    ],
    [
      112.01173548982479,
      154.471057606861,
      1.129742800902089,
      0.40457533761946374,
      198.2514245545026,
      185.35459259524941
    ],
    [
      200.97412468749098,
      61.86929794214666,
      0.9153129382697648,
      -0.7760168973907525,
      236.15160789270885,
      32.04526701942086
    ],
    [
      131.0173368183896,
      28.306214745156467,
      1.1992418171383212,
      0.04265048682930663,
      236.15160789270885,
      32.04526701942086
    ],
    [
      81.68364826333709,
      163.36729652713984,
      1.1792061912380822,
      0.22242472557198953,
      198.2514245545026,
      185.35459259524941
    ],
    [
      148.40544016158674,
      174.2854079278186,
      1.1714627847847505,
      0.2601440828932263,
      198.2514245545026,
      185.35459259524941
    ],
    [
      90.98426167946309,
      167.4110414898023,
      1.1835549615259293,
      0.19798397169305373,
      198.2514245545026,
      185.35459259524941
    ],
    [
      3.6393704671645537,
      50.1424375474453,
      1.1963816279843698,
      -0.0931182056392271,
      236.15160789270885,
      32.04526701942086
    ],
    [
      85.72739322681446,
      26.688716758973897,
      1.1992398954640249,
      0.042704486034073855,
      236.15160789270885,
      32.04526701942086
    ],
    [
      167.00666699383873,
      18.601226832717657,
      1.1779410511081898,
      0.2290303039209727,
      236.15160789270885,
      32.04526701942086
    ],
    [
      101.90237308095675,
      156.89730458520353,
      1.1508520056403881,
      0.3399112547614394,
      198.2514245545026,
      185.35459259524941
    ],
    [
      158.9191770667676,
      224.02347098011523,
      0.8557135921090854,
      -0.8412813134022208,
      198.2514245545026,
      185.35459259524941
    ],
    [
      161.3454240448773,
      146.78794217668474,
      0.8296568763165965,
      0.8669887355557669,
      198.2514245545026,
      185.35459259524941
    ],
    [
      135.869830774609,
      37.20245366450399,
      1.1984163015049825,
      -0.06163090366949533,
      236.15160789270885,
      32.04526701942086
    ],
    [
      230.89783741754945,
      109.98986300826073,
      -0.15390547070079175,
      1.1900895370048286,
      228.52014017710462,
      128.37564614601433
    ],
    [
      61.464923445601016,
      49.333688555285335,
      1.1941660026347658,
      -0.1181844243176938,
      236.15160789270885,
      32.04526701942086
    ],
    [
      184.39477033691946,
      194.90850724186748,
      0.9879352618065479,
      -0.6811636502920775,
      198.2514245545026,
      185.35459259524941
    ],
    [
      69.95678786910139,
      183.18164684809744,
      1.199827916754564,
      0.020321667658011387,
      198.2514245545026,
      185.35459259524941
    ],
    [
      157.70605357771274,
      220.38410051260144,
      0.9080430053155749,
      -0.7845112494397123,
      198.2514245545026,
      185.35459259524941
    ],
    [
      185.60789382597432,
      23.04934629239142,
      1.1814332077303706,
      0.21027500011158493,
      236.15160789270885,
      32.04526701942086
    ],
    [
      182.372897855239,
      232.11096090637147,
      0.38587724026499526,
      -1.1362652663200925,
      198.2514245545026,
      185.35459259524941
    ],
    [
      142.7441972126253,
      23.4537207884714,
      1.1949558706488057,
      0.10991117869422667,
      236.15160789270885,
      32.04526701942086
    ],
    [
      78.04427779617254,
      9.300613416358829,
      1.1877727617720863,
