{
  "scene_id": "00_Zurich_HB_simplified_obstacle",
  "scene_index": 7,
  "scenario": "A school group stays together while crossing the right corridor at Zurich HB, heading to a museum shuttle stop outside the southeast edge.",
  "category": "Cohesive",
  "crowd_size_label": "50-100",
  "crowd_size": 55,
  "ungrouped_agents": 25,
  "event_center_px": [
    494.5215097450138,
    309.8437400323737
  ],
  "event_center_m": [
    199.97188643889967,
    117.33179148845375
  ],
  "goal_location_raw": {
    "type": "gaussian_mixture_truncated_to_walkable",
    "components": [
      {
        "name": "shuttle_stop_SE_outside",
        "weight": 0.7,
        "mean_px": [
          600,
          560
        ],
        "sigma_px": [
          20,
          18
        ],
        "support_radius_px": 55
      },
      {
        "name": "teacher_check_point",
        "weight": 0.3,
        "mean_px": [
          480,
          360
        ],
        "sigma_px": [
          16,
          14
        ],
        "support_radius_px": 45
      }
    ]
  },
  "goals_px": [
    [
      601.9691300218888,
      561.7480449837034
    ],
    [
      477.82822447338924,
      376.4387519635645
    ]
  ],
  "goals_m": [
    [
      243.420963772689,
      15.468115044757724
    ],
    [
      193.22154761466663,
      90.4024670785293
    ]
  ],
  "initial_state": [
    [
      100.28487509558909,
      159.32355156354606,
      0.9638760792992352,
      -0.7148027026772733,
      193.22154761466663,
      90.4024670785293
    ],
    [
      99.47612610284705,
      179.13790188450366,
      0.7924910259668786,
      -0.9010871066450591,
      243.420963772689,
      15.468115044757724
    ],
    [
      168.2197904828936,
      3.6393704675137997,
      1.1854249370909196,
      0.18646103754669338,
      243.420963772689,
      15.468115044757724
    ],
    [
      63.082421431085095,
      43.672445606440306,
      1.1293965869903455,
      0.4055408108865974,
      193.22154761466663,
      90.4024670785293
    ],
    [
      18.196852335939184,
      241.81594881881028,
      0.9075311977113839,
      -0.7851032576550305,
      193.22154761466663,
      90.4024670785293
    ],
    [
      57.82555297843646,
      44.07682010252029,
      1.1353814627840106,
      0.3884699910758103,
      193.22154761466663,
      90.4024670785293
    ],
    [
      152.4491851250641,
      64.69991941656917,
      1.0151305789447687,
      0.639929611513062,
      193.22154761466663,
      90.4024670785293
    ],
    [
      138.2960777527187,
      180.7553998697549,
      0.6233402868522587,
      -1.0254008420061609,
      193.22154761466663,
      90.4024670785293
    ],
    [
      58.6343019711785,
      28.306214745156467,
      1.089615750201347,
      0.502730063665538,
      193.22154761466663,
      90.4024670785293
    ],
    [
      44.4811945988331,
      61.46492344606668,
      1.1779150056808867,
      0.22916421926600267,
      193.22154761466663,
      90.4024670785293
    ],
    [
      226.8540924540721,
      103.9242455624044,
      -1.1133853779187262,
      -0.4476304281846521,
      193.22154761466663,
      90.4024670785293
    ],
    [
      145.5748186870478,
      161.74979854095727,
      0.6664325174426747,
      -0.9979317109376867,
      193.22154761466663,
      90.4024670785293
    ],
    [
      148.80981465789955,
      222.00159849785268,
      0.38371130627839306,
      -1.1369985195391106,
      193.22154761466663,
      90.4024670785293
    ],
    [
      222.8103474904783,
      145.57481868751347,
      -0.5671449478048864,
      -1.0575190817093527,
      193.22154761466663,
      90.4024670785293
    ],
    [
      78.85302678879816,
      17.792477839626372,
      1.013075197253569,
      0.643178548079491,
      193.22154761466663,
      90.4024670785293
    ],
    [
      201.3784991838038,
      90.1755126863718,
      -1.1995357834694498,
      0.03337520301561272,
      193.22154761466663,
      90.4024670785293
    ],
    [
      142.33982271631248,
      163.77167102321982,
      0.6838481848790161,
      -0.9860789319510255,
      193.22154761466663,
      90.4024670785293
    ],
    [
      228.06721594312694,
      22.240597299300134,
      1.097933842077552,
      -0.48429461944236485,
      243.420963772689,
      15.468115044757724
    ],
    [
      170.24166296457406,
      12.535609386861324,
      1.1990376572326173,
      0.048048897366283407,
      243.420963772689,
      15.468115044757724
    ],
    [
      122.12109789857641,
      189.24726429302245,
      0.7007255043688042,
      -0.9741579787319329,
      193.22154761466663,
      90.4024670785293
    ],
    [
      5.661242948961444,
      43.672445606440306,
      1.1644044234139053,
      0.2901074606660967,
      193.22154761466663,
      90.4024670785293
    ],
    [
      162.15417303750291,
      116.86422944627702,
      0.9135359760860057,
      -0.7781079747673768,
      193.22154761466663,
      90.4024670785293
    ],
    [
      183.99039584060665,
      31.13683621957898,
      0.18468385870612603,
      1.1857031130655835,
      193.22154761466663,
      90.4024670785293
    ],
    [
      183.58602134429384,
      194.90850724186748,
      0.11017349715993692,
      -1.1949317137491788,
      193.22154761466663,
      90.4024670785293
    ],
    [
      193.29100925673265,
      165.38916900847107,
      -0.001111582888329203,
      -1.1999994851596738,
      193.22154761466663,
      90.4024670785293
    ],
    [
      164.58042001572903,
      198.95225220546126,
      0.30614559461179586,
      -1.1602908578885684,
      193.22154761466663,
      90.4024670785293
    ],
    [
      197.33475422021002,
      168.62416497897357,
      -0.06301369298534187,
      -1.1983443889368153,
      193.22154761466663,
      90.4024670785293
    ],
    [
      118.48172743141185,
      168.2197904828936,
      0.8312418413161741,
      -0.865469237607725,
      193.22154761466663,
      90.4024670785293
    ],
    [
      22.64497179572936,
      15.366230861283839,
      1.0984194744996125,
      0.4831921543651084,
      193.22154761466663,
      90.4024670785293
    ],
    [
      212.29661058529746,
      160.536675051786,
      -0.31493482332634126,
      -1.157936119592271,
      193.22154761466663,
      90.4024670785293
    ],
    [
      244.64657029358204,
      49.738063051365316,
      -0.04288854437272692,
      -1.199233327072588,
      243.420963772689,
      15.468115044757724
    ],
    [
      141.93544821988326,
      30.328087226487696,
      0.7791420297962515,
      0.9126542047265092,
      193.22154761466663,
      90.4024670785293
    ],
    [
      7.683115430758335,
      240.60282533057034,
      0.9326875026646556,
      -0.7550457087972674,
      193.22154761466663,
      90.4024670785293
    ],
    [
      236.9634548628237,
      229.68471392896026,
      -0.35954868162858505,
      -1.1448688770069464,
      193.22154761466663,
      90.4024670785293
    ],
    [
      157.3016790812835,
      237.7722038552165,
      0.28416843161381034,
      -1.1658680467677924,
      193.22154761466663,
      90.4024670785293
    ],
    [
      183.99039584060665,
      37.60682816058397,
      0.2066807549957925,
      1.1820672846815314,
      193.22154761466663,
      90.4024670785293
    ],
    [
      5.661242948961444,
      233.72845889255404,
      0.9534807177833952,
      -0.7286113647310626,
      193.22154761466663,
      90.4024670785293
    ],
    [
      201.3784991838038,
      200.56975019164383,
      -0.08860726042546115,
      -1.196724175990397,
      193.22154761466663,
      90.4024670785293
    ],
    [
      33.56308319733944,
      34.77620668616146,
      1.1331914515727164,
      0.394812783585486,
      193.22154761466663,
      90.4024670785293
    ],
    [
      185.2035193296615,
      159.32355156354606,
      0.13866840954426868,
      -1.1919610195784351,
      193.22154761466663,
