{
  "scene_id": "00_Zurich_HB_simplified_obstacle",
  "scene_index": 10,
  "scenario": "A volunteer choir rehearses near the information boards at Zurich HB, singing softly while maintaining a loose circle.",
  "category": "Expressive",
  "crowd_size_label": "50-100",
  "crowd_size": 68,
  "ungrouped_agents": 33,
  "event_center_px": [
    455.4695825570369,
    149.14656992386028
  ],
  "event_center_m": [
    184.1802830506349,
    182.3136287163943
  ],
  "goal_location_raw": {
    "type": "gaussian_mixture_truncated_to_walkable",
    "components": [
      {
        "name": "benches_south",
        "weight": 0.45,
        "mean_px": [
          420,
          520
        ],
        "sigma_px": [
          20,
          18
        ],
        "support_radius_px": 55
      },
      {
        "name": "east_exit",
        "weight": 0.3,
        "mean_px": [
          600,
          300
        ],
        "sigma_px": [
          20,
          18
        ],
        "support_radius_px": 55
      },
      {
        "name": "nearby_cafes_right",
        "weight": 0.25,
        "mean_px": [
          520,
          220
        ],
        "sigma_px": [
          18,
          16
        ],
        "support_radius_px": 50
      }
    ]
  },
  "goals_px": [
    [
      411.6184474265177,
      500.06287340923626
    ],
    [
      559.0460834144724,
      315.4163400698378
    ],
    [
      526.5788171104034,
      206.96365076466077
    ]
  ],
  "goals_m": [
    [
      166.44800236774608,
      40.41202523186803
    ],
    [
      226.06397841882426,
      115.07837415486574
    ],
    [
      212.9350439591799,
      158.93387577030808
    ]
  ],
  "initial_state": [
    [
      90.57988718303386,
      194.09975824970752,
      1.1533112576747324,
      -0.33147117962309625,
      212.9350439591799,
      158.93387577030808
    ],
    [
      224.8322199722752,
      59.443050963804126,
      0.02656132685106071,
      1.1997060039509309,
      226.06397841882426,
      115.07837415486574
    ],
    [
      258.39530316961464,
      54.59055700805038,
      -1.1859823955000715,
      -0.1828818131031956,
      166.44800236774608,
      40.41202523186803
    ],
    [
      199.3566267020069,
      175.09415692090988,
      0.7719565292513695,
      -0.9187399615485219,
      212.9350439591799,
      158.93387577030808
    ],
    [
      257.9909286731854,
      35.584955679252744,
      -0.4472331985437305,
      1.1135449995937945,
      226.06397841882426,
      115.07837415486574
    ],
    [
      192.4822602639906,
      241.4115743227303,
      0.28882740176781946,
      -1.164722598728148,
      212.9350439591799,
      158.93387577030808
    ],
    [
      19.005601328564808,
      77.2355288034305,
      1.1642398908664278,
      -0.2907670485377051,
      166.44800236774608,
      40.41202523186803
    ],
    [
      152.4491851250641,
      236.15470586996526,
      0.7399656251516143,
      -0.9446961805755227,
      212.9350439591799,
      158.93387577030808
    ],
    [
      25.47559327026829,
      242.62469781190157,
      1.095757696890633,
      -0.4891983950351176,
      212.9350439591799,
      158.93387577030808
    ],
    [
      164.58042001572903,
      138.29607775248587,
      1.103680310384536,
      0.4710517725998851,
      212.9350439591799,
      158.93387577030808
    ],
    [
      191.26913677493576,
      116.86422944627702,
      1.1984225447631345,
      -0.061509383052120614,
      226.06397841882426,
      115.07837415486574
    ],
    [
      155.27980659960303,
      17.38810334354639,
      0.5237211598094325,
      1.0796833548628333,
      166.44800236774608,
      40.41202523186803
    ],
    [
      5.661242948961444,
      215.93598105292767,
      1.1570438881328182,
      -0.3181971730460376,
      212.9350439591799,
      158.93387577030808
    ],
    [
      171.4547864536289,
      112.82048448268324,
      1.19897560183133,
      0.04957324089869591,
      226.06397841882426,
      115.07837415486574
    ],
    [
      2.4262469781097025,
      56.61242948938161,
      1.1941891910221922,
      -0.11794988785819942,
      166.44800236774608,
      40.41202523186803
    ],
    [
      255.5646816950757,
      136.27420527115464,
      -0.974540535692875,
      -0.7001933620732519,
      226.06397841882426,
      115.07837415486574
    ],
    [
      124.54734487668611,
      172.26353544648737,
      1.1865824304870647,
      -0.17894729855298305,
      212.9350439591799,
      158.93387577030808
    ],
    [
      151.23606163600925,
      6.065617445856333,
      0.48594847840058836,
      1.097202841930403,
      166.44800236774608,
      40.41202523186803
    ],
    [
      156.08855559222866,
      82.08802276011556,
      0.2894762829076246,
      -1.164561497574939,
      166.44800236774608,
      40.41202523186803
    ],
    [
      252.7340602206532,
      158.1104280743748,
      -1.199743233001242,
      0.024822869852759735,
      212.9350439591799,
      158.93387577030808
    ],
    [
      113.22485897887964,
      240.60282533057034,
      0.9283475875282537,
      -0.7603754051325381,
      212.9350439591799,
      158.93387577030808
    ],
    [
      241.81594881904311,
      59.038676467724144,
      -0.32471904096508714,
      1.1552305157130822,
      226.06397841882426,
      115.07837415486574
    ],
    [
      229.6847139284946,
      26.688716758973897,
      -1.1727031901310552,
      0.25449406251707685,
      166.44800236774608,
      40.41202523186803
    ],
    [
      198.14350321295206,
      165.79354350455105,
      1.088630860307244,
      -0.5048592377947636,
      212.9350439591799,
      158.93387577030808
    ],
    [
      49.738063051365316,
      49.333688555285335,
      1.1965091680629478,
      -0.09146480602566376,
      166.44800236774608,
      40.41202523186803
    ],
    [
      119.6948509204667,
      150.02293814718723,
      1.1945571155071355,
      0.11416346960070767,
      212.9350439591799,
      158.93387577030808
    ],
    [
      160.53667505213525,
      169.83728846814483,
      1.174834284734165,
      -0.2444675917441062,
      212.9350439591799,
      158.93387577030808
    ],
    [
      3.2349959708517417,
      52.56868452578783,
      1.1966851203642823,
      -0.08913317395180834,
      166.44800236774608,
      40.41202523186803
    ],
    [
      196.9303797238972,
      217.55347903817892,
      0.31606253639906773,
      -1.1576288148992266,
      212.9350439591799,
      158.93387577030808
    ],
    [
      232.51533540291712,
      37.20245366450399,
      -1.1985864735458716,
      0.05822770331098469,
      166.44800236774608,
      40.41202523186803
    ],
    [
      170.24166296457406,
      141.12669922690839,
      1.107523988662734,
      0.4619422199113089,
      212.9350439591799,
      158.93387577030808
    ],
    [
      8.087489927071147,
      13.34435837995261,
      1.182845888738307,
      0.2021771586873368,
      166.44800236774608,
      40.41202523186803
    ],
    [
      24.666844277526252,
      60.25179995689541,
      1.188421127859607,
      -0.1662985954748242,
      166.44800236774608,
      40.41202523186803
    ],
    [
      77.2355288034305,
      14.961856365203857,
      1.1539622705973345,
      0.32919762763094823,
      166.44800236774608,
      40.41202523186803
    ],
    [
      151.23606163600925,
      4.043744963593781,
      0.4630551142186066,
      1.1070591498181084,
      166.44800236774608,
      40.41202523186803
    ],
    [
      146.38356767978985,
      133.03920930065215,
      1.1183287479814055,
      0.4351330962341773,
      212.9350439591799,
      158.93387577030808
    ],
    [
      155.68418109591585,
      178.32915289141238,
      1.1365502300298238,
      -0.38503710810667935,
      212.9350439591799,
      158.93387577030808
    ],
    [
      67.12616639456246,
      194.09975824970752,
      1.1665522136342943,
      -0.28134664182273106,
