{
  "scene_id": "00_Zurich_HB_simplified_obstacle",
  "scene_index": 11,
  "scenario": "A small dance group shares a playful routine on the southeast concourse at Zurich HB, then breaks off toward different exits.",
  "category": "Expressive",
  "crowd_size_label": "50-100",
  "crowd_size": 90,
  "ungrouped_agents": 31,
  "event_center_px": [
    591.0246758332312,
    501.83664864316626
  ],
  "event_center_m": [
    238.99530562222935,
    39.69475576560944
  ],
  "goal_location_raw": {
    "type": "gaussian_mixture_truncated_to_walkable",
    "components": [
      {
        "name": "east_street_exit",
        "weight": 0.35,
        "mean_px": [
          600,
          300
        ],
        "sigma_px": [
          20,
          18
        ],
        "support_radius_px": 55
      },
      {
        "name": "south_edge_benches",
        "weight": 0.35,
        "mean_px": [
          420,
          520
        ],
        "sigma_px": [
          22,
          20
        ],
        "support_radius_px": 60
      },
      {
        "name": "north_concourse",
        "weight": 0.3,
        "mean_px": [
          440,
          100
        ],
        "sigma_px": [
          20,
          18
        ],
        "support_radius_px": 55
      }
    ]
  },
  "goals_px": [
    [
      632.278116176173,
      319.73132464028987
    ],
    [
      425.8573256726585,
      522.7450027423498
    ],
    [
      445.2054261539257,
      111.9853304883034
    ]
  ],
  "goals_m": [
    [
      255.67714478378184,
      113.33350444212556
    ],
    [
      172.20584158715792,
      31.23995060659945
    ],
    [
      180.02971997461282,
      197.34068619646132
    ]
  ],
  "initial_state": [
    [
      124.1429703803733,
      16.983728846535087,
      1.1504574678294979,
      0.3412442156511079,
      172.20584158715792,
      31.23995060659945
    ],
    [
      124.1429703803733,
      12.535609386861324,
      0.9524848570335045,
      0.7299127325385304,
      255.67714478378184,
      113.33350444212556
    ],
    [
      45.69431808788795,
      186.82101731561124,
      1.196337458048742,
      0.09368397125161912,
      180.02971997461282,
      197.34068619646132
    ],
    [
      105.5417435481213,
      162.96292203012854,
      1.0895585068975993,
      0.5028541140798929,
      180.02971997461282,
      197.34068619646132
    ],
    [
      97.45425362105016,
      19.40997582487762,
      1.1852493066899246,
      0.18757420129392302,
      172.20584158715792,
      31.23995060659945
    ],
    [
      95.43238113925327,
      8.896238920278847,
      1.1521956491991752,
      0.3353284747325987,
      172.20584158715792,
      31.23995060659945
    ],
    [
      218.76660252700094,
      167.4110414898023,
      -0.9495823363619925,
      0.7336848004894881,
      180.02971997461282,
      197.34068619646132
    ],
    [
      185.60789382597432,
      188.0341408038512,
      -0.6169269716348328,
      1.0292721271216247,
      180.02971997461282,
      197.34068619646132
    ],
    [
      185.60789382597432,
      202.59162267297506,
      -0.8737703717923312,
      -0.8225116031873906,
      180.02971997461282,
      197.34068619646132
    ],
    [
      138.7004522490315,
      46.9074415769428,
      1.0870260394266968,
      -0.5083054097767493,
      172.20584158715792,
      31.23995060659945
    ],
    [
      253.54280921327882,
      20.218724817968905,
      -1.1891331304730948,
      0.1611285139609289,
      172.20584158715792,
      31.23995060659945
    ],
    [
      126.16484286217019,
      140.7223247308284,
      0.8271241273019512,
      0.8694053588717899,
      180.02971997461282,
      197.34068619646132
    ],
    [
      193.69538375304546,
      202.18724817689508,
      -1.1309796468948912,
      -0.4011047722347706,
      180.02971997461282,
      197.34068619646132
    ],
    [
      160.94104954844806,
      36.79807916842401,
      1.0761355559775767,
      -0.5309729420232557,
      172.20584158715792,
      31.23995060659945
    ],
    [
      202.59162267285865,
      190.05601328611374,
      -1.141952109609842,
      0.36870771534866437,
      180.02971997461282,
      197.34068619646132
    ],
    [
      71.97866035078187,
      10.109362408518791,
      1.174188537732874,
      0.24755055616325106,
      172.20584158715792,
      31.23995060659945
    ],
    [
      134.25233278924134,
      195.3128817388788,
      1.1988243911964014,
      0.05310441669557691,
      180.02971997461282,
      197.34068619646132
    ],
    [
      251.92531122791115,
      18.196852335706353,
      -1.184254011201218,
      0.19375870807224396,
      172.20584158715792,
      31.23995060659945
    ],
    [
      174.68978242448065,
      215.1272320598364,
      0.3450530298972227,
      -1.1493208457862176,
      180.02971997461282,
      197.34068619646132
    ],
    [
      62.67804693477228,
      21.43184830714017,
      1.1952173331819984,
      0.10703049313775816,
      172.20584158715792,
      31.23995060659945
    ],
    [
      233.32408439565916,
      63.082421431317925,
      0.4877167877718197,
      1.0964179563129828,
      255.67714478378184,
      113.33350444212556
    ],
    [
      103.51987106632441,
      175.09415692090988,
      1.1522782999671575,
      0.3350443544141547,
      180.02971997461282,
      197.34068619646132
    ],
    [
      155.68418109591585,
      126.97359185479581,
      0.3923556331235654,
      1.1340445569536524,
      180.02971997461282,
      197.34068619646132
    ],
    [
      139.91357573808637,
      19.00560132879764,
      1.1221633548663899,
      0.4251463336252695,
      172.20584158715792,
      31.23995060659945
    ],
    [
      248.2859407607466,
      13.74873287603259,
      -1.1694904130621342,
      0.268872039743366,
      172.20584158715792,
      31.23995060659945
    ],
    [
      95.43238113925327,
      15.770605358295143,
      1.1763577584330671,
      0.23702831935093693,
      172.20584158715792,
      31.23995060659945
    ],
    [
      117.268603942357,
      142.74419721309096,
      0.9053722819907453,
      0.787591919081748,
      180.02971997461282,
      197.34068619646132
    ],
    [
      0.40437449631281197,
      43.268071109429,
      1.1970697811170474,
      -0.0838089442505052,
      172.20584158715792,
      31.23995060659945
    ],
    [
      147.1923166725319,
      156.08855559211224,
      0.7473517420727062,
      0.9388638738501399,
      180.02971997461282,
      197.34068619646132
    ],
    [
      71.57428585446905,
      4.043744963593781,
      1.1584404558828678,
      0.3130746079992645,
      172.20584158715792,
      31.23995060659945
    ],
    [
      170.6460374610033,
      50.1424375474453,
      0.09868672930260626,
      -1.1959351694216347,
      172.20584158715792,
      31.23995060659945
    ],
    [
      154.8754321031738,
      58.63430197164416,
      0.6415512642496585,
      -1.0141064911239177,
      172.20584158715792,
      31.23995060659945
    ],
    [
      50.546812044107355,
      19.8143503209576,
      1.1947427419632455,
      0.11220419121470412,
      172.20584158715792,
      31.23995060659945
    ],
    [
      57.01680398581084,
      10.109362408518791,
      1.180304965805332,
      0.21651833108370785,
      172.20584158715792,
      31.23995060659945
    ],
    [
      256.37343068781774,
      54.99493150413036,
      -0.014321289284442972,
      1.1999145389040136,
      255.67714478378184,
      113.33350444212556
    ],
    [
      161.7497985411901,
      12.535609386861324,
      0.5855399770189187,
      1.0474459104472575,
      172.20584158715792,
      31.23995060659945
    ],
    [
      233.72845889208838,
      67.53054089099169,
      0.5185717420229184,
      1.0821660447340398,
      255.67714478378184,
      113.33350444212556
    ],
    [
      165.38916900835466,
      238.1765783522278,
      0.4049846570823564,
      -1.129596134699427,
