{
  "scene_id": "00_Zurich_HB_simplified_obstacle",
  "scene_index": 12,
  "scenario": "A public survey booth operates on the right-side concourse at Zurich HB; passersby stop briefly to participate and then continue to their destinations.",
  "category": "Participatory",
  "crowd_size_label": "50-100",
  "crowd_size": 81,
  "ungrouped_agents": 34,
  "event_center_px": [
    486.3223939072969,
    314.79098937584456
  ],
  "event_center_m": [
    196.656373101403,
    115.33125002682209
  ],
  "goal_location_raw": {
    "type": "gaussian_mixture_truncated_to_walkable",
    "components": [
      {
        "name": "continue_to_platforms_SE",
        "weight": 0.4,
        "mean_px": [
          540,
          460
        ],
        "sigma_px": [
          18,
          16
        ],
        "support_radius_px": 50
      },
      {
        "name": "resume_trip_to_east_exit",
        "weight": 0.35,
        "mean_px": [
          600,
          300
        ],
        "sigma_px": [
          18,
          16
        ],
        "support_radius_px": 50
      },
      {
        "name": "resume_trip_to_north_concourse",
        "weight": 0.25,
        "mean_px": [
          440,
          100
        ],
        "sigma_px": [
          18,
          16
        ],
        "support_radius_px": 50
      }
    ]
  },
  "goals_px": [
    [
      560.8953498650351,
      475.631038491412
    ],
    [
      563.603832852635,
      290.418994222447
    ],
    [
      459.2984746127481,
      119.1300530783072
    ]
  ],
  "goals_m": [
    [
      226.81177460844629,
      50.291636171750724
    ],
    [
      227.90701605239883,
      125.18666329141706
    ],
    [
      185.72858934721444,
      194.45154259819537
    ]
  ],
  "initial_state": [
    [
      228.47159043943975,
      98.66737711057067,
      -0.025541252609761266,
      1.1997281543812848,
      227.90701605239883,
      125.18666329141706
    ],
    [
      27.901840248377994,
      17.792477839626372,
      1.184296661280119,
      0.19349785032594896,
      226.81177460844629,
      50.291636171750724
    ],
    [
      229.6847139284946,
      1.6174979852512479,
      -0.26669646725851903,
      1.1699884590677916,
      185.72858934721444,
      194.45154259819537
    ],
    [
      200.16537569474895,
      175.90290591400117,
      -0.7370489894706616,
      0.9469734880767657,
      185.72858934721444,
      194.45154259819537
    ],
    [
      145.5748186870478,
      57.82555297855288,
      1.1948726240703753,
      -0.11081250943451923,
      226.81177460844629,
      50.291636171750724
    ],
    [
      24.26246978121344,
      55.399306000210345,
      1.1996186460013196,
      -0.030250688685724433,
      226.81177460844629,
      50.291636171750724
    ],
    [
      156.08855559222866,
      63.89117042347789,
      1.1784110882612895,
      -0.2265994418855508,
      226.81177460844629,
      50.291636171750724
    ],
    [
      87.34489121229853,
      33.15870870091021,
      1.1910465502501166,
      0.14631512272248634,
      226.81177460844629,
      50.291636171750724
    ],
    [
      161.3454240448773,
      242.2203233158216,
      0.5455656949883155,
      -1.0688115233528859,
      185.72858934721444,
      194.45154259819537
    ],
    [
      35.1805811827071,
      66.7217918979004,
      1.1956135232472034,
      -0.10251001428352795,
      226.81177460844629,
      50.291636171750724
    ],
    [
      251.92531122791115,
      164.5804200153798,
      -0.6246855254874493,
      -1.024581863125865,
      227.90701605239883,
      125.18666329141706
    ],
    [
      97.45425362105016,
      27.901840248145163,
      1.1824190798482404,
      0.20465854394781624,
      226.81177460844629,
      50.291636171750724
    ],
    [
      153.66230861411896,
      203.80474616214633,
      1.1519948011470247,
      -0.33601782412578496,
      185.72858934721444,
      194.45154259819537
    ],
    [
      24.26246978121344,
      32.34995970875025,
      1.1953197481660411,
      0.10588059144277491,
      226.81177460844629,
      50.291636171750724
    ],
    [
      179.13790188438725,
      4.852493956685066,
      0.8686428409381947,
      0.8279248848094988,
      226.81177460844629,
      50.291636171750724
    ],
    [
      179.9466508771293,
      45.694318087771535,
      1.1942675515766348,
      0.1171538102289039,
      226.81177460844629,
      50.291636171750724
    ],
    [
      194.5041327457875,
      138.29607775248587,
      1.117051355105833,
      -0.43840195033350604,
      227.90701605239883,
      125.18666329141706
    ],
    [
      137.08295426366385,
      42.45932211726904,
      1.1954543669541569,
      0.10434968390098756,
      226.81177460844629,
      50.291636171750724
    ],
    [
      150.42731264326721,
      66.31741740182042,
      1.1744304249387665,
      -0.24640044029617375,
      226.81177460844629,
      50.291636171750724
    ],
    [
      141.53107372357044,
      154.066683110781,
      0.8858770663777706,
      0.8094577340824628,
      185.72858934721444,
      194.45154259819537
    ],
    [
      33.56308319733944,
      69.55241337325424,
      1.1940837741821593,
      -0.11901235328691676,
      226.81177460844629,
      50.291636171750724
    ],
    [
      228.87596493575256,
      9.300613416358829,
      -0.06035208473360679,
      1.1984813831963796,
      226.81177460844629,
      50.291636171750724
    ],
    [
      34.37183218996506,
      19.8143503209576,
      1.1852281085822785,
      0.18770809952283532,
      226.81177460844629,
      50.291636171750724
    ],
    [
      167.41104149015155,
      124.1429703803733,
      1.1998214553553452,
      0.020699644175234965,
      227.90701605239883,
      125.18666329141706
    ],
    [
      196.12163073115516,
      0.8087489930912852,
      0.6324876812974695,
      1.0197839638898774,
      226.81177460844629,
      50.291636171750724
    ],
    [
      232.91970989934634,
      103.51987106632441,
      -0.27048019780609717,
      1.169119524511833,
      227.90701605239883,
      125.18666329141706
    ],
    [
      48.92931405873969,
      31.13683621957898,
      1.1931026340419708,
      0.1284760858763645,
      226.81177460844629,
      50.291636171750724
    ],
    [
      228.47159043943975,
      122.52547239512205,
      -0.24903854410616752,
      1.1738738448187183,
      227.90701605239883,
      125.18666329141706
    ],
    [
      173.88103343173862,
      13.74873287603259,
      0.9875156488705347,
      0.6817718410405397,
      226.81177460844629,
      50.291636171750724
    ],
    [
      247.8815662644338,
      24.262469781562686,
      -0.755006738940479,
      0.9327190488858172,
      226.81177460844629,
      50.291636171750724
    ],
    [
      257.5865541768726,
      119.69485092069954,
      -1.1799697029395826,
      0.21833804099302775,
      227.90701605239883,
      125.18666329141706
    ],
    [
      155.27980659960303,
      236.96345486305654,
      0.6987484687878528,
      -0.9755770484009099,
      185.72858934721444,
      194.45154259819537
    ],
    [
      169.43291397194844,
      145.57481868751347,
      0.37954530364674016,
      1.1383959603229905,
      185.72858934721444,
      194.45154259819537
    ],
    [
      73.59615833626594,
      190.8647622782737,
      1.1993865697050174,
      0.03836478087036464,
      185.72858934721444,
      194.45154259819537
    ],
    [
      227.6628414466977,
      106.75486703775823,
      0.015895565211602517,
      1.1998947166341736,
      227.90701605239883,
      125.18666329141706
    ],
    [
      1.2131234890548512,
      220.38410051260144,
      1.188321149643427,
      -0.16701151250774146,
      185.72858934721444,
      194.45154259819537
    ],
    [
      255.1603071987629,
      237.36782935913652,
      -1.020747271756083,
      -0.6309318562273686,
      185.72858934721444,
      194.45154259819537
    ],
    [
