{
  "scene_id": "00_Zurich_HB_simplified_obstacle",
  "scene_index": 14,
  "scenario": "An info campaign hands out maps near the right corridor; brief participatory interactions occur before people move on.",
  "category": "Participatory",
  "crowd_size_label": "50-100",
  "crowd_size": 76,
  "ungrouped_agents": 45,
  "event_center_px": [
    479.3061335579587,
    330.31667710847876
  ],
  "event_center_m": [
    193.81917635642458,
    109.05305786896497
  ],
  "goal_location_raw": {
    "type": "gaussian_mixture_truncated_to_walkable",
    "components": [
      {
        "name": "SE_platforms",
        "weight": 0.4,
        "mean_px": [
          540,
          460
        ],
        "sigma_px": [
          18,
          16
        ],
        "support_radius_px": 50
      },
      {
        "name": "east_exit_gate",
        "weight": 0.3,
        "mean_px": [
          600,
          300
        ],
        "sigma_px": [
          20,
          18
        ],
        "support_radius_px": 55
      },
      {
        "name": "benches_south",
        "weight": 0.3,
        "mean_px": [
          420,
          520
        ],
        "sigma_px": [
          22,
          20
        ],
        "support_radius_px": 60
      }
    ]
  },
  "goals_px": [
    [
      582.7212113343946,
      459.08764142389487
    ],
    [
      564.1596501114661,
      282.35733649885896
    ],
    [
      418.3348834496694,
      531.0121668315985
    ]
  ],
  "goals_m": [
    [
      235.63759634760208,
      56.981364029459655
    ],
    [
      228.13177437649574,
      128.4465920738876
    ],
    [
      169.16395780188031,
      27.89692029170692
    ]
  ],
  "initial_state": [
    [
      60.251799956546165,
      19.00560132879764,
      1.1960210664942166,
      0.09764019921137376,
      169.16395780188031,
      27.89692029170692
    ],
    [
      148.40544016158674,
      136.67857976723462,
      1.1936539810513658,
      -0.12324842197864438,
      228.13177437649574,
      128.4465920738876
    ],
    [
      109.9898630080279,
      147.5966911688447,
      0.9732937678754587,
      -0.7019253816573328,
      235.63759634760208,
      56.981364029459655
    ],
    [
      4.852493956219405,
      224.02347098011523,
      1.1031783003425044,
      -0.4722262568445584,
      228.13177437649574,
      128.4465920738876
    ],
    [
      165.38916900835466,
      222.40597299393266,
      0.6663975453807753,
      -0.9979550648754069,
      228.13177437649574,
      128.4465920738876
    ],
    [
      156.08855559222866,
      129.80421332921833,
      1.1997869867387572,
      -0.022609432817589096,
      228.13177437649574,
      128.4465920738876
    ],
    [
      148.40544016158674,
      18.196852335706353,
      1.0871635478294,
      0.5080112402998499,
      169.16395780188031,
      27.89692029170692
    ],
    [
      46.9074415769428,
      38.41557715367526,
      1.1955830264590828,
      -0.10286509049692279,
      169.16395780188031,
      27.89692029170692
    ],
    [
      101.90237308095675,
      20.623099314048886,
      1.1930441001863146,
      0.12901850646565038,
      169.16395780188031,
      27.89692029170692
    ],
    [
      244.64657029358204,
      45.289943591691554,
      -0.7324481297743354,
      0.950536552264077,
      235.63759634760208,
      56.981364029459655
    ],
    [
      127.78234084753785,
      30.732461722567677,
      1.197192742321844,
      -0.08203375970844386,
      169.16395780188031,
      27.89692029170692
    ],
    [
      200.97412468749098,
      188.4385153008625,
      0.4948804620335815,
      -1.0932032419899917,
      228.13177437649574,
      128.4465920738876
    ],
    [
      81.68364826333709,
      3.2349959705024958,
      1.154981026655454,
      0.32560532561048977,
      169.16395780188031,
      27.89692029170692
    ],
    [
      140.7223247308284,
      240.60282533057034,
      0.7376581589414244,
      -0.9464990441343022,
      228.13177437649574,
      128.4465920738876
    ],
    [
      167.81541598646436,
      153.25793411768973,
      1.1097743356489802,
      -0.4565095003774449,
      228.13177437649574,
      128.4465920738876
    ],
    [
      149.6185636506416,
      42.05494762118906,
      0.9718250485848932,
      -0.7039574383036024,
      169.16395780188031,
      27.89692029170692
    ],
    [
      186.82101731502917,
      1.6174979852512479,
      -0.6692424439500745,
      0.9960494722732056,
      169.16395780188031,
      27.89692029170692
    ],
    [
      164.58042001572903,
      117.67297843843699,
      1.1831195277390594,
      0.20056964646352862,
      228.13177437649574,
      128.4465920738876
    ],
    [
      234.1328333884012,
      239.79407633747905,
      -0.06458012928718362,
      -1.1982609928146917,
      228.13177437649574,
      128.4465920738876
    ],
    [
      54.590557007701136,
      48.92931405920535,
      1.1802780094394336,
      -0.21666522663705876,
      169.16395780188031,
      27.89692029170692
    ],
    [
      164.98479451204184,
      12.535609386861324,
      0.31501922003434063,
      1.1579131621192307,
      169.16395780188031,
      27.89692029170692
    ],
    [
      162.96292203024495,
      165.38916900847107,
      1.0439334349155083,
      -0.5917795057836225,
      228.13177437649574,
      128.4465920738876
    ],
    [
      32.7543342045974,
      194.5041327457875,
      1.1367831550556529,
      -0.3843488758689364,
      228.13177437649574,
      128.4465920738876
    ],
    [
      37.606828160816804,
      33.967457694001496,
      1.1987244899440563,
      -0.05531362588334027,
      169.16395780188031,
      27.89692029170692
    ],
    [
      105.5417435481213,
      159.72792605962604,
      1.1627427281379497,
      -0.29669740167773306,
      228.13177437649574,
      128.4465920738876
    ],
    [
      165.38916900835466,
      230.8978374172002,
      0.6267107017303162,
      -1.023344368400342,
      228.13177437649574,
      128.4465920738876
    ],
    [
      64.69991941645276,
      177.9247783953324,
      1.148520172441322,
      -0.34770880560514383,
      228.13177437649574,
      128.4465920738876
    ],
    [
      182.372897855239,
      199.76100119855255,
      0.6480460650902006,
      -1.0099684636270119,
      228.13177437649574,
      128.4465920738876
    ],
    [
      1.6174979853676632,
      10.109362408518791,
      1.1932940389864057,
      0.1266859760175137,
      169.16395780188031,
      27.89692029170692
    ],
    [
      160.53667505213525,
      229.28033943194896,
      0.6681879857563903,
      -0.9967571498067208,
      228.13177437649574,
      128.4465920738876
    ],
    [
      113.22485897887964,
      173.88103343173862,
      1.1159325218411402,
      -0.44124211800016666,
      228.13177437649574,
      128.4465920738876
    ],
    [
      199.3566267020069,
      153.25793411768973,
      0.9088110373897809,
      -0.7836213998599773,
      228.13177437649574,
      128.4465920738876
    ],
    [
      30.732461722800508,
      31.945585211738944,
      1.1994871072121018,
      -0.03508104376930324,
      169.16395780188031,
      27.89692029170692
    ],
    [
      252.7340602206532,
      2.8306214744225144,
      -0.3612851850105789,
      1.1443220766427045,
      235.63759634760208,
      56.981364029459655
    ],
    [
      83.30114624870475,
      11.726860394701362,
      1.1792701619704435,
      0.22208531037915066,
      169.16395780188031,
      27.89692029170692
    ],
    [
      138.7004522490315,
      136.67857976723462,
      1.194948361728044,
      -0.10999278523368265,
      228.13177437649574,
      128.4465920738876
    ],
    [
      129.80421332933474,
      139.50920124165714,
      1.1924765573598315,
      -0.13416281208756814,
      228.13177437649574,
      128.4465920738876
    ],
    [
      24.26246978121344,
      21.43184830714017,
      1.198807373445728,
      0.05348720755614746,
