{
  "scene_id": "00_Zurich_HB_simplified_obstacle",
  "scene_index": 15,
  "scenario": "A heated argument erupts near a bottleneck on the right corridor at Zurich HB; some bystanders approach while others skirt around.",
  "category": "Aggressive",
  "crowd_size_label": "50-100",
  "crowd_size": 67,
  "ungrouped_agents": 33,
  "event_center_px": [
    484.6359323644849,
    312.6566050742727
  ],
  "event_center_m": [
    195.97441106440965,
    116.1943406034261
  ],
  "goal_location_raw": {
    "type": "gaussian_mixture_truncated_to_walkable",
    "components": [
      {
        "name": "onlookers_cluster_NE",
        "weight": 0.35,
        "mean_px": [
          470,
          260
        ],
        "sigma_px": [
          16,
          14
        ],
        "support_radius_px": 45
      },
      {
        "name": "avoid_to_SE_exit",
        "weight": 0.4,
        "mean_px": [
          600,
          560
        ],
        "sigma_px": [
          24,
          20
        ],
        "support_radius_px": 60
      },
      {
        "name": "avoid_to_west_edge",
        "weight": 0.25,
        "mean_px": [
          60,
          300
        ],
        "sigma_px": [
          26,
          22
        ],
        "support_radius_px": 70
      }
    ]
  },
  "goals_px": [
    [
      488.38789802396076,
      257.3035127973513
    ],
    [
      579.5473530972829,
      566.5073585608054
    ],
    [
      216.0,
      124.0
    ]
  ],
  "goals_m": [
    [
      197.49161028838716,
      138.5777194146067
    ],
    [
      234.354169021477,
      13.543570013716817
    ],
    [
      87.34489121229853,
      192.48226026445627
    ]
  ],
  "initial_state": [
    [
      231.7065864102915,
      77.63990329951048,
      0.04952533216551632,
      -1.1989775817228177,
      234.354169021477,
      13.543570013716817
    ],
    [
      249.49906424980145,
      46.50306708086282,
      -0.5901699035385691,
      1.0448442395674469,
      197.49161028838716,
      138.5777194146067
    ],
    [
      177.11602940259036,
      78.85302678868175,
      -0.7438990422206551,
      0.9416019408344442,
      87.34489121229853,
      192.48226026445627
    ],
    [
      46.09869258420076,
      195.71725623495877,
      1.1963260533758049,
      -0.09382949437288221,
      87.34489121229853,
      192.48226026445627
    ],
    [
      159.3235515630804,
      231.3022119142115,
      -1.0561840248639833,
      -0.5696273392509499,
      87.34489121229853,
      192.48226026445627
    ],
    [
      6.874366438016295,
      7.278740934096277,
      0.47820770993146366,
      1.1005986489915862,
      87.34489121229853,
      192.48226026445627
    ],
    [
      148.40544016158674,
      61.86929794214666,
      0.6467969461981947,
      1.0107688709040703,
      197.49161028838716,
      138.5777194146067
    ],
    [
      170.6460374610033,
      230.49346292112023,
      -1.0917126361619176,
      -0.498160134940961,
      87.34489121229853,
      192.48226026445627
    ],
    [
      150.42731264326721,
      151.2360616363585,
      1.1588180810742008,
      -0.311673956203444,
      197.49161028838716,
      138.5777194146067
    ],
    [
      147.1923166725319,
      141.12669922690839,
      1.1984621117635545,
      -0.06073357117148085,
      197.49161028838716,
      138.5777194146067
    ],
    [
      94.62363214662764,
      171.8591609504074,
      -0.39938414128016014,
      1.1315884003001748,
      87.34489121229853,
      192.48226026445627
    ],
    [
      182.372897855239,
      0.8087489930912852,
      1.1655323501361123,
      0.2855421874017755,
      234.354169021477,
      13.543570013716817
    ],
    [
      240.19845083367545,
      238.5809528483078,
      -0.47128857578389904,
      -1.1035792125332844,
      197.49161028838716,
      138.5777194146067
    ],
    [
      165.38916900835466,
      190.8647622782737,
      0.6278639732194802,
      -1.022637194283998,
      197.49161028838716,
      138.5777194146067
    ],
    [
      150.0229381469544,
      62.678046935237944,
      0.6363011507700124,
      1.01740888807242,
      197.49161028838716,
      138.5777194146067
    ],
    [
      67.12616639456246,
      22.240597299300134,
      1.1983804475618387,
      -0.06232417589897969,
      234.354169021477,
      13.543570013716817
    ],
    [
      176.30728040996473,
      66.31741740182042,
      0.33759182485689126,
      1.1515345239243997,
      197.49161028838716,
      138.5777194146067
    ],
    [
      109.18111401528586,
      11.726860394701362,
      1.199873633495189,
      0.017414466487743065,
      234.354169021477,
      13.543570013716817
    ],
    [
      62.273672438343056,
      175.90290591400117,
      1.0009371174676855,
      0.6619100292905983,
      87.34489121229853,
      192.48226026445627
    ],
    [
      222.8103474904783,
      5.661242948845029,
      0.991011486484037,
      0.6766803038782044,
      234.354169021477,
      13.543570013716817
    ],
    [
      81.68364826333709,
      192.88663476053625,
      1.1969504398010051,
      -0.0854964599277684,
      87.34489121229853,
      192.48226026445627
    ],
    [
      221.19284950511064,
      128.59108984004706,
      -1.105842927986391,
      0.46595216344865903,
      197.49161028838716,
      138.5777194146067
    ],
    [
      142.7441972126253,
      192.48226026445627,
      -1.2,
      0.0,
      87.34489121229853,
      192.48226026445627
    ],
    [
      250.3078132425435,
      35.989330175332725,
      -0.6952032098346949,
      -0.9781065877681927,
      234.354169021477,
      13.543570013716817
    ],
    [
      176.30728040996473,
      178.32915289141238,
      0.564364981923791,
      -1.059005272497809,
      197.49161028838716,
      138.5777194146067
    ],
    [
      161.3454240448773,
      146.38356767967343,
      1.1729609299356618,
      -0.253303487627919,
      197.49161028838716,
      138.5777194146067
    ],
    [
      48.524939562310465,
      52.16431002970785,
      0.3199691402672787,
      1.1565551215902417,
      87.34489121229853,
      192.48226026445627
    ],
    [
      135.06108178186696,
      12.535609386861324,
      1.1999381746200373,
      0.012181013485451964,
      234.354169021477,
      13.543570013716817
    ],
    [
      162.96292203024495,
      162.96292203012854,
      0.9802007697902402,
      -0.6922473914018169,
      197.49161028838716,
      138.5777194146067
    ],
    [
      219.57535151962657,
      164.5804200153798,
      -0.776799140573494,
      -0.9146491650924312,
      197.49161028838716,
      138.5777194146067
    ],
    [
      41.24619862798136,
      27.0930912559852,
      0.3221928780043486,
      1.1559376061722686,
      87.34489121229853,
      192.48226026445627
    ],
    [
      152.85355962137692,
      42.45932211726904,
      1.1309299948364624,
      -0.4012447467309685,
      234.354169021477,
      13.543570013716817
    ],
    [
      62.67804693477228,
      24.666844277642667,
      0.17451042737139935,
      1.1872430714637385,
      87.34489121229853,
      192.48226026445627
    ],
    [
      198.14350321295206,
      212.29661058541387,
      -0.010611132545043554,
      -1.1999530840270844,
      197.49161028838716,
      138.5777194146067
    ],
    [
      246.2640682789497,
      160.536675051786,
      -1.0942104990913564,
      -0.4926493516470358,
      197.49161028838716,
      138.5777194146067
    ],
    [
      122.52547239500564,
      186.41664281859994,
      -1.1825521388900546,
      0.2038882998275212,
      87.34489121229853,
      192.48226026445627
    ],
    [
      188.03414080420043,
      128.59108984004706,
      0.8251304273961007,
      0.8712977549524205,
      197.49161028838716,
      138.5777194146067
    ],
    [
      230.08908842480741,
      93.00613416172564,
      -0.6981429314461701,
      0.9760104749805443,
      197.49161028838716,
      138.5777194146067
    ],
    [
