{
  "scene_id": "00_Zurich_HB_simplified_obstacle",
  "scene_index": 16,
  "scenario": "A minor scuffle near a ticket machine causes brief crowding; station staff intervene as nearby travelers re-route.",
  "category": "Aggressive",
  "crowd_size_label": "50-100",
  "crowd_size": 77,
  "ungrouped_agents": 37,
  "event_center_px": [
    560.7029190622488,
    333.5746921805754
  ],
  "event_center_m": [
    226.73396049940493,
    107.73559966497123
  ],
  "goal_location_raw": {
    "type": "gaussian_mixture_truncated_to_walkable",
    "components": [
      {
        "name": "staff_response_point",
        "weight": 0.35,
        "mean_px": [
          500,
          300
        ],
        "sigma_px": [
          16,
          14
        ],
        "support_radius_px": 45
      },
      {
        "name": "divert_to_north_concourse",
        "weight": 0.3,
        "mean_px": [
          440,
          100
        ],
        "sigma_px": [
          18,
          16
        ],
        "support_radius_px": 50
      },
      {
        "name": "divert_to_SE_exit",
        "weight": 0.35,
        "mean_px": [
          600,
          560
        ],
        "sigma_px": [
          22,
          18
        ],
        "support_radius_px": 60
      }
    ]
  },
  "goals_px": [
    [
      480.8371553935032,
      272.6257438731884
    ],
    [
      434.20665241957573,
      97.17914051562097
    ],
    [
      563.3912067232411,
      553.3950897504245
    ]
  ],
  "goals_m": [
    [
      194.43828254006803,
      132.38179994001985
    ],
    [
      175.58209638530388,
      203.3279318101704
    ],
    [
      227.8210354683688,
      18.845837109722197
    ]
  ],
  "initial_state": [
    [
      152.0448106287513,
      151.2360616363585,
      1.0964517391798962,
      -0.4876408346820237,
      194.43828254006803,
      132.38179994001985
    ],
    [
      175.9029059135355,
      97.0498791243881,
      0.6637105235070573,
      -0.9997441377602512,
      227.8210354683688,
      18.845837109722197
    ],
    [
      180.7553998697549,
      48.92931405920535,
      -0.040184831184150706,
      1.1993269693218362,
      175.58209638530388,
      203.3279318101704
    ],
    [
      191.26913677493576,
      90.1755126863718,
      0.08985152627449305,
      1.196631398228437,
      194.43828254006803,
      132.38179994001985
    ],
    [
      10.51373690518085,
      41.24619862809777,
      1.075238783011668,
      0.5327865984684551,
      194.43828254006803,
      132.38179994001985
    ],
    [
      203.8047461619135,
      200.56975019164383,
      -1.194310108773817,
      0.11671916758044903,
      175.58209638530388,
      203.3279318101704
    ],
    [
      235.34595687745605,
      155.27980659995228,
      -1.0471194980889313,
      -0.58612349954765,
      194.43828254006803,
      132.38179994001985
    ],
    [
      185.2035193296615,
      87.34489121194929,
      0.24104337478713367,
      1.1755416162225945,
      194.43828254006803,
      132.38179994001985
    ],
    [
      205.42224414728116,
      190.05601328611374,
      -1.0964424865948301,
      0.4876616384233495,
      175.58209638530388,
      203.3279318101704
    ],
    [
      32.34995970828459,
      25.07121877372265,
      1.000587232144783,
      0.6624388204723827,
      194.43828254006803,
      132.38179994001985
    ],
    [
      124.54734487668611,
      150.02293814718723,
      1.1635083630197798,
      -0.29368059040909156,
      194.43828254006803,
      132.38179994001985
    ],
    [
      50.14243754779454,
      52.56868452578783,
      1.0500720371863028,
      0.5808172834200167,
      194.43828254006803,
      132.38179994001985
    ],
    [
      188.84288979682606,
      188.4385153008625,
      -0.7981021855648215,
      0.8961210305514847,
      175.58209638530388,
      203.3279318101704
    ],
    [
      68.74366438004654,
      44.48119459860027,
      0.9833929293705077,
      0.6877051304622438,
      194.43828254006803,
      132.38179994001985
    ],
    [
      150.42731264326721,
      192.07788576744497,
      1.0954372475145457,
      0.48991554043299723,
      175.58209638530388,
      203.3279318101704
    ],
    [
      188.03414080420043,
      104.3286200594157,
      0.26707215081295993,
      1.169902759318115,
      194.43828254006803,
      132.38179994001985
    ],
    [
      164.1760455192998,
      90.57988718338311,
      0.7036880031270084,
      0.9720201614447733,
      194.43828254006803,
      132.38179994001985
    ],
    [
      59.84742546023335,
      177.52040389925241,
      1.1712340445967655,
      0.2611719984560018,
      175.58209638530388,
      203.3279318101704
    ],
    [
      185.2035193296615,
      224.42784547619522,
      -0.4978734659537625,
      -1.0918434008131328,
      175.58209638530388,
      203.3279318101704
    ],
    [
      178.73352738807444,
      25.475593270733953,
      1.1892027797720643,
      -0.16061366250227613,
      227.8210354683688,
      18.845837109722197
    ],
    [
      134.25233278924134,
      4.852493956685066,
      1.1868015882777543,
      0.1774879997673061,
      227.8210354683688,
      18.845837109722197
    ],
    [
      60.65617445297539,
      50.1424375474453,
      1.0222903146755018,
      0.6284286057466381,
      194.43828254006803,
      132.38179994001985
    ],
    [
      23.858095284784213,
      32.75433420483023,
      1.0362110369173163,
      0.6051997083366285,
      194.43828254006803,
      132.38179994001985
    ],
    [
      199.76100119843613,
      107.96799052599818,
      -0.2556202969578613,
      1.1724582140883208,
      194.43828254006803,
      132.38179994001985
    ],
    [
      108.37236502266023,
      150.8316871393472,
      0.9457067775606055,
      0.7386736023954931,
      175.58209638530388,
      203.3279318101704
    ],
    [
      132.63483480375726,
      18.196852335706353,
      1.1999721094460476,
      0.008181476126126005,
      227.8210354683688,
      18.845837109722197
    ],
    [
      149.21418915421236,
      241.81594881881028,
      0.6782162571093987,
      -0.9899609631659816,
      175.58209638530388,
      203.3279318101704
    ],
    [
      83.30114624870475,
      34.37183219008148,
      1.1931344502121584,
      -0.12818027819025343,
      227.8210354683688,
      18.845837109722197
    ],
    [
      211.0834870962426,
      2.426246978342533,
      0.8566256576856867,
      0.8403525942094572,
      227.8210354683688,
      18.845837109722197
    ],
    [
      229.2803394321818,
      88.55801470112056,
      -0.746794952315383,
      0.9393068184551119,
      194.43828254006803,
      132.38179994001985
    ],
    [
      255.96905619150493,
      88.96238919813186,
      -0.980467101099944,
      0.6918701205144449,
      194.43828254006803,
      132.38179994001985
    ],
    [
      147.1923166725319,
      172.66790994256735,
      0.8153030985586132,
      0.880500344963433,
      175.58209638530388,
      203.3279318101704
    ],
    [
      57.82555297843646,
      31.13683621957898,
      0.9640986540169312,
      0.7145024739794409,
      194.43828254006803,
      132.38179994001985
    ],
    [
      145.170444190735,
      23.4537207884714,
      1.1981394070797973,
      -0.06679791315955488,
      227.8210354683688,
      18.845837109722197
    ],
    [
      158.51480257033836,
      215.53160655591637,
      0.9761351311505185,
      -0.6979686280440976,
      175.58209638530388,
      203.3279318101704
    ],
    [
      161.3454240448773,
      163.77167102321982,
      0.40637285789263883,
      1.1290974715976336,
      175.58209638530388,
      203.3279318101704
    ],
    [
      157.3016790812835,
      55.399306000210345,
      1.0653802737874707,
      -0.5522362467500063,
      227.8210354683688,
      18.845837109722197
    ],
    [
      171.4547864536289,
      224.8322199722752,
      0.22618719677241278,
      -1.178490285075035,
