{
  "scene_id": "00_Zurich_HB_simplified_obstacle",
  "scene_index": 18,
  "scenario": "A small climate protest forms a line with signs in the right corridor of Zurich HB and marches slowly toward the southeast exit.",
  "category": "Demonstrator",
  "crowd_size_label": "50-100",
  "crowd_size": 59,
  "ungrouped_agents": 25,
  "event_center_px": [
    486.0484519731506,
    319.45024867418863
  ],
  "event_center_m": [
    196.5455979697872,
    113.44716439489275
  ],
  "goal_location_raw": {
    "type": "gaussian_mixture_truncated_to_walkable",
    "components": [
      {
        "name": "march_route_step_1",
        "weight": 0.3,
        "mean_px": [
          540,
          360
        ],
        "sigma_px": [
          18,
          16
        ],
        "support_radius_px": 50
      },
      {
        "name": "march_route_step_2",
        "weight": 0.3,
        "mean_px": [
          560,
          440
        ],
        "sigma_px": [
          18,
          16
        ],
        "support_radius_px": 50
      },
      {
        "name": "final_rally_SE_exit_area",
        "weight": 0.4,
        "mean_px": [
          600,
          560
        ],
        "sigma_px": [
          22,
          18
        ],
        "support_radius_px": 60
      }
    ]
  },
  "goals_px": [
    [
      549.3210844138308,
      344.45120644929415
    ],
    [
      588.7764820166807,
      444.17674807026344
    ],
    [
      636.6204326656704,
      561.2967504602141
    ]
  ],
  "goals_m": [
    [
      222.13143684586976,
      103.33741468563676
    ],
    [
      238.08619337994605,
      63.01094901934266
    ],
    [
      257.43306682724506,
      15.650607040151954
    ]
  ],
  "initial_state": [
    [
      126.97359185479581,
      154.87543210294098,
      1.055177364045616,
      -0.5714899215259579,
      222.13143684586976,
      103.33741468563676
    ],
    [
      151.64043613232207,
      25.879967766813934,
      1.1025912994599572,
      0.4735952136109517,
      238.08619337994605,
      63.01094901934266
    ],
    [
      239.3897018409334,
      27.49746575206518,
      1.00310699825011,
      -0.6586169980054067,
      257.43306682724506,
      15.650607040151954
    ],
    [
      208.2528656218201,
      7.278740934096277,
      1.1829823476020422,
      0.2013771716505147,
      257.43306682724506,
      15.650607040151954
    ],
    [
      193.69538375304546,
      236.55908036697656,
      0.2504961813921861,
      -1.1735636595890029,
      222.13143684586976,
      103.33741468563676
    ],
    [
      25.071218773839064,
      29.923712730407715,
      1.1245001975515934,
      0.41892637265565846,
      222.13143684586976,
      103.33741468563676
    ],
    [
      157.70605357771274,
      149.61856365110725,
      0.9745947441586675,
      -0.7001179076829139,
      222.13143684586976,
      103.33741468563676
    ],
    [
      84.5142697377596,
      194.90850724186748,
      0.9990419175043935,
      -0.6647670622625226,
      222.13143684586976,
      103.33741468563676
    ],
    [
      196.5260052275844,
      86.13176772370934,
      0.9960235482398176,
      0.6692810256923197,
      222.13143684586976,
      103.33741468563676
    ],
    [
      185.60789382597432,
      65.50866840966046,
      1.198643118445401,
      -0.05704975550766457,
      238.08619337994605,
      63.01094901934266
    ],
    [
      70.76553686172701,
      185.60789382643998,
      1.0543306987034557,
      -0.5730504146857262,
      222.13143684586976,
      103.33741468563676
    ],
    [
      185.2035193296615,
      60.65617445297539,
      1.198812105516138,
      0.05338104221504295,
      238.08619337994605,
      63.01094901934266
    ],
    [
      98.2630026137922,
      157.3016790812835,
      1.1001316546696722,
      -0.4792810682613794,
      222.13143684586976,
      103.33741468563676
    ],
    [
      243.4334468045272,
      17.792477839626372,
      1.1861973778615955,
      -0.18148217751138865,
      257.43306682724506,
      15.650607040151954
    ],
    [
      53.377433518646285,
      180.35102537367493,
      1.0916897745661396,
      -0.4982102328412485,
      222.13143684586976,
      103.33741468563676
    ],
    [
      222.4059729941655,
      105.13736905157566,
      -0.1809362289305411,
      -1.1862807766546648,
      222.13143684586976,
      103.33741468563676
    ],
    [
      120.90797440952156,
      18.196852335706353,
      1.1208281843857315,
      0.42865391761488003,
      238.08619337994605,
      63.01094901934266
    ],
    [
      141.93544821988326,
      53.7818080149591,
      1.02082787502946,
      0.6308014343379674,
      222.13143684586976,
      103.33741468563676
    ],
    [
      185.2035193296615,
      157.7060535773635,
      0.6742381031661099,
      -0.9926746598150706,
      222.13143684586976,
      103.33741468563676
    ],
    [
      188.84288979682606,
      120.5035999128595,
      1.0665405940985444,
      -0.5499919646139604,
      222.13143684586976,
      103.33741468563676
    ],
    [
      113.22485897887964,
      189.65163879003376,
      0.9404492398714261,
      -0.745355772249237,
      222.13143684586976,
      103.33741468563676
    ],
    [
      86.5361422195565,
      12.939983882941306,
      1.1394212962291759,
      0.37645598640402106,
      238.08619337994605,
      63.01094901934266
    ],
    [
      167.81541598646436,
      232.91970989946276,
      0.46389084709159145,
      -1.1067092129302285,
      222.13143684586976,
      103.33741468563676
    ],
    [
      161.3454240448773,
      85.32301873061806,
      1.1505385263100383,
      0.34097081909794763,
      222.13143684586976,
      103.33741468563676
    ],
    [
      188.84288979682606,
      23.4537207884714,
      0.9355339328367317,
      0.751515974887452,
      238.08619337994605,
      63.01094901934266
    ],
    [
      113.62923347519245,
      241.81594881881028,
      0.7401099872045277,
      -0.9445830862555785,
      222.13143684586976,
      103.33741468563676
    ],
    [
      190.86476227862295,
      202.18724817689508,
      0.3618937134124847,
      -1.1441297741919498,
      222.13143684586976,
      103.33741468563676
    ],
    [
      255.1603071987629,
      124.54734487645328,
      -1.0097327061553045,
      -0.6484133420282815,
      222.13143684586976,
      103.33741468563676
    ],
    [
      177.52040389901958,
      66.31741740182042,
      0.9234503139874802,
      0.7663155470146904,
      222.13143684586976,
      103.33741468563676
    ],
    [
      133.8479582928121,
      174.2854079278186,
      0.9353801345283874,
      -0.7517073924936853,
      222.13143684586976,
      103.33741468563676
    ],
    [
      94.62363214662764,
      166.19791800156236,
      1.0763121985300659,
      -0.5306147861635369,
      222.13143684586976,
      103.33741468563676
    ],
    [
      165.38916900835466,
      83.70552074536681,
      1.1340429557218312,
      0.3923602612111637,
      222.13143684586976,
      103.33741468563676
    ],
    [
      31.541210715542547,
      30.328087226487696,
      1.1205940749159922,
      0.4292655579745149,
      222.13143684586976,
      103.33741468563676
    ],
    [
      171.4547864536289,
      208.2528656218201,
      0.521931170007309,
      -1.0805497923625738,
      222.13143684586976,
      103.33741468563676
    ],
    [
      143.55294620536733,
      43.268071109429,
      1.1746561523082095,
      0.2453220818525562,
      238.08619337994605,
      63.01094901934266
    ],
    [
      131.82608581113163,
      173.88103343173862,
      0.9456670285647225,
      -0.7387244892959542,
      222.13143684586976,
      103.33741468563676
    ],
    [
      215.1272320598364,
      166.60229249764234,
      0.1320480414701387,
      -1.1927125868137305,
      222.13143684586976,
      103.33741468563676
    ],
    [
      169.83728846826125,
      42.05494762118906,
      1.1471408925052682,
