{
  "scene_id": "00_Zurich_HB_simplified_obstacle",
  "scene_index": 25,
  "scenario": "A crowd bunches densely near ticket machines on the right corridor while lines snake toward service windows.",
  "category": "Dense",
  "crowd_size_label": "50-100",
  "crowd_size": 57,
  "ungrouped_agents": 25,
  "event_center_px": [
    557.1887605419538,
    384.10038790646183
  ],
  "event_center_m": [
    225.3129244176671,
    87.3042969033122
  ],
  "goal_location_raw": {
    "type": "gaussian_mixture_truncated_to_walkable",
    "components": [
      {
        "name": "service_window_1",
        "weight": 0.35,
        "mean_px": [
          500,
          300
        ],
        "sigma_px": [
          18,
          16
        ],
        "support_radius_px": 50
      },
      {
        "name": "service_window_2",
        "weight": 0.3,
        "mean_px": [
          470,
          260
        ],
        "sigma_px": [
          18,
          16
        ],
        "support_radius_px": 50
      },
      {
        "name": "overflow_line_SE",
        "weight": 0.35,
        "mean_px": [
          560,
          440
        ],
        "sigma_px": [
          20,
          18
        ],
        "support_radius_px": 55
      }
    ]
  },
  "goals_px": [
    [
      475.33984481912205,
      265.8940667525242
    ],
    [
      469.4913204156708,
      281.3556870361047
    ],
    [
      570.9088590636551,
      439.6040355435662
    ]
  ],
  "goals_m": [
    [
      192.21531034528743,
      135.10391848534346
    ],
    [
      189.85031623521354,
      128.8516335710883
    ],
    [
      230.8609823472798,
      64.86003734450787
    ]
  ],
  "initial_state": [
    [
      67.12616639456246,
      239.79407633747905,
      0.9202382372843517,
      -0.7701698427228819,
      192.21531034528743,
      135.10391848534346
    ],
    [
      152.85355962137692,
      35.18058118317276,
      1.1215652994590946,
      0.4267215474395819,
      230.8609823472798,
      64.86003734450787
    ],
    [
      198.54787770926487,
      201.78287367988378,
      -0.14210147676462334,
      -1.1915566164900908,
      189.85031623521354,
      128.8516335710883
    ],
    [
      227.6628414466977,
      118.88610192760825,
      -1.0912153093195593,
      0.49924858408073486,
      192.21531034528743,
      135.10391848534346
    ],
    [
      237.77220385556575,
      48.12056506611407,
      -0.4579475549357698,
      1.1091816969858228,
      230.8609823472798,
      64.86003734450787
    ],
    [
      158.51480257033836,
      59.038676467724144,
      1.1961339596166165,
      0.09624734101197015,
      230.8609823472798,
      64.86003734450787
    ],
    [
      121.7167234022636,
      19.40997582487762,
      1.1077885431551464,
      0.4613074285703604,
      230.8609823472798,
      64.86003734450787
    ],
    [
      108.77673951897305,
      16.174979854375124,
      1.1146393777407773,
      0.444498658703998,
      230.8609823472798,
      64.86003734450787
    ],
    [
      197.73912871663924,
      37.20245366450399,
      0.9210986454654969,
      0.769140614791357,
      230.8609823472798,
      64.86003734450787
    ],
    [
      41.650573124410585,
      17.792477839626372,
      0.960281873732702,
      0.7196240150109016,
      189.85031623521354,
      128.8516335710883
    ],
    [
      193.29100925673265,
      118.07735293544829,
      -0.36504972041427514,
      1.1431267215954053,
      189.85031623521354,
      128.8516335710883
    ],
    [
      174.28540792816784,
      113.22485897876322,
      0.8468434819104118,
      0.8502094548673581,
      189.85031623521354,
      128.8516335710883
    ],
    [
      143.1485717089381,
      168.2197904828936,
      0.9946576682229431,
      -0.6713092603601543,
      192.21531034528743,
      135.10391848534346
    ],
    [
      31.541210715542547,
      194.09975824970752,
      1.126465645601425,
      -0.41361231761126815,
      192.21531034528743,
      135.10391848534346
    ],
    [
      164.1760455192998,
      12.131234890781343,
      0.9412906200128388,
      0.7442929320340518,
      230.8609823472798,
      64.86003734450787
    ],
    [
      160.13230055582244,
      14.153107372112572,
      0.9752627520334564,
      0.6991870740339304,
      230.8609823472798,
      64.86003734450787
    ],
    [
      91.3886361757759,
      10.109362408518791,
      1.1170163208222756,
      0.43849120745650866,
      230.8609823472798,
      64.86003734450787
    ],
    [
      75.21365632163361,
      6.874366438016295,
      1.1244999270822649,
      0.4189270986603529,
      230.8609823472798,
      64.86003734450787
    ],
    [
      38.41557715355884,
      9.300613416358829,
      0.9418675500277796,
      0.7435627197517828,
      189.85031623521354,
      128.8516335710883
    ],
    [
      126.97359185479581,
      158.91917706653476,
      1.1272462966048236,
      -0.4114799956142579,
      192.21531034528743,
      135.10391848534346
    ],
    [
      167.81541598646436,
      74.80928182508796,
      0.4530674204737465,
      1.1111840137912645,
      189.85031623521354,
      128.8516335710883
    ],
    [
      178.3291528916452,
      60.25179995689541,
      1.1954093078689425,
      0.10486461109590635,
      230.8609823472798,
      64.86003734450787
    ],
    [
      197.33475422021002,
      88.15364020504057,
      0.9854855604442294,
      -0.6847030087241643,
      230.8609823472798,
      64.86003734450787
    ],
    [
      107.967990526231,
      16.174979854375124,
      1.115643889024639,
      0.4419713937371722,
      230.8609823472798,
      64.86003734450787
    ],
    [
      223.61909648322035,
      107.15924153383821,
      -1.0096332028687882,
      0.648568266002055,
      189.85031623521354,
      128.8516335710883
    ],
    [
      6.4699919417034835,
      72.38303484767675,
      1.1468576411869398,
      0.3531537212760593,
      189.85031623521354,
      128.8516335710883
    ],
    [
      176.71165490627754,
      209.87036360707134,
      0.24365018763714363,
      -1.1750040791692533,
      192.21531034528743,
      135.10391848534346
    ],
    [
      125.35609386942815,
      166.19791800156236,
      1.0880859349622938,
      -0.506032605804439,
      192.21531034528743,
      135.10391848534346
    ],
    [
      94.62363214662764,
      160.9410495487973,
      1.137170036395035,
      -0.38320269874482243,
      189.85031623521354,
      128.8516335710883
    ],
    [
      120.09922541689593,
      189.65163879003376,
      0.9570575920366483,
      -0.7239066000010033,
      192.21531034528743,
      135.10391848534346
    ],
    [
      39.628700642613694,
      17.792477839626372,
      0.9649321866082358,
      0.7133763910078947,
      189.85031623521354,
      128.8516335710883
    ],
    [
      168.2197904828936,
      88.55801470112056,
      0.5675759977253841,
      1.0572877975300927,
      189.85031623521354,
      128.8516335710883
    ],
    [
      192.0778857676778,
      163.77167102321982,
      0.005752372746113721,
      -1.1999862125073728,
      192.21531034528743,
      135.10391848534346
    ],
    [
      0.40437449631281197,
      40.43744963500649,
      1.0874063988579628,
      0.5074912055619849,
      189.85031623521354,
      128.8516335710883
    ],
    [
      255.96905619150493,
      241.4115743227303,
      -0.6171753158316283,
      -1.0291232334021663,
      192.21531034528743,
      135.10391848534346
    ],
    [
      72.38303484721109,
      26.688716758973897,
      0.9054600028770796,
      0.787491068641314,
      189.85031623521354,
      128.8516335710883
    ],
    [
      242.22032331547234,
      38.01120265759528,
      -0.46757562099623745,
      1.1051574723314241,
      230.8609823472798,
      64.86003734450787
    ],
    [
      100.28487509558909,
      19.40997582487762,
      1.1333091824545456,
      0.39447471017063895,
      230.8609823472798,
