{
  "scene_id": "00_Zurich_HB_simplified_obstacle",
  "scene_index": 30,
  "scenario": "A small mob vandalizes property outside Zurich HB, creating a violent crowd and forcing bystanders to keep distance.",
  "category": "Violent",
  "crowd_size_label": "50-100",
  "crowd_size": 54,
  "ungrouped_agents": 26,
  "event_center_px": [
    566.9152056885293,
    457.4995504037275
  ],
  "event_center_m": [
    229.24605077516753,
    57.62354753538966
  ],
  "goal_location_raw": {
    "type": "gaussian_mixture_truncated_to_walkable",
    "components": [
      {
        "name": "target_area",
        "weight": 0.5,
        "mean_px": [
          600,
          520
        ],
        "sigma_px": [
          22,
          18
        ],
        "support_radius_px": 60
      },
      {
        "name": "spread_zone",
        "weight": 0.3,
        "mean_px": [
          560,
          320
        ],
        "sigma_px": [
          22,
          18
        ],
        "support_radius_px": 60
      },
      {
        "name": "retreat_path",
        "weight": 0.2,
        "mean_px": [
          480,
          280
        ],
        "sigma_px": [
          22,
          18
        ],
        "support_radius_px": 60
      }
    ],
    "px_to_m": 0.471400264733
  },
  "goals_px": [
    [
      497.0993954085723,
      443.47885494986866
    ]
  ],
  "goals_m": [
    [
      201.01431765570305,
      63.29315919801593
    ]
  ],
  "initial_state": [
    [
      185.60789382597432,
      8.087489927187562,
      0.2688020521192749,
      0.9631954405916104,
      201.01431765570305,
      63.29315919801593
    ],
    [
      234.94158238114323,
      92.60175966471434,
      -0.7567371498471114,
      -0.6537192715847303,
      201.01431765570305,
      63.29315919801593
    ],
    [
      186.82101731502917,
      99.07175160665065,
      0.36874330561692664,
      -0.9295312660490243,
      201.01431765570305,
      63.29315919801593
    ],
    [
      142.7441972126253,
      137.8917032564059,
      0.6155784896903659,
      -0.7880755820544929,
      201.01431765570305,
      63.29315919801593
    ],
    [
      3.6393704671645537,
      196.52600522805005,
      0.8288394112883385,
      -0.5594865774039629,
      201.01431765570305,
      63.29315919801593
    ],
    [
      147.1923166725319,
      143.14857170917094,
      0.5588991417720912,
      -0.8292356416160729,
      201.01431765570305,
      63.29315919801593
    ],
    [
      211.48786159267183,
      153.66230861470103,
      -0.11512671592386758,
      -0.993350813801743,
      201.01431765570305,
      63.29315919801593
    ],
    [
      198.9522522056941,
      129.80421332921833,
      0.03098845980170616,
      -0.9995197423558567,
      201.01431765570305,
      63.29315919801593
    ],
    [
      16.983728846767917,
      44.48119459860027,
      0.9948159293899482,
      0.10169201852659542,
      201.01431765570305,
      63.29315919801593
    ],
    [
      224.02347097953316,
      115.65110595710576,
      -0.4023233650739754,
      -0.9154976296613513,
      201.01431765570305,
      63.29315919801593
    ],
    [
      231.30221191386227,
      6.469991941936314,
      -0.47037306469425094,
      0.8824676651357477,
      201.01431765570305,
      63.29315919801593
    ],
    [
      144.76606969442219,
      162.15417303796858,
      0.4945225229843225,
      -0.8691648142102971,
      201.01431765570305,
      63.29315919801593
    ],
    [
      31.136836219229735,
      24.262469781562686,
      0.974606708257701,
      0.2239235678062681,
      201.01431765570305,
      63.29315919801593
    ],
    [
      44.88556909514591,
      191.673511271365,
      0.77240649339753,
      -0.6351284979886602,
      201.01431765570305,
      63.29315919801593
    ],
    [
      167.41104149015155,
      15.366230861283839,
      0.5740862264032232,
      0.8187948489420945,
      201.01431765570305,
      63.29315919801593
    ],
    [
      179.9466508771293,
      205.82661864347756,
      0.14621993890324797,
      -0.9892521061221605,
      201.01431765570305,
      63.29315919801593
    ],
    [
      145.97919318347704,
      54.59055700805038,
      0.9877274234044229,
      0.1561875060779831,
      201.01431765570305,
      63.29315919801593
    ],
    [
      15.770605357713066,
      31.945585211738944,
      0.9859820780476768,
      0.16685125641955756,
      201.01431765570305,
      63.29315919801593
    ],
    [
      147.5966911688447,
      138.70045224949718,
      0.5780470806688387,
      -0.81600341453344,
      201.01431765570305,
      63.29315919801593
    ],
    [
      83.70552074501757,
      10.109362408518791,
      0.9107707791306574,
      0.41291232469101125,
      201.01431765570305,
      63.29315919801593
    ],
    [
      174.68978242448065,
      222.40597299393266,
      0.16322686243167045,
      -0.9865885623605782,
      201.01431765570305,
      63.29315919801593
    ],
    [
      13.74873287603259,
      21.836222803220153,
      0.9763607931181277,
      0.21614717592821012,
      201.01431765570305,
      63.29315919801593
    ],
    [
      176.71165490627754,
      18.196852335706353,
      0.47440299849326883,
      0.880307784255368,
      201.01431765570305,
      63.29315919801593
    ],
    [
      168.6241649792064,
      162.15417303796858,
      0.3113484794589509,
      -0.9502958088609037,
      201.01431765570305,
      63.29315919801593
    ],
    [
      61.060548949288204,
      16.174979854375124,
      0.9477304655368715,
      0.31907203684006047,
      201.01431765570305,
      63.29315919801593
    ],
    [
      202.18724817654584,
      205.42224414739758,
      -0.008252291092393196,
      -0.9999659492661369,
      201.01431765570305,
      63.29315919801593
    ],
    [
      237.36782935925294,
      92.60175966471434,
      -0.7785045702217995,
      -0.6276389361279073,
      201.01431765570305,
      63.29315919801593
    ],
    [
      70.3611623654142,
      181.96852335892618,
      0.7402226570154853,
      -0.6723618207787645,
      201.01431765570305,
      63.29315919801593
    ],
    [
      131.82608581113163,
      13.34435837995261,
      0.8107931143658239,
      0.5853328332640907,
      201.01431765570305,
      63.29315919801593
    ],
    [
      173.4766589354258,
      66.31741740182042,
      0.9940235025139028,
      -0.10916627890513272,
      201.01431765570305,
      63.29315919801593
    ],
    [
      241.0071998264175,
      41.650573124177754,
      -0.879478164356472,
      0.4759392381598416,
      201.01431765570305,
      63.29315919801593
    ],
    [
      45.28994359157514,
      7.683115431107581,
      0.9417530289625061,
      0.33630526674428574,
      201.01431765570305,
      63.29315919801593
    ],
    [
      249.09468975348864,
      158.51480257045478,
      -0.45073158636824223,
      -0.8926595303081505,
      201.01431765570305,
      63.29315919801593
    ],
    [
      114.43798246793449,
      162.15417303796858,
      0.6588189502099413,
      -0.7523015292050594,
      201.01431765570305,
      63.29315919801593
    ],
    [
      196.12163073115516,
      176.71165490616113,
      0.04309826889306913,
      -0.9990708379381418,
      201.01431765570305,
      63.29315919801593
    ],
    [
      175.09415692079347,
      23.4537207884714,
      0.5453510507547494,
      0.838207749570887,
      201.01431765570305,
      63.29315919801593
    ],
    [
      2.0218724817968905,
      236.96345486305654,
      0.7534168515052657,
      -0.6575431908763807,
      201.01431765570305,
      63.29315919801593
    ],
    [
      219.17097702331375,
      152.04481062851846,
      -0.20042709516692875,
      -0.9797086197043215,
      201.01431765570305,
      63.29315919801593
    ],
    [
      156.8973045849707,
      223.21472198702395,
      0.2659330306596058,
      -0.9639915057738825,
      201.01431765570305,
      63.29315919801593
    ],
    [
